Location_ID,Sensing_DateTime,Direction_1,Direction_2,Total_of_Directions,Location_ID_Valid,Sensing_Date,Sensing_Time,Crows_Density
85,2026-08-08 09:34:00+10:00,3,0,3,True,2026-08-08,09:34:00,Low
18,2026-08-08 09:34:00+10:00,0,2,2,True,2026-08-08,09:34:00,Low
35,2026-08-08 09:34:00+10:00,17,7,24,True,2026-08-08,09:34:00,Low
67,2026-08-08 09:34:00+10:00,8,4,12,True,2026-08-08,09:34:00,Low
68,2026-08-08 09:34:00+10:00,3,4,7,True,2026-08-08,09:34:00,Low
69,2026-08-08 09:34:00+10:00,4,0,4,True,2026-08-08,09:34:00,Low
70,2026-08-08 09:34:00+10:00,1,4,5,True,2026-08-08,09:34:00,Low
62,2026-08-08 09:34:00+10:00,2,0,2,True,2026-08-08,09:34:00,Low
181,2026-08-08 09:33:00+10:00,5,2,7,True,2026-08-08,09:33:00,Low
209,2026-08-08 09:33:00+10:00,6,1,7,True,2026-08-08,09:33:00,Low
1,2026-08-08 09:33:00+10:00,3,9,12,True,2026-08-08,09:33:00,Low
10,2026-08-08 09:33:00+10:00,2,0,2,True,2026-08-08,09:33:00,Low
12,2026-08-08 09:33:00+10:00,6,3,9,True,2026-08-08,09:33:00,Low
17,2026-08-08 09:33:00+10:00,9,6,15,True,2026-08-08,09:33:00,Low
18,2026-08-08 09:33:00+10:00,3,0,3,True,2026-08-08,09:33:00,Low
62,2026-08-08 09:33:00+10:00,1,0,1,True,2026-08-08,09:33:00,Low
67,2026-08-08 09:33:00+10:00,4,5,9,True,2026-08-08,09:33:00,Low
86,2026-08-08 09:33:00+10:00,1,1,2,True,2026-08-08,09:33:00,Low
4,2026-08-08 09:33:00+10:00,5,9,14,True,2026-08-08,09:33:00,Low
69,2026-08-08 09:33:00+10:00,2,5,7,True,2026-08-08,09:33:00,Low
70,2026-08-08 09:33:00+10:00,3,0,3,True,2026-08-08,09:33:00,Low
87,2026-08-08 09:33:00+10:00,2,1,3,True,2026-08-08,09:33:00,Low
11,2026-08-08 09:33:00+10:00,0,2,2,True,2026-08-08,09:33:00,Low
53,2026-08-08 09:33:00+10:00,5,3,8,True,2026-08-08,09:33:00,Low
72,2026-08-08 09:33:00+10:00,1,0,1,True,2026-08-08,09:33:00,Low
76,2026-08-08 09:33:00+10:00,0,3,3,True,2026-08-08,09:33:00,Low
85,2026-08-08 09:33:00+10:00,1,2,3,True,2026-08-08,09:33:00,Low
3,2026-08-08 09:33:00+10:00,9,3,12,True,2026-08-08,09:33:00,Low
8,2026-08-08 09:33:00+10:00,2,5,7,True,2026-08-08,09:33:00,Low
29,2026-08-08 09:33:00+10:00,1,10,11,True,2026-08-08,09:33:00,Low
61,2026-08-08 09:33:00+10:00,1,7,8,True,2026-08-08,09:33:00,Low
66,2026-08-08 09:33:00+10:00,12,11,23,True,2026-08-08,09:33:00,Low
2,2026-08-08 09:33:00+10:00,2,9,11,True,2026-08-08,09:33:00,Low
9,2026-08-08 09:33:00+10:00,0,1,1,True,2026-08-08,09:33:00,Low
35,2026-08-08 09:33:00+10:00,18,5,23,True,2026-08-08,09:33:00,Low
63,2026-08-08 09:33:00+10:00,1,6,7,True,2026-08-08,09:33:00,Low
68,2026-08-08 09:33:00+10:00,2,5,7,True,2026-08-08,09:33:00,Low
79,2026-08-08 09:33:00+10:00,4,1,5,True,2026-08-08,09:33:00,Low
4,2026-08-08 09:32:00+10:00,10,4,14,True,2026-08-08,09:32:00,Low
6,2026-08-08 09:32:00+10:00,1,0,1,True,2026-08-08,09:32:00,Low
29,2026-08-08 09:32:00+10:00,3,1,4,True,2026-08-08,09:32:00,Low
61,2026-08-08 09:32:00+10:00,0,3,3,True,2026-08-08,09:32:00,Low
66,2026-08-08 09:32:00+10:00,3,1,4,True,2026-08-08,09:32:00,Low
87,2026-08-08 09:32:00+10:00,3,0,3,True,2026-08-08,09:32:00,Low
181,2026-08-08 09:32:00+10:00,3,7,10,True,2026-08-08,09:32:00,Low
209,2026-08-08 09:32:00+10:00,7,0,7,True,2026-08-08,09:32:00,Low
11,2026-08-08 09:32:00+10:00,2,2,4,True,2026-08-08,09:32:00,Low
12,2026-08-08 09:32:00+10:00,3,3,6,True,2026-08-08,09:32:00,Low
3,2026-08-08 09:32:00+10:00,3,5,8,True,2026-08-08,09:32:00,Low
69,2026-08-08 09:32:00+10:00,6,0,6,True,2026-08-08,09:32:00,Low
75,2026-08-08 09:32:00+10:00,0,1,1,True,2026-08-08,09:32:00,Low
1,2026-08-08 09:32:00+10:00,1,3,4,True,2026-08-08,09:32:00,Low
2,2026-08-08 09:32:00+10:00,6,5,11,True,2026-08-08,09:32:00,Low
9,2026-08-08 09:32:00+10:00,1,0,1,True,2026-08-08,09:32:00,Low
62,2026-08-08 09:32:00+10:00,2,1,3,True,2026-08-08,09:32:00,Low
63,2026-08-08 09:32:00+10:00,0,6,6,True,2026-08-08,09:32:00,Low
67,2026-08-08 09:32:00+10:00,5,5,10,True,2026-08-08,09:32:00,Low
85,2026-08-08 09:32:00+10:00,2,3,5,True,2026-08-08,09:32:00,Low
8,2026-08-08 09:32:00+10:00,1,0,1,True,2026-08-08,09:32:00,Low
39,2026-08-08 09:32:00+10:00,0,2,2,True,2026-08-08,09:32:00,Low
70,2026-08-08 09:32:00+10:00,1,1,2,True,2026-08-08,09:32:00,Low
10,2026-08-08 09:32:00+10:00,1,0,1,True,2026-08-08,09:32:00,Low
17,2026-08-08 09:32:00+10:00,1,1,2,True,2026-08-08,09:32:00,Low
18,2026-08-08 09:32:00+10:00,4,0,4,True,2026-08-08,09:32:00,Low
35,2026-08-08 09:32:00+10:00,9,10,19,True,2026-08-08,09:32:00,Low
53,2026-08-08 09:32:00+10:00,4,3,7,True,2026-08-08,09:32:00,Low
68,2026-08-08 09:32:00+10:00,5,3,8,True,2026-08-08,09:32:00,Low
72,2026-08-08 09:32:00+10:00,22,2,24,True,2026-08-08,09:32:00,Low
79,2026-08-08 09:32:00+10:00,2,4,6,True,2026-08-08,09:32:00,Low
86,2026-08-08 09:32:00+10:00,2,3,5,True,2026-08-08,09:32:00,Low
8,2026-08-08 09:31:00+10:00,2,2,4,True,2026-08-08,09:31:00,Low
209,2026-08-08 09:31:00+10:00,7,4,11,True,2026-08-08,09:31:00,Low
1,2026-08-08 09:31:00+10:00,0,5,5,True,2026-08-08,09:31:00,Low
2,2026-08-08 09:31:00+10:00,2,3,5,True,2026-08-08,09:31:00,Low
10,2026-08-08 09:31:00+10:00,1,0,1,True,2026-08-08,09:31:00,Low
11,2026-08-08 09:31:00+10:00,1,0,1,True,2026-08-08,09:31:00,Low
53,2026-08-08 09:31:00+10:00,5,0,5,True,2026-08-08,09:31:00,Low
85,2026-08-08 09:31:00+10:00,5,0,5,True,2026-08-08,09:31:00,Low
4,2026-08-08 09:31:00+10:00,10,1,11,True,2026-08-08,09:31:00,Low
39,2026-08-08 09:31:00+10:00,6,0,6,True,2026-08-08,09:31:00,Low
66,2026-08-08 09:31:00+10:00,4,5,9,True,2026-08-08,09:31:00,Low
69,2026-08-08 09:31:00+10:00,5,2,7,True,2026-08-08,09:31:00,Low
70,2026-08-08 09:31:00+10:00,1,2,3,True,2026-08-08,09:31:00,Low
181,2026-08-08 09:31:00+10:00,0,2,2,True,2026-08-08,09:31:00,Low
18,2026-08-08 09:31:00+10:00,0,1,1,True,2026-08-08,09:31:00,Low
63,2026-08-08 09:31:00+10:00,1,4,5,True,2026-08-08,09:31:00,Low
67,2026-08-08 09:31:00+10:00,5,0,5,True,2026-08-08,09:31:00,Low
68,2026-08-08 09:31:00+10:00,3,2,5,True,2026-08-08,09:31:00,Low
79,2026-08-08 09:31:00+10:00,2,2,4,True,2026-08-08,09:31:00,Low
3,2026-08-08 09:31:00+10:00,0,4,4,True,2026-08-08,09:31:00,Low
29,2026-08-08 09:31:00+10:00,1,1,2,True,2026-08-08,09:31:00,Low
61,2026-08-08 09:31:00+10:00,1,2,3,True,2026-08-08,09:31:00,Low
71,2026-08-08 09:31:00+10:00,0,2,2,True,2026-08-08,09:31:00,Low
75,2026-08-08 09:31:00+10:00,1,2,3,True,2026-08-08,09:31:00,Low
87,2026-08-08 09:31:00+10:00,0,2,2,True,2026-08-08,09:31:00,Low
12,2026-08-08 09:31:00+10:00,3,4,7,True,2026-08-08,09:31:00,Low
17,2026-08-08 09:31:00+10:00,1,0,1,True,2026-08-08,09:31:00,Low
35,2026-08-08 09:31:00+10:00,13,9,22,True,2026-08-08,09:31:00,Low
51,2026-08-08 09:31:00+10:00,0,1,1,True,2026-08-08,09:31:00,Low
62,2026-08-08 09:31:00+10:00,0,1,1,True,2026-08-08,09:31:00,Low
76,2026-08-08 09:31:00+10:00,2,1,3,True,2026-08-08,09:31:00,Low
86,2026-08-08 09:31:00+10:00,0,1,1,True,2026-08-08,09:31:00,Low
8,2026-08-08 09:30:00+10:00,6,1,7,True,2026-08-08,09:30:00,Low
29,2026-08-08 09:30:00+10:00,4,3,7,True,2026-08-08,09:30:00,Low
61,2026-08-08 09:30:00+10:00,0,8,8,True,2026-08-08,09:30:00,Low
87,2026-08-08 09:30:00+10:00,1,1,2,True,2026-08-08,09:30:00,Low
181,2026-08-08 09:30:00+10:00,1,6,7,True,2026-08-08,09:30:00,Low
209,2026-08-08 09:30:00+10:00,15,6,21,True,2026-08-08,09:30:00,Low
1,2026-08-08 09:30:00+10:00,6,13,19,True,2026-08-08,09:30:00,Low
17,2026-08-08 09:30:00+10:00,1,1,2,True,2026-08-08,09:30:00,Low
18,2026-08-08 09:30:00+10:00,0,2,2,True,2026-08-08,09:30:00,Low
79,2026-08-08 09:30:00+10:00,0,4,4,True,2026-08-08,09:30:00,Low
3,2026-08-08 09:30:00+10:00,3,2,5,True,2026-08-08,09:30:00,Low
40,2026-08-08 09:30:00+10:00,0,1,1,True,2026-08-08,09:30:00,Low
69,2026-08-08 09:30:00+10:00,0,2,2,True,2026-08-08,09:30:00,Low
70,2026-08-08 09:30:00+10:00,2,0,2,True,2026-08-08,09:30:00,Low
2,2026-08-08 09:30:00+10:00,7,4,11,True,2026-08-08,09:30:00,Low
11,2026-08-08 09:30:00+10:00,0,4,4,True,2026-08-08,09:30:00,Low
20,2026-08-08 09:30:00+10:00,0,1,1,True,2026-08-08,09:30:00,Low
35,2026-08-08 09:30:00+10:00,7,4,11,True,2026-08-08,09:30:00,Low
53,2026-08-08 09:30:00+10:00,3,7,10,True,2026-08-08,09:30:00,Low
62,2026-08-08 09:30:00+10:00,2,0,2,True,2026-08-08,09:30:00,Low
63,2026-08-08 09:30:00+10:00,1,3,4,True,2026-08-08,09:30:00,Low
67,2026-08-08 09:30:00+10:00,11,3,14,True,2026-08-08,09:30:00,Low
68,2026-08-08 09:30:00+10:00,0,2,2,True,2026-08-08,09:30:00,Low
86,2026-08-08 09:30:00+10:00,0,1,1,True,2026-08-08,09:30:00,Low
4,2026-08-08 09:30:00+10:00,7,8,15,True,2026-08-08,09:30:00,Low
39,2026-08-08 09:30:00+10:00,0,2,2,True,2026-08-08,09:30:00,Low
66,2026-08-08 09:30:00+10:00,4,4,8,True,2026-08-08,09:30:00,Low
9,2026-08-08 09:30:00+10:00,0,1,1,True,2026-08-08,09:30:00,Low
12,2026-08-08 09:30:00+10:00,1,3,4,True,2026-08-08,09:30:00,Low
72,2026-08-08 09:30:00+10:00,2,1,3,True,2026-08-08,09:30:00,Low
85,2026-08-08 09:30:00+10:00,2,1,3,True,2026-08-08,09:30:00,Low
3,2026-08-08 09:29:00+10:00,4,3,7,True,2026-08-08,09:29:00,Low
41,2026-08-08 09:29:00+10:00,18,7,25,True,2026-08-08,09:29:00,Low
87,2026-08-08 09:29:00+10:00,2,1,3,True,2026-08-08,09:29:00,Low
2,2026-08-08 09:29:00+10:00,1,1,2,True,2026-08-08,09:29:00,Low
12,2026-08-08 09:29:00+10:00,1,2,3,True,2026-08-08,09:29:00,Low
17,2026-08-08 09:29:00+10:00,2,1,3,True,2026-08-08,09:29:00,Low
20,2026-08-08 09:29:00+10:00,0,6,6,True,2026-08-08,09:29:00,Low
35,2026-08-08 09:29:00+10:00,6,7,13,True,2026-08-08,09:29:00,Low
67,2026-08-08 09:29:00+10:00,10,6,16,True,2026-08-08,09:29:00,Low
72,2026-08-08 09:29:00+10:00,1,1,2,True,2026-08-08,09:29:00,Low
86,2026-08-08 09:29:00+10:00,0,1,1,True,2026-08-08,09:29:00,Low
4,2026-08-08 09:29:00+10:00,10,10,20,True,2026-08-08,09:29:00,Low
6,2026-08-08 09:29:00+10:00,1,11,12,True,2026-08-08,09:29:00,Low
8,2026-08-08 09:29:00+10:00,1,2,3,True,2026-08-08,09:29:00,Low
29,2026-08-08 09:29:00+10:00,4,3,7,True,2026-08-08,09:29:00,Low
36,2026-08-08 09:29:00+10:00,2,1,3,True,2026-08-08,09:29:00,Low
39,2026-08-08 09:29:00+10:00,2,1,3,True,2026-08-08,09:29:00,Low
40,2026-08-08 09:29:00+10:00,0,1,1,True,2026-08-08,09:29:00,Low
66,2026-08-08 09:29:00+10:00,4,3,7,True,2026-08-08,09:29:00,Low
69,2026-08-08 09:29:00+10:00,1,3,4,True,2026-08-08,09:29:00,Low
209,2026-08-08 09:29:00+10:00,8,6,14,True,2026-08-08,09:29:00,Low
11,2026-08-08 09:29:00+10:00,1,0,1,True,2026-08-08,09:29:00,Low
24,2026-08-08 09:29:00+10:00,7,4,11,True,2026-08-08,09:29:00,Low
53,2026-08-08 09:29:00+10:00,9,4,13,True,2026-08-08,09:29:00,Low
63,2026-08-08 09:29:00+10:00,0,6,6,True,2026-08-08,09:29:00,Low
76,2026-08-08 09:29:00+10:00,1,0,1,True,2026-08-08,09:29:00,Low
85,2026-08-08 09:29:00+10:00,0,3,3,True,2026-08-08,09:29:00,Low
61,2026-08-08 09:29:00+10:00,5,2,7,True,2026-08-08,09:29:00,Low
70,2026-08-08 09:29:00+10:00,2,2,4,True,2026-08-08,09:29:00,Low
75,2026-08-08 09:29:00+10:00,1,0,1,True,2026-08-08,09:29:00,Low
181,2026-08-08 09:29:00+10:00,1,5,6,True,2026-08-08,09:29:00,Low
1,2026-08-08 09:29:00+10:00,1,4,5,True,2026-08-08,09:29:00,Low
9,2026-08-08 09:29:00+10:00,2,1,3,True,2026-08-08,09:29:00,Low
51,2026-08-08 09:29:00+10:00,1,1,2,True,2026-08-08,09:29:00,Low
68,2026-08-08 09:29:00+10:00,2,3,5,True,2026-08-08,09:29:00,Low
79,2026-08-08 09:29:00+10:00,5,2,7,True,2026-08-08,09:29:00,Low
3,2026-08-08 09:28:00+10:00,6,0,6,True,2026-08-08,09:28:00,Low
4,2026-08-08 09:28:00+10:00,11,1,12,True,2026-08-08,09:28:00,Low
6,2026-08-08 09:28:00+10:00,0,1,1,True,2026-08-08,09:28:00,Low
40,2026-08-08 09:28:00+10:00,1,0,1,True,2026-08-08,09:28:00,Low
181,2026-08-08 09:28:00+10:00,0,4,4,True,2026-08-08,09:28:00,Low
209,2026-08-08 09:28:00+10:00,9,1,10,True,2026-08-08,09:28:00,Low
1,2026-08-08 09:28:00+10:00,1,5,6,True,2026-08-08,09:28:00,Low
2,2026-08-08 09:28:00+10:00,1,4,5,True,2026-08-08,09:28:00,Low
11,2026-08-08 09:28:00+10:00,2,1,3,True,2026-08-08,09:28:00,Low
12,2026-08-08 09:28:00+10:00,1,3,4,True,2026-08-08,09:28:00,Low
24,2026-08-08 09:28:00+10:00,6,4,10,True,2026-08-08,09:28:00,Low
51,2026-08-08 09:28:00+10:00,1,4,5,True,2026-08-08,09:28:00,Low
68,2026-08-08 09:28:00+10:00,2,5,7,True,2026-08-08,09:28:00,Low
86,2026-08-08 09:28:00+10:00,1,0,1,True,2026-08-08,09:28:00,Low
29,2026-08-08 09:28:00+10:00,4,4,8,True,2026-08-08,09:28:00,Low
39,2026-08-08 09:28:00+10:00,0,2,2,True,2026-08-08,09:28:00,Low
61,2026-08-08 09:28:00+10:00,1,5,6,True,2026-08-08,09:28:00,Low
66,2026-08-08 09:28:00+10:00,4,8,12,True,2026-08-08,09:28:00,Low
69,2026-08-08 09:28:00+10:00,3,4,7,True,2026-08-08,09:28:00,Low
70,2026-08-08 09:28:00+10:00,0,1,1,True,2026-08-08,09:28:00,Low
87,2026-08-08 09:28:00+10:00,0,3,3,True,2026-08-08,09:28:00,Low
17,2026-08-08 09:28:00+10:00,3,2,5,True,2026-08-08,09:28:00,Low
63,2026-08-08 09:28:00+10:00,3,6,9,True,2026-08-08,09:28:00,Low
67,2026-08-08 09:28:00+10:00,6,11,17,True,2026-08-08,09:28:00,Low
85,2026-08-08 09:28:00+10:00,3,0,3,True,2026-08-08,09:28:00,Low
8,2026-08-08 09:28:00+10:00,1,0,1,True,2026-08-08,09:28:00,Low
36,2026-08-08 09:28:00+10:00,0,1,1,True,2026-08-08,09:28:00,Low
41,2026-08-08 09:28:00+10:00,13,6,19,True,2026-08-08,09:28:00,Low
75,2026-08-08 09:28:00+10:00,4,0,4,True,2026-08-08,09:28:00,Low
9,2026-08-08 09:28:00+10:00,0,2,2,True,2026-08-08,09:28:00,Low
18,2026-08-08 09:28:00+10:00,2,0,2,True,2026-08-08,09:28:00,Low
19,2026-08-08 09:28:00+10:00,0,1,1,True,2026-08-08,09:28:00,Low
20,2026-08-08 09:28:00+10:00,5,3,8,True,2026-08-08,09:28:00,Low
35,2026-08-08 09:28:00+10:00,12,7,19,True,2026-08-08,09:28:00,Low
53,2026-08-08 09:28:00+10:00,2,2,4,True,2026-08-08,09:28:00,Low
62,2026-08-08 09:28:00+10:00,1,0,1,True,2026-08-08,09:28:00,Low
72,2026-08-08 09:28:00+10:00,2,2,4,True,2026-08-08,09:28:00,Low
76,2026-08-08 09:28:00+10:00,3,0,3,True,2026-08-08,09:28:00,Low
79,2026-08-08 09:28:00+10:00,3,5,8,True,2026-08-08,09:28:00,Low
6,2026-08-08 09:27:00+10:00,2,2,4,True,2026-08-08,09:27:00,Low
36,2026-08-08 09:27:00+10:00,0,3,3,True,2026-08-08,09:27:00,Low
70,2026-08-08 09:27:00+10:00,1,1,2,True,2026-08-08,09:27:00,Low
1,2026-08-08 09:27:00+10:00,5,9,14,True,2026-08-08,09:27:00,Low
17,2026-08-08 09:27:00+10:00,4,2,6,True,2026-08-08,09:27:00,Low
19,2026-08-08 09:27:00+10:00,2,1,3,True,2026-08-08,09:27:00,Low
20,2026-08-08 09:27:00+10:00,1,0,1,True,2026-08-08,09:27:00,Low
62,2026-08-08 09:27:00+10:00,0,1,1,True,2026-08-08,09:27:00,Low
67,2026-08-08 09:27:00+10:00,7,4,11,True,2026-08-08,09:27:00,Low
72,2026-08-08 09:27:00+10:00,2,2,4,True,2026-08-08,09:27:00,Low
76,2026-08-08 09:27:00+10:00,1,0,1,True,2026-08-08,09:27:00,Low
41,2026-08-08 09:27:00+10:00,11,3,14,True,2026-08-08,09:27:00,Low
69,2026-08-08 09:27:00+10:00,6,12,18,True,2026-08-08,09:27:00,Low
87,2026-08-08 09:27:00+10:00,0,1,1,True,2026-08-08,09:27:00,Low
2,2026-08-08 09:27:00+10:00,4,5,9,True,2026-08-08,09:27:00,Low
12,2026-08-08 09:27:00+10:00,4,3,7,True,2026-08-08,09:27:00,Low
18,2026-08-08 09:27:00+10:00,1,0,1,True,2026-08-08,09:27:00,Low
35,2026-08-08 09:27:00+10:00,13,6,19,True,2026-08-08,09:27:00,Low
51,2026-08-08 09:27:00+10:00,2,0,2,True,2026-08-08,09:27:00,Low
53,2026-08-08 09:27:00+10:00,9,5,14,True,2026-08-08,09:27:00,Low
63,2026-08-08 09:27:00+10:00,0,6,6,True,2026-08-08,09:27:00,Low
85,2026-08-08 09:27:00+10:00,3,2,5,True,2026-08-08,09:27:00,Low
3,2026-08-08 09:27:00+10:00,3,4,7,True,2026-08-08,09:27:00,Low
4,2026-08-08 09:27:00+10:00,9,10,19,True,2026-08-08,09:27:00,Low
8,2026-08-08 09:27:00+10:00,3,3,6,True,2026-08-08,09:27:00,Low
29,2026-08-08 09:27:00+10:00,0,5,5,True,2026-08-08,09:27:00,Low
39,2026-08-08 09:27:00+10:00,0,1,1,True,2026-08-08,09:27:00,Low
40,2026-08-08 09:27:00+10:00,0,2,2,True,2026-08-08,09:27:00,Low
61,2026-08-08 09:27:00+10:00,3,6,9,True,2026-08-08,09:27:00,Low
66,2026-08-08 09:27:00+10:00,6,3,9,True,2026-08-08,09:27:00,Low
181,2026-08-08 09:27:00+10:00,5,9,14,True,2026-08-08,09:27:00,Low
209,2026-08-08 09:27:00+10:00,12,1,13,True,2026-08-08,09:27:00,Low
9,2026-08-08 09:27:00+10:00,1,0,1,True,2026-08-08,09:27:00,Low
11,2026-08-08 09:27:00+10:00,0,3,3,True,2026-08-08,09:27:00,Low
24,2026-08-08 09:27:00+10:00,20,3,23,True,2026-08-08,09:27:00,Low
68,2026-08-08 09:27:00+10:00,8,6,14,True,2026-08-08,09:27:00,Low
79,2026-08-08 09:27:00+10:00,2,2,4,True,2026-08-08,09:27:00,Low
29,2026-08-08 09:26:00+10:00,2,2,4,True,2026-08-08,09:26:00,Low
61,2026-08-08 09:26:00+10:00,6,1,7,True,2026-08-08,09:26:00,Low
70,2026-08-08 09:26:00+10:00,1,2,3,True,2026-08-08,09:26:00,Low
209,2026-08-08 09:26:00+10:00,5,2,7,True,2026-08-08,09:26:00,Low
1,2026-08-08 09:26:00+10:00,1,1,2,True,2026-08-08,09:26:00,Low
2,2026-08-08 09:26:00+10:00,0,4,4,True,2026-08-08,09:26:00,Low
17,2026-08-08 09:26:00+10:00,3,3,6,True,2026-08-08,09:26:00,Low
19,2026-08-08 09:26:00+10:00,2,0,2,True,2026-08-08,09:26:00,Low
20,2026-08-08 09:26:00+10:00,2,6,8,True,2026-08-08,09:26:00,Low
35,2026-08-08 09:26:00+10:00,25,4,29,True,2026-08-08,09:26:00,Low
53,2026-08-08 09:26:00+10:00,1,1,2,True,2026-08-08,09:26:00,Low
63,2026-08-08 09:26:00+10:00,1,4,5,True,2026-08-08,09:26:00,Low
67,2026-08-08 09:26:00+10:00,6,2,8,True,2026-08-08,09:26:00,Low
68,2026-08-08 09:26:00+10:00,8,5,13,True,2026-08-08,09:26:00,Low
85,2026-08-08 09:26:00+10:00,1,0,1,True,2026-08-08,09:26:00,Low
3,2026-08-08 09:26:00+10:00,4,2,6,True,2026-08-08,09:26:00,Low
4,2026-08-08 09:26:00+10:00,3,11,14,True,2026-08-08,09:26:00,Low
40,2026-08-08 09:26:00+10:00,0,1,1,True,2026-08-08,09:26:00,Low
41,2026-08-08 09:26:00+10:00,6,4,10,True,2026-08-08,09:26:00,Low
75,2026-08-08 09:26:00+10:00,0,1,1,True,2026-08-08,09:26:00,Low
11,2026-08-08 09:26:00+10:00,2,0,2,True,2026-08-08,09:26:00,Low
12,2026-08-08 09:26:00+10:00,2,3,5,True,2026-08-08,09:26:00,Low
86,2026-08-08 09:26:00+10:00,3,2,5,True,2026-08-08,09:26:00,Low
6,2026-08-08 09:26:00+10:00,6,0,6,True,2026-08-08,09:26:00,Low
8,2026-08-08 09:26:00+10:00,4,1,5,True,2026-08-08,09:26:00,Low
36,2026-08-08 09:26:00+10:00,1,1,2,True,2026-08-08,09:26:00,Low
39,2026-08-08 09:26:00+10:00,1,0,1,True,2026-08-08,09:26:00,Low
66,2026-08-08 09:26:00+10:00,5,10,15,True,2026-08-08,09:26:00,Low
69,2026-08-08 09:26:00+10:00,4,1,5,True,2026-08-08,09:26:00,Low
87,2026-08-08 09:26:00+10:00,4,3,7,True,2026-08-08,09:26:00,Low
181,2026-08-08 09:26:00+10:00,2,7,9,True,2026-08-08,09:26:00,Low
10,2026-08-08 09:26:00+10:00,1,0,1,True,2026-08-08,09:26:00,Low
18,2026-08-08 09:26:00+10:00,0,4,4,True,2026-08-08,09:26:00,Low
24,2026-08-08 09:26:00+10:00,4,10,14,True,2026-08-08,09:26:00,Low
72,2026-08-08 09:26:00+10:00,1,3,4,True,2026-08-08,09:26:00,Low
79,2026-08-08 09:26:00+10:00,5,2,7,True,2026-08-08,09:26:00,Low
29,2026-08-08 09:25:00+10:00,0,5,5,True,2026-08-08,09:25:00,Low
41,2026-08-08 09:25:00+10:00,15,7,22,True,2026-08-08,09:25:00,Low
44,2026-08-08 09:25:00+10:00,3,1,4,True,2026-08-08,09:25:00,Low
47,2026-08-08 09:25:00+10:00,7,19,26,True,2026-08-08,09:25:00,Low
87,2026-08-08 09:25:00+10:00,1,0,1,True,2026-08-08,09:25:00,Low
124,2026-08-08 09:25:00+10:00,0,1,1,True,2026-08-08,09:25:00,Low
132,2026-08-08 09:25:00+10:00,9,6,15,True,2026-08-08,09:25:00,Low
179,2026-08-08 09:25:00+10:00,2,0,2,True,2026-08-08,09:25:00,Low
181,2026-08-08 09:25:00+10:00,5,11,16,True,2026-08-08,09:25:00,Low
184,2026-08-08 09:25:00+10:00,34,31,65,True,2026-08-08,09:25:00,Medium
1,2026-08-08 09:25:00+10:00,4,7,11,True,2026-08-08,09:25:00,Low
9,2026-08-08 09:25:00+10:00,0,1,1,True,2026-08-08,09:25:00,Low
11,2026-08-08 09:25:00+10:00,1,2,3,True,2026-08-08,09:25:00,Low
12,2026-08-08 09:25:00+10:00,1,0,1,True,2026-08-08,09:25:00,Low
17,2026-08-08 09:25:00+10:00,0,1,1,True,2026-08-08,09:25:00,Low
20,2026-08-08 09:25:00+10:00,2,0,2,True,2026-08-08,09:25:00,Low
25,2026-08-08 09:25:00+10:00,20,44,64,True,2026-08-08,09:25:00,Medium
27,2026-08-08 09:25:00+10:00,11,13,24,True,2026-08-08,09:25:00,Low
49,2026-08-08 09:25:00+10:00,17,22,39,True,2026-08-08,09:25:00,Low
63,2026-08-08 09:25:00+10:00,0,8,8,True,2026-08-08,09:25:00,Low
67,2026-08-08 09:25:00+10:00,0,3,3,True,2026-08-08,09:25:00,Low
68,2026-08-08 09:25:00+10:00,3,2,5,True,2026-08-08,09:25:00,Low
72,2026-08-08 09:25:00+10:00,2,0,2,True,2026-08-08,09:25:00,Low
76,2026-08-08 09:25:00+10:00,1,1,2,True,2026-08-08,09:25:00,Low
79,2026-08-08 09:25:00+10:00,0,4,4,True,2026-08-08,09:25:00,Low
85,2026-08-08 09:25:00+10:00,2,0,2,True,2026-08-08,09:25:00,Low
109,2026-08-08 09:25:00+10:00,7,3,10,True,2026-08-08,09:25:00,Low
141,2026-08-08 09:25:00+10:00,7,3,10,True,2026-08-08,09:25:00,Low
3,2026-08-08 09:25:00+10:00,0,3,3,True,2026-08-08,09:25:00,Low
6,2026-08-08 09:25:00+10:00,1,0,1,True,2026-08-08,09:25:00,Low
36,2026-08-08 09:25:00+10:00,1,0,1,True,2026-08-08,09:25:00,Low
43,2026-08-08 09:25:00+10:00,2,3,5,True,2026-08-08,09:25:00,Low
45,2026-08-08 09:25:00+10:00,19,50,69,True,2026-08-08,09:25:00,Medium
54,2026-08-08 09:25:00+10:00,3,5,8,True,2026-08-08,09:25:00,Low
59,2026-08-08 09:25:00+10:00,11,11,22,True,2026-08-08,09:25:00,Low
75,2026-08-08 09:25:00+10:00,1,0,1,True,2026-08-08,09:25:00,Low
77,2026-08-08 09:25:00+10:00,4,13,17,True,2026-08-08,09:25:00,Low
107,2026-08-08 09:25:00+10:00,5,8,13,True,2026-08-08,09:25:00,Low
131,2026-08-08 09:25:00+10:00,1,5,6,True,2026-08-08,09:25:00,Low
134,2026-08-08 09:25:00+10:00,13,23,36,True,2026-08-08,09:25:00,Low
140,2026-08-08 09:25:00+10:00,12,2,14,True,2026-08-08,09:25:00,Low
143,2026-08-08 09:25:00+10:00,8,15,23,True,2026-08-08,09:25:00,Low
166,2026-08-08 09:25:00+10:00,8,3,11,True,2026-08-08,09:25:00,Low
185,2026-08-08 09:25:00+10:00,28,21,49,True,2026-08-08,09:25:00,Low
209,2026-08-08 09:25:00+10:00,8,2,10,True,2026-08-08,09:25:00,Low
10,2026-08-08 09:25:00+10:00,0,1,1,True,2026-08-08,09:25:00,Low
23,2026-08-08 09:25:00+10:00,16,19,35,True,2026-08-08,09:25:00,Low
30,2026-08-08 09:25:00+10:00,4,13,17,True,2026-08-08,09:25:00,Low
35,2026-08-08 09:25:00+10:00,14,6,20,True,2026-08-08,09:25:00,Low
46,2026-08-08 09:25:00+10:00,1,1,2,True,2026-08-08,09:25:00,Low
123,2026-08-08 09:25:00+10:00,2,0,2,True,2026-08-08,09:25:00,Low
130,2026-08-08 09:25:00+10:00,1,1,2,True,2026-08-08,09:25:00,Low
136,2026-08-08 09:25:00+10:00,9,11,20,True,2026-08-08,09:25:00,Low
161,2026-08-08 09:25:00+10:00,10,4,14,True,2026-08-08,09:25:00,Low
164,2026-08-08 09:25:00+10:00,13,0,13,True,2026-08-08,09:25:00,Low
4,2026-08-08 09:25:00+10:00,8,2,10,True,2026-08-08,09:25:00,Low
5,2026-08-08 09:25:00+10:00,29,25,54,True,2026-08-08,09:25:00,Medium
8,2026-08-08 09:25:00+10:00,4,1,5,True,2026-08-08,09:25:00,Low
21,2026-08-08 09:25:00+10:00,12,4,16,True,2026-08-08,09:25:00,Low
37,2026-08-08 09:25:00+10:00,3,3,6,True,2026-08-08,09:25:00,Low
39,2026-08-08 09:25:00+10:00,1,1,2,True,2026-08-08,09:25:00,Low
40,2026-08-08 09:25:00+10:00,2,0,2,True,2026-08-08,09:25:00,Low
61,2026-08-08 09:25:00+10:00,5,2,7,True,2026-08-08,09:25:00,Low
66,2026-08-08 09:25:00+10:00,0,5,5,True,2026-08-08,09:25:00,Low
69,2026-08-08 09:25:00+10:00,0,4,4,True,2026-08-08,09:25:00,Low
84,2026-08-08 09:25:00+10:00,34,36,70,True,2026-08-08,09:25:00,Medium
133,2026-08-08 09:25:00+10:00,24,33,57,True,2026-08-08,09:25:00,Medium
135,2026-08-08 09:25:00+10:00,9,23,32,True,2026-08-08,09:25:00,Low
162,2026-08-08 09:25:00+10:00,20,40,60,True,2026-08-08,09:25:00,Medium
165,2026-08-08 09:25:00+10:00,5,1,6,True,2026-08-08,09:25:00,Low
167,2026-08-08 09:25:00+10:00,2,10,12,True,2026-08-08,09:25:00,Low
182,2026-08-08 09:25:00+10:00,4,10,14,True,2026-08-08,09:25:00,Low
188,2026-08-08 09:25:00+10:00,0,1,1,True,2026-08-08,09:25:00,Low
2,2026-08-08 09:25:00+10:00,3,7,10,True,2026-08-08,09:25:00,Low
24,2026-08-08 09:25:00+10:00,5,5,10,True,2026-08-08,09:25:00,Low
48,2026-08-08 09:25:00+10:00,18,25,43,True,2026-08-08,09:25:00,Low
51,2026-08-08 09:25:00+10:00,0,1,1,True,2026-08-08,09:25:00,Low
53,2026-08-08 09:25:00+10:00,12,8,20,True,2026-08-08,09:25:00,Low
58,2026-08-08 09:25:00+10:00,45,9,54,True,2026-08-08,09:25:00,Medium
86,2026-08-08 09:25:00+10:00,0,1,1,True,2026-08-08,09:25:00,Low
117,2026-08-08 09:25:00+10:00,4,6,10,True,2026-08-08,09:25:00,Low
137,2026-08-08 09:25:00+10:00,0,1,1,True,2026-08-08,09:25:00,Low
142,2026-08-08 09:25:00+10:00,49,24,73,True,2026-08-08,09:25:00,Medium
3,2026-08-08 09:24:00+10:00,1,4,5,True,2026-08-08,09:24:00,Low
8,2026-08-08 09:24:00+10:00,1,4,5,True,2026-08-08,09:24:00,Low
36,2026-08-08 09:24:00+10:00,0,2,2,True,2026-08-08,09:24:00,Low
41,2026-08-08 09:24:00+10:00,7,10,17,True,2026-08-08,09:24:00,Low
61,2026-08-08 09:24:00+10:00,2,2,4,True,2026-08-08,09:24:00,Low
69,2026-08-08 09:24:00+10:00,3,1,4,True,2026-08-08,09:24:00,Low
209,2026-08-08 09:24:00+10:00,4,4,8,True,2026-08-08,09:24:00,Low
9,2026-08-08 09:24:00+10:00,1,0,1,True,2026-08-08,09:24:00,Low
11,2026-08-08 09:24:00+10:00,2,1,3,True,2026-08-08,09:24:00,Low
24,2026-08-08 09:24:00+10:00,6,1,7,True,2026-08-08,09:24:00,Low
51,2026-08-08 09:24:00+10:00,0,2,2,True,2026-08-08,09:24:00,Low
67,2026-08-08 09:24:00+10:00,2,4,6,True,2026-08-08,09:24:00,Low
72,2026-08-08 09:24:00+10:00,4,1,5,True,2026-08-08,09:24:00,Low
79,2026-08-08 09:24:00+10:00,3,1,4,True,2026-08-08,09:24:00,Low
86,2026-08-08 09:24:00+10:00,1,0,1,True,2026-08-08,09:24:00,Low
4,2026-08-08 09:24:00+10:00,9,3,12,True,2026-08-08,09:24:00,Low
29,2026-08-08 09:24:00+10:00,3,6,9,True,2026-08-08,09:24:00,Low
66,2026-08-08 09:24:00+10:00,4,1,5,True,2026-08-08,09:24:00,Low
75,2026-08-08 09:24:00+10:00,1,1,2,True,2026-08-08,09:24:00,Low
87,2026-08-08 09:24:00+10:00,1,1,2,True,2026-08-08,09:24:00,Low
181,2026-08-08 09:24:00+10:00,4,6,10,True,2026-08-08,09:24:00,Low
1,2026-08-08 09:24:00+10:00,2,3,5,True,2026-08-08,09:24:00,Low
2,2026-08-08 09:24:00+10:00,4,2,6,True,2026-08-08,09:24:00,Low
12,2026-08-08 09:24:00+10:00,6,0,6,True,2026-08-08,09:24:00,Low
18,2026-08-08 09:24:00+10:00,1,0,1,True,2026-08-08,09:24:00,Low
35,2026-08-08 09:24:00+10:00,16,3,19,True,2026-08-08,09:24:00,Low
53,2026-08-08 09:24:00+10:00,3,6,9,True,2026-08-08,09:24:00,Low
62,2026-08-08 09:24:00+10:00,1,2,3,True,2026-08-08,09:24:00,Low
63,2026-08-08 09:24:00+10:00,0,6,6,True,2026-08-08,09:24:00,Low
85,2026-08-08 09:24:00+10:00,2,2,4,True,2026-08-08,09:24:00,Low
6,2026-08-08 09:24:00+10:00,1,1,2,True,2026-08-08,09:24:00,Low
40,2026-08-08 09:24:00+10:00,1,1,2,True,2026-08-08,09:24:00,Low
70,2026-08-08 09:24:00+10:00,1,1,2,True,2026-08-08,09:24:00,Low
10,2026-08-08 09:24:00+10:00,1,2,3,True,2026-08-08,09:24:00,Low
68,2026-08-08 09:24:00+10:00,2,7,9,True,2026-08-08,09:24:00,Low
76,2026-08-08 09:24:00+10:00,0,1,1,True,2026-08-08,09:24:00,Low
36,2026-08-08 09:23:00+10:00,2,2,4,True,2026-08-08,09:23:00,Low
66,2026-08-08 09:23:00+10:00,2,3,5,True,2026-08-08,09:23:00,Low
69,2026-08-08 09:23:00+10:00,13,0,13,True,2026-08-08,09:23:00,Low
87,2026-08-08 09:23:00+10:00,0,1,1,True,2026-08-08,09:23:00,Low
11,2026-08-08 09:23:00+10:00,2,0,2,True,2026-08-08,09:23:00,Low
18,2026-08-08 09:23:00+10:00,0,1,1,True,2026-08-08,09:23:00,Low
35,2026-08-08 09:23:00+10:00,15,20,35,True,2026-08-08,09:23:00,Low
67,2026-08-08 09:23:00+10:00,11,2,13,True,2026-08-08,09:23:00,Low
72,2026-08-08 09:23:00+10:00,0,8,8,True,2026-08-08,09:23:00,Low
76,2026-08-08 09:23:00+10:00,3,0,3,True,2026-08-08,09:23:00,Low
79,2026-08-08 09:23:00+10:00,0,3,3,True,2026-08-08,09:23:00,Low
86,2026-08-08 09:23:00+10:00,2,1,3,True,2026-08-08,09:23:00,Low
3,2026-08-08 09:23:00+10:00,2,6,8,True,2026-08-08,09:23:00,Low
4,2026-08-08 09:23:00+10:00,13,3,16,True,2026-08-08,09:23:00,Low
6,2026-08-08 09:23:00+10:00,2,2,4,True,2026-08-08,09:23:00,Low
8,2026-08-08 09:23:00+10:00,1,1,2,True,2026-08-08,09:23:00,Low
61,2026-08-08 09:23:00+10:00,2,1,3,True,2026-08-08,09:23:00,Low
181,2026-08-08 09:23:00+10:00,3,8,11,True,2026-08-08,09:23:00,Low
12,2026-08-08 09:23:00+10:00,1,2,3,True,2026-08-08,09:23:00,Low
17,2026-08-08 09:23:00+10:00,1,2,3,True,2026-08-08,09:23:00,Low
19,2026-08-08 09:23:00+10:00,0,2,2,True,2026-08-08,09:23:00,Low
51,2026-08-08 09:23:00+10:00,0,1,1,True,2026-08-08,09:23:00,Low
53,2026-08-08 09:23:00+10:00,4,3,7,True,2026-08-08,09:23:00,Low
63,2026-08-08 09:23:00+10:00,1,2,3,True,2026-08-08,09:23:00,Low
29,2026-08-08 09:23:00+10:00,2,2,4,True,2026-08-08,09:23:00,Low
41,2026-08-08 09:23:00+10:00,12,12,24,True,2026-08-08,09:23:00,Low
70,2026-08-08 09:23:00+10:00,2,0,2,True,2026-08-08,09:23:00,Low
75,2026-08-08 09:23:00+10:00,1,0,1,True,2026-08-08,09:23:00,Low
209,2026-08-08 09:23:00+10:00,5,3,8,True,2026-08-08,09:23:00,Low
1,2026-08-08 09:23:00+10:00,1,5,6,True,2026-08-08,09:23:00,Low
2,2026-08-08 09:23:00+10:00,5,3,8,True,2026-08-08,09:23:00,Low
24,2026-08-08 09:23:00+10:00,6,5,11,True,2026-08-08,09:23:00,Low
62,2026-08-08 09:23:00+10:00,2,0,2,True,2026-08-08,09:23:00,Low
68,2026-08-08 09:23:00+10:00,3,4,7,True,2026-08-08,09:23:00,Low
85,2026-08-08 09:23:00+10:00,4,5,9,True,2026-08-08,09:23:00,Low
3,2026-08-08 09:22:00+10:00,1,1,2,True,2026-08-08,09:22:00,Low
29,2026-08-08 09:22:00+10:00,3,2,5,True,2026-08-08,09:22:00,Low
39,2026-08-08 09:22:00+10:00,0,3,3,True,2026-08-08,09:22:00,Low
70,2026-08-08 09:22:00+10:00,1,1,2,True,2026-08-08,09:22:00,Low
209,2026-08-08 09:22:00+10:00,7,0,7,True,2026-08-08,09:22:00,Low
12,2026-08-08 09:22:00+10:00,6,2,8,True,2026-08-08,09:22:00,Low
20,2026-08-08 09:22:00+10:00,0,3,3,True,2026-08-08,09:22:00,Low
24,2026-08-08 09:22:00+10:00,3,2,5,True,2026-08-08,09:22:00,Low
53,2026-08-08 09:22:00+10:00,4,6,10,True,2026-08-08,09:22:00,Low
63,2026-08-08 09:22:00+10:00,2,0,2,True,2026-08-08,09:22:00,Low
76,2026-08-08 09:22:00+10:00,4,1,5,True,2026-08-08,09:22:00,Low
79,2026-08-08 09:22:00+10:00,5,2,7,True,2026-08-08,09:22:00,Low
6,2026-08-08 09:22:00+10:00,6,1,7,True,2026-08-08,09:22:00,Low
8,2026-08-08 09:22:00+10:00,2,2,4,True,2026-08-08,09:22:00,Low
40,2026-08-08 09:22:00+10:00,2,2,4,True,2026-08-08,09:22:00,Low
181,2026-08-08 09:22:00+10:00,2,6,8,True,2026-08-08,09:22:00,Low
9,2026-08-08 09:22:00+10:00,2,1,3,True,2026-08-08,09:22:00,Low
18,2026-08-08 09:22:00+10:00,0,7,7,True,2026-08-08,09:22:00,Low
51,2026-08-08 09:22:00+10:00,2,0,2,True,2026-08-08,09:22:00,Low
4,2026-08-08 09:22:00+10:00,2,3,5,True,2026-08-08,09:22:00,Low
36,2026-08-08 09:22:00+10:00,3,0,3,True,2026-08-08,09:22:00,Low
41,2026-08-08 09:22:00+10:00,22,5,27,True,2026-08-08,09:22:00,Low
61,2026-08-08 09:22:00+10:00,0,5,5,True,2026-08-08,09:22:00,Low
66,2026-08-08 09:22:00+10:00,3,0,3,True,2026-08-08,09:22:00,Low
69,2026-08-08 09:22:00+10:00,5,5,10,True,2026-08-08,09:22:00,Low
87,2026-08-08 09:22:00+10:00,3,1,4,True,2026-08-08,09:22:00,Low
1,2026-08-08 09:22:00+10:00,3,5,8,True,2026-08-08,09:22:00,Low
2,2026-08-08 09:22:00+10:00,0,3,3,True,2026-08-08,09:22:00,Low
10,2026-08-08 09:22:00+10:00,1,0,1,True,2026-08-08,09:22:00,Low
11,2026-08-08 09:22:00+10:00,0,2,2,True,2026-08-08,09:22:00,Low
17,2026-08-08 09:22:00+10:00,2,3,5,True,2026-08-08,09:22:00,Low
19,2026-08-08 09:22:00+10:00,0,2,2,True,2026-08-08,09:22:00,Low
35,2026-08-08 09:22:00+10:00,11,7,18,True,2026-08-08,09:22:00,Low
67,2026-08-08 09:22:00+10:00,8,6,14,True,2026-08-08,09:22:00,Low
68,2026-08-08 09:22:00+10:00,6,3,9,True,2026-08-08,09:22:00,Low
72,2026-08-08 09:22:00+10:00,1,1,2,True,2026-08-08,09:22:00,Low
85,2026-08-08 09:22:00+10:00,3,0,3,True,2026-08-08,09:22:00,Low
4,2026-08-08 09:21:00+10:00,16,5,21,True,2026-08-08,09:21:00,Low
8,2026-08-08 09:21:00+10:00,3,5,8,True,2026-08-08,09:21:00,Low
39,2026-08-08 09:21:00+10:00,1,1,2,True,2026-08-08,09:21:00,Low
40,2026-08-08 09:21:00+10:00,2,2,4,True,2026-08-08,09:21:00,Low
66,2026-08-08 09:21:00+10:00,1,5,6,True,2026-08-08,09:21:00,Low
69,2026-08-08 09:21:00+10:00,5,5,10,True,2026-08-08,09:21:00,Low
70,2026-08-08 09:21:00+10:00,2,1,3,True,2026-08-08,09:21:00,Low
87,2026-08-08 09:21:00+10:00,0,1,1,True,2026-08-08,09:21:00,Low
181,2026-08-08 09:21:00+10:00,3,6,9,True,2026-08-08,09:21:00,Low
9,2026-08-08 09:21:00+10:00,3,0,3,True,2026-08-08,09:21:00,Low
12,2026-08-08 09:21:00+10:00,0,2,2,True,2026-08-08,09:21:00,Low
17,2026-08-08 09:21:00+10:00,2,1,3,True,2026-08-08,09:21:00,Low
62,2026-08-08 09:21:00+10:00,0,2,2,True,2026-08-08,09:21:00,Low
76,2026-08-08 09:21:00+10:00,4,1,5,True,2026-08-08,09:21:00,Low
86,2026-08-08 09:21:00+10:00,2,0,2,True,2026-08-08,09:21:00,Low
6,2026-08-08 09:21:00+10:00,1,14,15,True,2026-08-08,09:21:00,Low
29,2026-08-08 09:21:00+10:00,2,2,4,True,2026-08-08,09:21:00,Low
61,2026-08-08 09:21:00+10:00,1,6,7,True,2026-08-08,09:21:00,Low
18,2026-08-08 09:21:00+10:00,0,1,1,True,2026-08-08,09:21:00,Low
19,2026-08-08 09:21:00+10:00,1,1,2,True,2026-08-08,09:21:00,Low
20,2026-08-08 09:21:00+10:00,0,2,2,True,2026-08-08,09:21:00,Low
24,2026-08-08 09:21:00+10:00,4,7,11,True,2026-08-08,09:21:00,Low
35,2026-08-08 09:21:00+10:00,7,2,9,True,2026-08-08,09:21:00,Low
53,2026-08-08 09:21:00+10:00,4,4,8,True,2026-08-08,09:21:00,Low
67,2026-08-08 09:21:00+10:00,7,1,8,True,2026-08-08,09:21:00,Low
3,2026-08-08 09:21:00+10:00,6,7,13,True,2026-08-08,09:21:00,Low
41,2026-08-08 09:21:00+10:00,9,12,21,True,2026-08-08,09:21:00,Low
75,2026-08-08 09:21:00+10:00,0,1,1,True,2026-08-08,09:21:00,Low
209,2026-08-08 09:21:00+10:00,8,1,9,True,2026-08-08,09:21:00,Low
1,2026-08-08 09:21:00+10:00,5,1,6,True,2026-08-08,09:21:00,Low
2,2026-08-08 09:21:00+10:00,0,1,1,True,2026-08-08,09:21:00,Low
51,2026-08-08 09:21:00+10:00,1,0,1,True,2026-08-08,09:21:00,Low
63,2026-08-08 09:21:00+10:00,1,1,2,True,2026-08-08,09:21:00,Low
68,2026-08-08 09:21:00+10:00,5,3,8,True,2026-08-08,09:21:00,Low
72,2026-08-08 09:21:00+10:00,2,1,3,True,2026-08-08,09:21:00,Low
79,2026-08-08 09:21:00+10:00,0,5,5,True,2026-08-08,09:21:00,Low
85,2026-08-08 09:21:00+10:00,4,1,5,True,2026-08-08,09:21:00,Low
3,2026-08-08 09:20:00+10:00,6,7,13,True,2026-08-08,09:20:00,Low
29,2026-08-08 09:20:00+10:00,1,1,2,True,2026-08-08,09:20:00,Low
37,2026-08-08 09:20:00+10:00,1,3,4,True,2026-08-08,09:20:00,Low
45,2026-08-08 09:20:00+10:00,19,13,32,True,2026-08-08,09:20:00,Low
54,2026-08-08 09:20:00+10:00,0,4,4,True,2026-08-08,09:20:00,Low
66,2026-08-08 09:20:00+10:00,2,0,2,True,2026-08-08,09:20:00,Low
84,2026-08-08 09:20:00+10:00,44,17,61,True,2026-08-08,09:20:00,Medium
87,2026-08-08 09:20:00+10:00,0,3,3,True,2026-08-08,09:20:00,Low
132,2026-08-08 09:20:00+10:00,16,2,18,True,2026-08-08,09:20:00,Low
133,2026-08-08 09:20:00+10:00,28,43,71,True,2026-08-08,09:20:00,Medium
134,2026-08-08 09:20:00+10:00,7,6,13,True,2026-08-08,09:20:00,Low
140,2026-08-08 09:20:00+10:00,6,4,10,True,2026-08-08,09:20:00,Low
165,2026-08-08 09:20:00+10:00,2,2,4,True,2026-08-08,09:20:00,Low
167,2026-08-08 09:20:00+10:00,1,7,8,True,2026-08-08,09:20:00,Low
185,2026-08-08 09:20:00+10:00,8,12,20,True,2026-08-08,09:20:00,Low
1,2026-08-08 09:20:00+10:00,1,3,4,True,2026-08-08,09:20:00,Low
11,2026-08-08 09:20:00+10:00,7,3,10,True,2026-08-08,09:20:00,Low
27,2026-08-08 09:20:00+10:00,19,9,28,True,2026-08-08,09:20:00,Low
35,2026-08-08 09:20:00+10:00,21,10,31,True,2026-08-08,09:20:00,Low
46,2026-08-08 09:20:00+10:00,2,1,3,True,2026-08-08,09:20:00,Low
49,2026-08-08 09:20:00+10:00,16,19,35,True,2026-08-08,09:20:00,Low
53,2026-08-08 09:20:00+10:00,6,2,8,True,2026-08-08,09:20:00,Low
58,2026-08-08 09:20:00+10:00,46,13,59,True,2026-08-08,09:20:00,Medium
63,2026-08-08 09:20:00+10:00,3,2,5,True,2026-08-08,09:20:00,Low
136,2026-08-08 09:20:00+10:00,3,3,6,True,2026-08-08,09:20:00,Low
142,2026-08-08 09:20:00+10:00,49,20,69,True,2026-08-08,09:20:00,Medium
8,2026-08-08 09:20:00+10:00,2,6,8,True,2026-08-08,09:20:00,Low
39,2026-08-08 09:20:00+10:00,0,1,1,True,2026-08-08,09:20:00,Low
40,2026-08-08 09:20:00+10:00,2,1,3,True,2026-08-08,09:20:00,Low
41,2026-08-08 09:20:00+10:00,6,6,12,True,2026-08-08,09:20:00,Low
61,2026-08-08 09:20:00+10:00,6,3,9,True,2026-08-08,09:20:00,Low
131,2026-08-08 09:20:00+10:00,3,14,17,True,2026-08-08,09:20:00,Low
135,2026-08-08 09:20:00+10:00,19,26,45,True,2026-08-08,09:20:00,Low
166,2026-08-08 09:20:00+10:00,2,9,11,True,2026-08-08,09:20:00,Low
179,2026-08-08 09:20:00+10:00,5,2,7,True,2026-08-08,09:20:00,Low
181,2026-08-08 09:20:00+10:00,1,5,6,True,2026-08-08,09:20:00,Low
188,2026-08-08 09:20:00+10:00,0,7,7,True,2026-08-08,09:20:00,Low
209,2026-08-08 09:20:00+10:00,6,0,6,True,2026-08-08,09:20:00,Low
2,2026-08-08 09:20:00+10:00,1,1,2,True,2026-08-08,09:20:00,Low
9,2026-08-08 09:20:00+10:00,3,0,3,True,2026-08-08,09:20:00,Low
10,2026-08-08 09:20:00+10:00,1,2,3,True,2026-08-08,09:20:00,Low
17,2026-08-08 09:20:00+10:00,2,3,5,True,2026-08-08,09:20:00,Low
18,2026-08-08 09:20:00+10:00,1,0,1,True,2026-08-08,09:20:00,Low
23,2026-08-08 09:20:00+10:00,7,5,12,True,2026-08-08,09:20:00,Low
24,2026-08-08 09:20:00+10:00,1,6,7,True,2026-08-08,09:20:00,Low
30,2026-08-08 09:20:00+10:00,2,7,9,True,2026-08-08,09:20:00,Low
67,2026-08-08 09:20:00+10:00,8,1,9,True,2026-08-08,09:20:00,Low
76,2026-08-08 09:20:00+10:00,1,0,1,True,2026-08-08,09:20:00,Low
79,2026-08-08 09:20:00+10:00,0,1,1,True,2026-08-08,09:20:00,Low
86,2026-08-08 09:20:00+10:00,2,1,3,True,2026-08-08,09:20:00,Low
117,2026-08-08 09:20:00+10:00,2,14,16,True,2026-08-08,09:20:00,Low
137,2026-08-08 09:20:00+10:00,1,1,2,True,2026-08-08,09:20:00,Low
139,2026-08-08 09:20:00+10:00,1,1,2,True,2026-08-08,09:20:00,Low
141,2026-08-08 09:20:00+10:00,8,7,15,True,2026-08-08,09:20:00,Low
4,2026-08-08 09:20:00+10:00,9,6,15,True,2026-08-08,09:20:00,Low
5,2026-08-08 09:20:00+10:00,22,19,41,True,2026-08-08,09:20:00,Low
6,2026-08-08 09:20:00+10:00,0,4,4,True,2026-08-08,09:20:00,Low
21,2026-08-08 09:20:00+10:00,4,8,12,True,2026-08-08,09:20:00,Low
43,2026-08-08 09:20:00+10:00,5,2,7,True,2026-08-08,09:20:00,Low
44,2026-08-08 09:20:00+10:00,3,4,7,True,2026-08-08,09:20:00,Low
47,2026-08-08 09:20:00+10:00,14,52,66,True,2026-08-08,09:20:00,Medium
59,2026-08-08 09:20:00+10:00,14,19,33,True,2026-08-08,09:20:00,Low
69,2026-08-08 09:20:00+10:00,2,4,6,True,2026-08-08,09:20:00,Low
70,2026-08-08 09:20:00+10:00,0,3,3,True,2026-08-08,09:20:00,Low
77,2026-08-08 09:20:00+10:00,7,9,16,True,2026-08-08,09:20:00,Low
107,2026-08-08 09:20:00+10:00,1,4,5,True,2026-08-08,09:20:00,Low
143,2026-08-08 09:20:00+10:00,7,15,22,True,2026-08-08,09:20:00,Low
162,2026-08-08 09:20:00+10:00,19,21,40,True,2026-08-08,09:20:00,Low
184,2026-08-08 09:20:00+10:00,11,29,40,True,2026-08-08,09:20:00,Low
12,2026-08-08 09:20:00+10:00,1,0,1,True,2026-08-08,09:20:00,Low
19,2026-08-08 09:20:00+10:00,0,4,4,True,2026-08-08,09:20:00,Low
20,2026-08-08 09:20:00+10:00,0,7,7,True,2026-08-08,09:20:00,Low
25,2026-08-08 09:20:00+10:00,17,53,70,True,2026-08-08,09:20:00,Medium
48,2026-08-08 09:20:00+10:00,15,14,29,True,2026-08-08,09:20:00,Low
68,2026-08-08 09:20:00+10:00,3,3,6,True,2026-08-08,09:20:00,Low
72,2026-08-08 09:20:00+10:00,1,0,1,True,2026-08-08,09:20:00,Low
85,2026-08-08 09:20:00+10:00,1,2,3,True,2026-08-08,09:20:00,Low
109,2026-08-08 09:20:00+10:00,2,8,10,True,2026-08-08,09:20:00,Low
123,2026-08-08 09:20:00+10:00,1,1,2,True,2026-08-08,09:20:00,Low
130,2026-08-08 09:20:00+10:00,2,1,3,True,2026-08-08,09:20:00,Low
138,2026-08-08 09:20:00+10:00,3,1,4,True,2026-08-08,09:20:00,Low
161,2026-08-08 09:20:00+10:00,8,12,20,True,2026-08-08,09:20:00,Low
164,2026-08-08 09:20:00+10:00,6,13,19,True,2026-08-08,09:20:00,Low
3,2026-08-08 09:19:00+10:00,8,7,15,True,2026-08-08,09:19:00,Low
41,2026-08-08 09:19:00+10:00,3,6,9,True,2026-08-08,09:19:00,Low
61,2026-08-08 09:19:00+10:00,3,7,10,True,2026-08-08,09:19:00,Low
209,2026-08-08 09:19:00+10:00,6,2,8,True,2026-08-08,09:19:00,Low
2,2026-08-08 09:19:00+10:00,0,2,2,True,2026-08-08,09:19:00,Low
11,2026-08-08 09:19:00+10:00,3,1,4,True,2026-08-08,09:19:00,Low
12,2026-08-08 09:19:00+10:00,0,2,2,True,2026-08-08,09:19:00,Low
24,2026-08-08 09:19:00+10:00,16,5,21,True,2026-08-08,09:19:00,Low
51,2026-08-08 09:19:00+10:00,2,0,2,True,2026-08-08,09:19:00,Low
62,2026-08-08 09:19:00+10:00,0,1,1,True,2026-08-08,09:19:00,Low
63,2026-08-08 09:19:00+10:00,3,0,3,True,2026-08-08,09:19:00,Low
67,2026-08-08 09:19:00+10:00,9,5,14,True,2026-08-08,09:19:00,Low
76,2026-08-08 09:19:00+10:00,1,0,1,True,2026-08-08,09:19:00,Low
79,2026-08-08 09:19:00+10:00,0,3,3,True,2026-08-08,09:19:00,Low
4,2026-08-08 09:19:00+10:00,8,9,17,True,2026-08-08,09:19:00,Low
8,2026-08-08 09:19:00+10:00,2,4,6,True,2026-08-08,09:19:00,Low
36,2026-08-08 09:19:00+10:00,0,1,1,True,2026-08-08,09:19:00,Low
40,2026-08-08 09:19:00+10:00,1,1,2,True,2026-08-08,09:19:00,Low
1,2026-08-08 09:19:00+10:00,1,1,2,True,2026-08-08,09:19:00,Low
17,2026-08-08 09:19:00+10:00,10,2,12,True,2026-08-08,09:19:00,Low
18,2026-08-08 09:19:00+10:00,0,2,2,True,2026-08-08,09:19:00,Low
20,2026-08-08 09:19:00+10:00,0,6,6,True,2026-08-08,09:19:00,Low
53,2026-08-08 09:19:00+10:00,3,2,5,True,2026-08-08,09:19:00,Low
68,2026-08-08 09:19:00+10:00,3,5,8,True,2026-08-08,09:19:00,Low
85,2026-08-08 09:19:00+10:00,0,2,2,True,2026-08-08,09:19:00,Low
6,2026-08-08 09:19:00+10:00,2,2,4,True,2026-08-08,09:19:00,Low
29,2026-08-08 09:19:00+10:00,1,1,2,True,2026-08-08,09:19:00,Low
66,2026-08-08 09:19:00+10:00,0,7,7,True,2026-08-08,09:19:00,Low
69,2026-08-08 09:19:00+10:00,4,6,10,True,2026-08-08,09:19:00,Low
181,2026-08-08 09:19:00+10:00,8,14,22,True,2026-08-08,09:19:00,Low
10,2026-08-08 09:19:00+10:00,0,1,1,True,2026-08-08,09:19:00,Low
35,2026-08-08 09:19:00+10:00,27,13,40,True,2026-08-08,09:19:00,Low
72,2026-08-08 09:19:00+10:00,1,1,2,True,2026-08-08,09:19:00,Low
86,2026-08-08 09:19:00+10:00,1,0,1,True,2026-08-08,09:19:00,Low
40,2026-08-08 09:18:00+10:00,3,1,4,True,2026-08-08,09:18:00,Low
61,2026-08-08 09:18:00+10:00,0,6,6,True,2026-08-08,09:18:00,Low
70,2026-08-08 09:18:00+10:00,1,0,1,True,2026-08-08,09:18:00,Low
209,2026-08-08 09:18:00+10:00,2,1,3,True,2026-08-08,09:18:00,Low
19,2026-08-08 09:18:00+10:00,0,1,1,True,2026-08-08,09:18:00,Low
35,2026-08-08 09:18:00+10:00,23,10,33,True,2026-08-08,09:18:00,Low
68,2026-08-08 09:18:00+10:00,1,2,3,True,2026-08-08,09:18:00,Low
72,2026-08-08 09:18:00+10:00,1,1,2,True,2026-08-08,09:18:00,Low
4,2026-08-08 09:18:00+10:00,6,8,14,True,2026-08-08,09:18:00,Low
8,2026-08-08 09:18:00+10:00,0,7,7,True,2026-08-08,09:18:00,Low
29,2026-08-08 09:18:00+10:00,2,2,4,True,2026-08-08,09:18:00,Low
41,2026-08-08 09:18:00+10:00,6,11,17,True,2026-08-08,09:18:00,Low
66,2026-08-08 09:18:00+10:00,8,6,14,True,2026-08-08,09:18:00,Low
17,2026-08-08 09:18:00+10:00,3,1,4,True,2026-08-08,09:18:00,Low
24,2026-08-08 09:18:00+10:00,8,1,9,True,2026-08-08,09:18:00,Low
51,2026-08-08 09:18:00+10:00,7,3,10,True,2026-08-08,09:18:00,Low
53,2026-08-08 09:18:00+10:00,0,5,5,True,2026-08-08,09:18:00,Low
62,2026-08-08 09:18:00+10:00,0,1,1,True,2026-08-08,09:18:00,Low
67,2026-08-08 09:18:00+10:00,5,7,12,True,2026-08-08,09:18:00,Low
3,2026-08-08 09:18:00+10:00,5,3,8,True,2026-08-08,09:18:00,Low
6,2026-08-08 09:18:00+10:00,2,0,2,True,2026-08-08,09:18:00,Low
69,2026-08-08 09:18:00+10:00,3,3,6,True,2026-08-08,09:18:00,Low
87,2026-08-08 09:18:00+10:00,2,0,2,True,2026-08-08,09:18:00,Low
181,2026-08-08 09:18:00+10:00,3,8,11,True,2026-08-08,09:18:00,Low
1,2026-08-08 09:18:00+10:00,6,6,12,True,2026-08-08,09:18:00,Low
2,2026-08-08 09:18:00+10:00,0,1,1,True,2026-08-08,09:18:00,Low
12,2026-08-08 09:18:00+10:00,4,0,4,True,2026-08-08,09:18:00,Low
20,2026-08-08 09:18:00+10:00,2,0,2,True,2026-08-08,09:18:00,Low
63,2026-08-08 09:18:00+10:00,0,4,4,True,2026-08-08,09:18:00,Low
76,2026-08-08 09:18:00+10:00,1,0,1,True,2026-08-08,09:18:00,Low
79,2026-08-08 09:18:00+10:00,3,0,3,True,2026-08-08,09:18:00,Low
85,2026-08-08 09:18:00+10:00,5,2,7,True,2026-08-08,09:18:00,Low
86,2026-08-08 09:18:00+10:00,1,0,1,True,2026-08-08,09:18:00,Low
3,2026-08-08 09:17:00+10:00,3,6,9,True,2026-08-08,09:17:00,Low
6,2026-08-08 09:17:00+10:00,1,0,1,True,2026-08-08,09:17:00,Low
29,2026-08-08 09:17:00+10:00,6,0,6,True,2026-08-08,09:17:00,Low
41,2026-08-08 09:17:00+10:00,5,1,6,True,2026-08-08,09:17:00,Low
69,2026-08-08 09:17:00+10:00,2,0,2,True,2026-08-08,09:17:00,Low
35,2026-08-08 09:17:00+10:00,16,10,26,True,2026-08-08,09:17:00,Low
63,2026-08-08 09:17:00+10:00,1,4,5,True,2026-08-08,09:17:00,Low
67,2026-08-08 09:17:00+10:00,2,3,5,True,2026-08-08,09:17:00,Low
79,2026-08-08 09:17:00+10:00,7,1,8,True,2026-08-08,09:17:00,Low
36,2026-08-08 09:17:00+10:00,1,0,1,True,2026-08-08,09:17:00,Low
61,2026-08-08 09:17:00+10:00,4,8,12,True,2026-08-08,09:17:00,Low
66,2026-08-08 09:17:00+10:00,4,4,8,True,2026-08-08,09:17:00,Low
24,2026-08-08 09:17:00+10:00,3,3,6,True,2026-08-08,09:17:00,Low
62,2026-08-08 09:17:00+10:00,7,3,10,True,2026-08-08,09:17:00,Low
68,2026-08-08 09:17:00+10:00,3,3,6,True,2026-08-08,09:17:00,Low
85,2026-08-08 09:17:00+10:00,1,0,1,True,2026-08-08,09:17:00,Low
4,2026-08-08 09:17:00+10:00,6,2,8,True,2026-08-08,09:17:00,Low
8,2026-08-08 09:17:00+10:00,1,2,3,True,2026-08-08,09:17:00,Low
40,2026-08-08 09:17:00+10:00,1,0,1,True,2026-08-08,09:17:00,Low
70,2026-08-08 09:17:00+10:00,1,0,1,True,2026-08-08,09:17:00,Low
87,2026-08-08 09:17:00+10:00,2,0,2,True,2026-08-08,09:17:00,Low
181,2026-08-08 09:17:00+10:00,8,4,12,True,2026-08-08,09:17:00,Low
209,2026-08-08 09:17:00+10:00,8,0,8,True,2026-08-08,09:17:00,Low
1,2026-08-08 09:17:00+10:00,6,1,7,True,2026-08-08,09:17:00,Low
2,2026-08-08 09:17:00+10:00,1,2,3,True,2026-08-08,09:17:00,Low
17,2026-08-08 09:17:00+10:00,3,2,5,True,2026-08-08,09:17:00,Low
19,2026-08-08 09:17:00+10:00,1,0,1,True,2026-08-08,09:17:00,Low
20,2026-08-08 09:17:00+10:00,0,2,2,True,2026-08-08,09:17:00,Low
53,2026-08-08 09:17:00+10:00,5,3,8,True,2026-08-08,09:17:00,Low
72,2026-08-08 09:17:00+10:00,5,1,6,True,2026-08-08,09:17:00,Low
76,2026-08-08 09:17:00+10:00,1,0,1,True,2026-08-08,09:17:00,Low
86,2026-08-08 09:17:00+10:00,0,1,1,True,2026-08-08,09:17:00,Low
6,2026-08-08 09:16:00+10:00,2,0,2,True,2026-08-08,09:16:00,Low
8,2026-08-08 09:16:00+10:00,0,3,3,True,2026-08-08,09:16:00,Low
41,2026-08-08 09:16:00+10:00,6,5,11,True,2026-08-08,09:16:00,Low
1,2026-08-08 09:16:00+10:00,4,12,16,True,2026-08-08,09:16:00,Low
10,2026-08-08 09:16:00+10:00,2,1,3,True,2026-08-08,09:16:00,Low
19,2026-08-08 09:16:00+10:00,1,1,2,True,2026-08-08,09:16:00,Low
24,2026-08-08 09:16:00+10:00,8,0,8,True,2026-08-08,09:16:00,Low
62,2026-08-08 09:16:00+10:00,2,1,3,True,2026-08-08,09:16:00,Low
3,2026-08-08 09:16:00+10:00,0,5,5,True,2026-08-08,09:16:00,Low
4,2026-08-08 09:16:00+10:00,9,2,11,True,2026-08-08,09:16:00,Low
39,2026-08-08 09:16:00+10:00,2,4,6,True,2026-08-08,09:16:00,Low
61,2026-08-08 09:16:00+10:00,0,1,1,True,2026-08-08,09:16:00,Low
66,2026-08-08 09:16:00+10:00,2,2,4,True,2026-08-08,09:16:00,Low
70,2026-08-08 09:16:00+10:00,1,0,1,True,2026-08-08,09:16:00,Low
181,2026-08-08 09:16:00+10:00,4,11,15,True,2026-08-08,09:16:00,Low
209,2026-08-08 09:16:00+10:00,1,6,7,True,2026-08-08,09:16:00,Low
2,2026-08-08 09:16:00+10:00,7,2,9,True,2026-08-08,09:16:00,Low
11,2026-08-08 09:16:00+10:00,0,1,1,True,2026-08-08,09:16:00,Low
20,2026-08-08 09:16:00+10:00,0,3,3,True,2026-08-08,09:16:00,Low
72,2026-08-08 09:16:00+10:00,0,1,1,True,2026-08-08,09:16:00,Low
79,2026-08-08 09:16:00+10:00,2,4,6,True,2026-08-08,09:16:00,Low
29,2026-08-08 09:16:00+10:00,3,2,5,True,2026-08-08,09:16:00,Low
36,2026-08-08 09:16:00+10:00,0,1,1,True,2026-08-08,09:16:00,Low
40,2026-08-08 09:16:00+10:00,0,7,7,True,2026-08-08,09:16:00,Low
69,2026-08-08 09:16:00+10:00,1,1,2,True,2026-08-08,09:16:00,Low
12,2026-08-08 09:16:00+10:00,0,2,2,True,2026-08-08,09:16:00,Low
17,2026-08-08 09:16:00+10:00,6,0,6,True,2026-08-08,09:16:00,Low
35,2026-08-08 09:16:00+10:00,8,15,23,True,2026-08-08,09:16:00,Low
53,2026-08-08 09:16:00+10:00,5,1,6,True,2026-08-08,09:16:00,Low
63,2026-08-08 09:16:00+10:00,6,2,8,True,2026-08-08,09:16:00,Low
67,2026-08-08 09:16:00+10:00,1,7,8,True,2026-08-08,09:16:00,Low
68,2026-08-08 09:16:00+10:00,2,1,3,True,2026-08-08,09:16:00,Low
85,2026-08-08 09:16:00+10:00,3,1,4,True,2026-08-08,09:16:00,Low
3,2026-08-08 09:15:00+10:00,3,8,11,True,2026-08-08,09:15:00,Low
6,2026-08-08 09:15:00+10:00,2,2,4,True,2026-08-08,09:15:00,Low
39,2026-08-08 09:15:00+10:00,2,0,2,True,2026-08-08,09:15:00,Low
40,2026-08-08 09:15:00+10:00,1,3,4,True,2026-08-08,09:15:00,Low
41,2026-08-08 09:15:00+10:00,9,4,13,True,2026-08-08,09:15:00,Low
45,2026-08-08 09:15:00+10:00,22,25,47,True,2026-08-08,09:15:00,Low
47,2026-08-08 09:15:00+10:00,17,8,25,True,2026-08-08,09:15:00,Low
54,2026-08-08 09:15:00+10:00,1,1,2,True,2026-08-08,09:15:00,Low
66,2026-08-08 09:15:00+10:00,3,6,9,True,2026-08-08,09:15:00,Low
69,2026-08-08 09:15:00+10:00,1,6,7,True,2026-08-08,09:15:00,Low
77,2026-08-08 09:15:00+10:00,8,6,14,True,2026-08-08,09:15:00,Low
84,2026-08-08 09:15:00+10:00,17,19,36,True,2026-08-08,09:15:00,Low
118,2026-08-08 09:15:00+10:00,0,4,4,True,2026-08-08,09:15:00,Low
135,2026-08-08 09:15:00+10:00,25,7,32,True,2026-08-08,09:15:00,Low
143,2026-08-08 09:15:00+10:00,8,29,37,True,2026-08-08,09:15:00,Low
162,2026-08-08 09:15:00+10:00,26,20,46,True,2026-08-08,09:15:00,Low
167,2026-08-08 09:15:00+10:00,1,2,3,True,2026-08-08,09:15:00,Low
179,2026-08-08 09:15:00+10:00,10,2,12,True,2026-08-08,09:15:00,Low
181,2026-08-08 09:15:00+10:00,6,14,20,True,2026-08-08,09:15:00,Low
182,2026-08-08 09:15:00+10:00,3,13,16,True,2026-08-08,09:15:00,Low
184,2026-08-08 09:15:00+10:00,27,23,50,True,2026-08-08,09:15:00,Low
185,2026-08-08 09:15:00+10:00,19,19,38,True,2026-08-08,09:15:00,Low
12,2026-08-08 09:15:00+10:00,0,1,1,True,2026-08-08,09:15:00,Low
25,2026-08-08 09:15:00+10:00,13,52,65,True,2026-08-08,09:15:00,Medium
27,2026-08-08 09:15:00+10:00,13,7,20,True,2026-08-08,09:15:00,Low
30,2026-08-08 09:15:00+10:00,8,8,16,True,2026-08-08,09:15:00,Low
58,2026-08-08 09:15:00+10:00,17,13,30,True,2026-08-08,09:15:00,Low
63,2026-08-08 09:15:00+10:00,1,2,3,True,2026-08-08,09:15:00,Low
68,2026-08-08 09:15:00+10:00,3,3,6,True,2026-08-08,09:15:00,Low
72,2026-08-08 09:15:00+10:00,1,4,5,True,2026-08-08,09:15:00,Low
76,2026-08-08 09:15:00+10:00,1,0,1,True,2026-08-08,09:15:00,Low
86,2026-08-08 09:15:00+10:00,0,3,3,True,2026-08-08,09:15:00,Low
137,2026-08-08 09:15:00+10:00,1,1,2,True,2026-08-08,09:15:00,Low
141,2026-08-08 09:15:00+10:00,3,5,8,True,2026-08-08,09:15:00,Low
8,2026-08-08 09:15:00+10:00,1,1,2,True,2026-08-08,09:15:00,Low
21,2026-08-08 09:15:00+10:00,2,3,5,True,2026-08-08,09:15:00,Low
43,2026-08-08 09:15:00+10:00,4,9,13,True,2026-08-08,09:15:00,Low
44,2026-08-08 09:15:00+10:00,2,5,7,True,2026-08-08,09:15:00,Low
59,2026-08-08 09:15:00+10:00,12,11,23,True,2026-08-08,09:15:00,Low
61,2026-08-08 09:15:00+10:00,0,1,1,True,2026-08-08,09:15:00,Low
70,2026-08-08 09:15:00+10:00,0,1,1,True,2026-08-08,09:15:00,Low
75,2026-08-08 09:15:00+10:00,0,2,2,True,2026-08-08,09:15:00,Low
87,2026-08-08 09:15:00+10:00,0,4,4,True,2026-08-08,09:15:00,Low
107,2026-08-08 09:15:00+10:00,3,4,7,True,2026-08-08,09:15:00,Low
133,2026-08-08 09:15:00+10:00,26,25,51,True,2026-08-08,09:15:00,Medium
165,2026-08-08 09:15:00+10:00,1,3,4,True,2026-08-08,09:15:00,Low
188,2026-08-08 09:15:00+10:00,6,0,6,True,2026-08-08,09:15:00,Low
209,2026-08-08 09:15:00+10:00,3,0,3,True,2026-08-08,09:15:00,Low
1,2026-08-08 09:15:00+10:00,2,8,10,True,2026-08-08,09:15:00,Low
17,2026-08-08 09:15:00+10:00,1,1,2,True,2026-08-08,09:15:00,Low
24,2026-08-08 09:15:00+10:00,7,1,8,True,2026-08-08,09:15:00,Low
46,2026-08-08 09:15:00+10:00,0,1,1,True,2026-08-08,09:15:00,Low
48,2026-08-08 09:15:00+10:00,15,19,34,True,2026-08-08,09:15:00,Low
79,2026-08-08 09:15:00+10:00,2,0,2,True,2026-08-08,09:15:00,Low
109,2026-08-08 09:15:00+10:00,10,1,11,True,2026-08-08,09:15:00,Low
117,2026-08-08 09:15:00+10:00,7,15,22,True,2026-08-08,09:15:00,Low
130,2026-08-08 09:15:00+10:00,2,3,5,True,2026-08-08,09:15:00,Low
4,2026-08-08 09:15:00+10:00,15,0,15,True,2026-08-08,09:15:00,Low
5,2026-08-08 09:15:00+10:00,24,19,43,True,2026-08-08,09:15:00,Low
29,2026-08-08 09:15:00+10:00,1,5,6,True,2026-08-08,09:15:00,Low
36,2026-08-08 09:15:00+10:00,2,1,3,True,2026-08-08,09:15:00,Low
37,2026-08-08 09:15:00+10:00,2,2,4,True,2026-08-08,09:15:00,Low
131,2026-08-08 09:15:00+10:00,8,11,19,True,2026-08-08,09:15:00,Low
132,2026-08-08 09:15:00+10:00,20,2,22,True,2026-08-08,09:15:00,Low
134,2026-08-08 09:15:00+10:00,16,14,30,True,2026-08-08,09:15:00,Low
140,2026-08-08 09:15:00+10:00,6,1,7,True,2026-08-08,09:15:00,Low
166,2026-08-08 09:15:00+10:00,0,2,2,True,2026-08-08,09:15:00,Low
2,2026-08-08 09:15:00+10:00,4,5,9,True,2026-08-08,09:15:00,Low
11,2026-08-08 09:15:00+10:00,0,5,5,True,2026-08-08,09:15:00,Low
18,2026-08-08 09:15:00+10:00,0,2,2,True,2026-08-08,09:15:00,Low
19,2026-08-08 09:15:00+10:00,1,2,3,True,2026-08-08,09:15:00,Low
23,2026-08-08 09:15:00+10:00,3,12,15,True,2026-08-08,09:15:00,Low
35,2026-08-08 09:15:00+10:00,9,12,21,True,2026-08-08,09:15:00,Low
49,2026-08-08 09:15:00+10:00,16,26,42,True,2026-08-08,09:15:00,Low
51,2026-08-08 09:15:00+10:00,0,1,1,True,2026-08-08,09:15:00,Low
53,2026-08-08 09:15:00+10:00,0,1,1,True,2026-08-08,09:15:00,Low
67,2026-08-08 09:15:00+10:00,9,2,11,True,2026-08-08,09:15:00,Low
85,2026-08-08 09:15:00+10:00,1,2,3,True,2026-08-08,09:15:00,Low
123,2026-08-08 09:15:00+10:00,1,4,5,True,2026-08-08,09:15:00,Low
136,2026-08-08 09:15:00+10:00,7,6,13,True,2026-08-08,09:15:00,Low
139,2026-08-08 09:15:00+10:00,4,4,8,True,2026-08-08,09:15:00,Low
142,2026-08-08 09:15:00+10:00,39,28,67,True,2026-08-08,09:15:00,Medium
161,2026-08-08 09:15:00+10:00,5,7,12,True,2026-08-08,09:15:00,Low
164,2026-08-08 09:15:00+10:00,2,2,4,True,2026-08-08,09:15:00,Low
29,2026-08-08 09:14:00+10:00,3,2,5,True,2026-08-08,09:14:00,Low
39,2026-08-08 09:14:00+10:00,1,0,1,True,2026-08-08,09:14:00,Low
69,2026-08-08 09:14:00+10:00,1,4,5,True,2026-08-08,09:14:00,Low
75,2026-08-08 09:14:00+10:00,2,0,2,True,2026-08-08,09:14:00,Low
87,2026-08-08 09:14:00+10:00,0,2,2,True,2026-08-08,09:14:00,Low
209,2026-08-08 09:14:00+10:00,4,0,4,True,2026-08-08,09:14:00,Low
2,2026-08-08 09:14:00+10:00,1,4,5,True,2026-08-08,09:14:00,Low
9,2026-08-08 09:14:00+10:00,1,0,1,True,2026-08-08,09:14:00,Low
17,2026-08-08 09:14:00+10:00,1,6,7,True,2026-08-08,09:14:00,Low
19,2026-08-08 09:14:00+10:00,0,2,2,True,2026-08-08,09:14:00,Low
24,2026-08-08 09:14:00+10:00,0,4,4,True,2026-08-08,09:14:00,Low
53,2026-08-08 09:14:00+10:00,2,4,6,True,2026-08-08,09:14:00,Low
68,2026-08-08 09:14:00+10:00,5,1,6,True,2026-08-08,09:14:00,Low
79,2026-08-08 09:14:00+10:00,0,3,3,True,2026-08-08,09:14:00,Low
3,2026-08-08 09:14:00+10:00,1,1,2,True,2026-08-08,09:14:00,Low
36,2026-08-08 09:14:00+10:00,6,0,6,True,2026-08-08,09:14:00,Low
61,2026-08-08 09:14:00+10:00,5,5,10,True,2026-08-08,09:14:00,Low
181,2026-08-08 09:14:00+10:00,1,7,8,True,2026-08-08,09:14:00,Low
1,2026-08-08 09:14:00+10:00,4,2,6,True,2026-08-08,09:14:00,Low
18,2026-08-08 09:14:00+10:00,0,2,2,True,2026-08-08,09:14:00,Low
35,2026-08-08 09:14:00+10:00,6,2,8,True,2026-08-08,09:14:00,Low
51,2026-08-08 09:14:00+10:00,0,4,4,True,2026-08-08,09:14:00,Low
67,2026-08-08 09:14:00+10:00,2,4,6,True,2026-08-08,09:14:00,Low
4,2026-08-08 09:14:00+10:00,10,5,15,True,2026-08-08,09:14:00,Low
8,2026-08-08 09:14:00+10:00,0,1,1,True,2026-08-08,09:14:00,Low
40,2026-08-08 09:14:00+10:00,4,0,4,True,2026-08-08,09:14:00,Low
41,2026-08-08 09:14:00+10:00,12,1,13,True,2026-08-08,09:14:00,Low
66,2026-08-08 09:14:00+10:00,3,6,9,True,2026-08-08,09:14:00,Low
70,2026-08-08 09:14:00+10:00,1,2,3,True,2026-08-08,09:14:00,Low
12,2026-08-08 09:14:00+10:00,1,3,4,True,2026-08-08,09:14:00,Low
20,2026-08-08 09:14:00+10:00,0,2,2,True,2026-08-08,09:14:00,Low
72,2026-08-08 09:14:00+10:00,0,2,2,True,2026-08-08,09:14:00,Low
85,2026-08-08 09:14:00+10:00,1,0,1,True,2026-08-08,09:14:00,Low
86,2026-08-08 09:14:00+10:00,1,1,2,True,2026-08-08,09:14:00,Low
29,2026-08-08 09:13:00+10:00,4,0,4,True,2026-08-08,09:13:00,Low
36,2026-08-08 09:13:00+10:00,0,1,1,True,2026-08-08,09:13:00,Low
39,2026-08-08 09:13:00+10:00,0,1,1,True,2026-08-08,09:13:00,Low
41,2026-08-08 09:13:00+10:00,6,5,11,True,2026-08-08,09:13:00,Low
66,2026-08-08 09:13:00+10:00,1,3,4,True,2026-08-08,09:13:00,Low
209,2026-08-08 09:13:00+10:00,0,1,1,True,2026-08-08,09:13:00,Low
9,2026-08-08 09:13:00+10:00,2,0,2,True,2026-08-08,09:13:00,Low
35,2026-08-08 09:13:00+10:00,11,9,20,True,2026-08-08,09:13:00,Low
51,2026-08-08 09:13:00+10:00,0,4,4,True,2026-08-08,09:13:00,Low
63,2026-08-08 09:13:00+10:00,3,4,7,True,2026-08-08,09:13:00,Low
76,2026-08-08 09:13:00+10:00,1,3,4,True,2026-08-08,09:13:00,Low
3,2026-08-08 09:13:00+10:00,1,7,8,True,2026-08-08,09:13:00,Low
6,2026-08-08 09:13:00+10:00,2,0,2,True,2026-08-08,09:13:00,Low
8,2026-08-08 09:13:00+10:00,0,1,1,True,2026-08-08,09:13:00,Low
61,2026-08-08 09:13:00+10:00,3,2,5,True,2026-08-08,09:13:00,Low
181,2026-08-08 09:13:00+10:00,7,7,14,True,2026-08-08,09:13:00,Low
1,2026-08-08 09:13:00+10:00,1,3,4,True,2026-08-08,09:13:00,Low
2,2026-08-08 09:13:00+10:00,1,9,10,True,2026-08-08,09:13:00,Low
19,2026-08-08 09:13:00+10:00,0,2,2,True,2026-08-08,09:13:00,Low
68,2026-08-08 09:13:00+10:00,3,3,6,True,2026-08-08,09:13:00,Low
85,2026-08-08 09:13:00+10:00,3,3,6,True,2026-08-08,09:13:00,Low
86,2026-08-08 09:13:00+10:00,2,0,2,True,2026-08-08,09:13:00,Low
4,2026-08-08 09:13:00+10:00,11,2,13,True,2026-08-08,09:13:00,Low
40,2026-08-08 09:13:00+10:00,2,0,2,True,2026-08-08,09:13:00,Low
69,2026-08-08 09:13:00+10:00,9,0,9,True,2026-08-08,09:13:00,Low
70,2026-08-08 09:13:00+10:00,2,0,2,True,2026-08-08,09:13:00,Low
18,2026-08-08 09:13:00+10:00,0,1,1,True,2026-08-08,09:13:00,Low
24,2026-08-08 09:13:00+10:00,8,3,11,True,2026-08-08,09:13:00,Low
53,2026-08-08 09:13:00+10:00,7,3,10,True,2026-08-08,09:13:00,Low
62,2026-08-08 09:13:00+10:00,1,0,1,True,2026-08-08,09:13:00,Low
67,2026-08-08 09:13:00+10:00,6,1,7,True,2026-08-08,09:13:00,Low
72,2026-08-08 09:13:00+10:00,0,1,1,True,2026-08-08,09:13:00,Low
79,2026-08-08 09:13:00+10:00,4,6,10,True,2026-08-08,09:13:00,Low
4,2026-08-08 09:12:00+10:00,4,2,6,True,2026-08-08,09:12:00,Low
29,2026-08-08 09:12:00+10:00,1,11,12,True,2026-08-08,09:12:00,Low
70,2026-08-08 09:12:00+10:00,1,1,2,True,2026-08-08,09:12:00,Low
87,2026-08-08 09:12:00+10:00,1,0,1,True,2026-08-08,09:12:00,Low
181,2026-08-08 09:12:00+10:00,3,3,6,True,2026-08-08,09:12:00,Low
209,2026-08-08 09:12:00+10:00,16,0,16,True,2026-08-08,09:12:00,Low
17,2026-08-08 09:12:00+10:00,1,0,1,True,2026-08-08,09:12:00,Low
62,2026-08-08 09:12:00+10:00,2,1,3,True,2026-08-08,09:12:00,Low
63,2026-08-08 09:12:00+10:00,2,1,3,True,2026-08-08,09:12:00,Low
68,2026-08-08 09:12:00+10:00,0,6,6,True,2026-08-08,09:12:00,Low
76,2026-08-08 09:12:00+10:00,0,2,2,True,2026-08-08,09:12:00,Low
85,2026-08-08 09:12:00+10:00,1,1,2,True,2026-08-08,09:12:00,Low
86,2026-08-08 09:12:00+10:00,4,1,5,True,2026-08-08,09:12:00,Low
3,2026-08-08 09:12:00+10:00,5,1,6,True,2026-08-08,09:12:00,Low
8,2026-08-08 09:12:00+10:00,0,3,3,True,2026-08-08,09:12:00,Low
41,2026-08-08 09:12:00+10:00,21,6,27,True,2026-08-08,09:12:00,Low
69,2026-08-08 09:12:00+10:00,1,1,2,True,2026-08-08,09:12:00,Low
75,2026-08-08 09:12:00+10:00,1,0,1,True,2026-08-08,09:12:00,Low
9,2026-08-08 09:12:00+10:00,1,2,3,True,2026-08-08,09:12:00,Low
10,2026-08-08 09:12:00+10:00,1,1,2,True,2026-08-08,09:12:00,Low
11,2026-08-08 09:12:00+10:00,0,1,1,True,2026-08-08,09:12:00,Low
24,2026-08-08 09:12:00+10:00,1,2,3,True,2026-08-08,09:12:00,Low
35,2026-08-08 09:12:00+10:00,15,6,21,True,2026-08-08,09:12:00,Low
53,2026-08-08 09:12:00+10:00,1,2,3,True,2026-08-08,09:12:00,Low
67,2026-08-08 09:12:00+10:00,1,4,5,True,2026-08-08,09:12:00,Low
72,2026-08-08 09:12:00+10:00,1,0,1,True,2026-08-08,09:12:00,Low
39,2026-08-08 09:12:00+10:00,1,0,1,True,2026-08-08,09:12:00,Low
40,2026-08-08 09:12:00+10:00,2,2,4,True,2026-08-08,09:12:00,Low
61,2026-08-08 09:12:00+10:00,3,3,6,True,2026-08-08,09:12:00,Low
66,2026-08-08 09:12:00+10:00,3,3,6,True,2026-08-08,09:12:00,Low
1,2026-08-08 09:12:00+10:00,4,3,7,True,2026-08-08,09:12:00,Low
2,2026-08-08 09:12:00+10:00,0,5,5,True,2026-08-08,09:12:00,Low
19,2026-08-08 09:12:00+10:00,0,1,1,True,2026-08-08,09:12:00,Low
79,2026-08-08 09:12:00+10:00,3,4,7,True,2026-08-08,09:12:00,Low
3,2026-08-08 09:11:00+10:00,2,1,3,True,2026-08-08,09:11:00,Low
69,2026-08-08 09:11:00+10:00,7,3,10,True,2026-08-08,09:11:00,Low
209,2026-08-08 09:11:00+10:00,6,2,8,True,2026-08-08,09:11:00,Low
19,2026-08-08 09:11:00+10:00,0,6,6,True,2026-08-08,09:11:00,Low
20,2026-08-08 09:11:00+10:00,3,0,3,True,2026-08-08,09:11:00,Low
24,2026-08-08 09:11:00+10:00,0,2,2,True,2026-08-08,09:11:00,Low
72,2026-08-08 09:11:00+10:00,1,1,2,True,2026-08-08,09:11:00,Low
85,2026-08-08 09:11:00+10:00,3,2,5,True,2026-08-08,09:11:00,Low
4,2026-08-08 09:11:00+10:00,6,9,15,True,2026-08-08,09:11:00,Low
6,2026-08-08 09:11:00+10:00,1,0,1,True,2026-08-08,09:11:00,Low
61,2026-08-08 09:11:00+10:00,1,3,4,True,2026-08-08,09:11:00,Low
66,2026-08-08 09:11:00+10:00,2,3,5,True,2026-08-08,09:11:00,Low
1,2026-08-08 09:11:00+10:00,0,1,1,True,2026-08-08,09:11:00,Low
9,2026-08-08 09:11:00+10:00,2,0,2,True,2026-08-08,09:11:00,Low
51,2026-08-08 09:11:00+10:00,2,0,2,True,2026-08-08,09:11:00,Low
53,2026-08-08 09:11:00+10:00,1,5,6,True,2026-08-08,09:11:00,Low
68,2026-08-08 09:11:00+10:00,5,2,7,True,2026-08-08,09:11:00,Low
76,2026-08-08 09:11:00+10:00,1,0,1,True,2026-08-08,09:11:00,Low
86,2026-08-08 09:11:00+10:00,0,1,1,True,2026-08-08,09:11:00,Low
40,2026-08-08 09:11:00+10:00,0,3,3,True,2026-08-08,09:11:00,Low
41,2026-08-08 09:11:00+10:00,9,6,15,True,2026-08-08,09:11:00,Low
70,2026-08-08 09:11:00+10:00,0,3,3,True,2026-08-08,09:11:00,Low
75,2026-08-08 09:11:00+10:00,0,1,1,True,2026-08-08,09:11:00,Low
181,2026-08-08 09:11:00+10:00,3,2,5,True,2026-08-08,09:11:00,Low
2,2026-08-08 09:11:00+10:00,1,4,5,True,2026-08-08,09:11:00,Low
10,2026-08-08 09:11:00+10:00,2,0,2,True,2026-08-08,09:11:00,Low
12,2026-08-08 09:11:00+10:00,4,0,4,True,2026-08-08,09:11:00,Low
17,2026-08-08 09:11:00+10:00,0,3,3,True,2026-08-08,09:11:00,Low
35,2026-08-08 09:11:00+10:00,16,14,30,True,2026-08-08,09:11:00,Low
62,2026-08-08 09:11:00+10:00,4,0,4,True,2026-08-08,09:11:00,Low
63,2026-08-08 09:11:00+10:00,3,3,6,True,2026-08-08,09:11:00,Low
67,2026-08-08 09:11:00+10:00,9,6,15,True,2026-08-08,09:11:00,Low
79,2026-08-08 09:11:00+10:00,3,1,4,True,2026-08-08,09:11:00,Low
3,2026-08-08 09:10:00+10:00,2,4,6,True,2026-08-08,09:10:00,Low
21,2026-08-08 09:10:00+10:00,1,6,7,True,2026-08-08,09:10:00,Low
29,2026-08-08 09:10:00+10:00,3,3,6,True,2026-08-08,09:10:00,Low
41,2026-08-08 09:10:00+10:00,11,2,13,True,2026-08-08,09:10:00,Low
45,2026-08-08 09:10:00+10:00,14,6,20,True,2026-08-08,09:10:00,Low
47,2026-08-08 09:10:00+10:00,0,2,2,True,2026-08-08,09:10:00,Low
61,2026-08-08 09:10:00+10:00,0,9,9,True,2026-08-08,09:10:00,Low
66,2026-08-08 09:10:00+10:00,0,3,3,True,2026-08-08,09:10:00,Low
84,2026-08-08 09:10:00+10:00,27,25,52,True,2026-08-08,09:10:00,Medium
131,2026-08-08 09:10:00+10:00,2,2,4,True,2026-08-08,09:10:00,Low
132,2026-08-08 09:10:00+10:00,8,5,13,True,2026-08-08,09:10:00,Low
133,2026-08-08 09:10:00+10:00,22,38,60,True,2026-08-08,09:10:00,Medium
143,2026-08-08 09:10:00+10:00,10,23,33,True,2026-08-08,09:10:00,Low
166,2026-08-08 09:10:00+10:00,2,6,8,True,2026-08-08,09:10:00,Low
167,2026-08-08 09:10:00+10:00,1,3,4,True,2026-08-08,09:10:00,Low
182,2026-08-08 09:10:00+10:00,13,10,23,True,2026-08-08,09:10:00,Low
188,2026-08-08 09:10:00+10:00,4,0,4,True,2026-08-08,09:10:00,Low
1,2026-08-08 09:10:00+10:00,1,5,6,True,2026-08-08,09:10:00,Low
2,2026-08-08 09:10:00+10:00,3,4,7,True,2026-08-08,09:10:00,Low
9,2026-08-08 09:10:00+10:00,2,0,2,True,2026-08-08,09:10:00,Low
24,2026-08-08 09:10:00+10:00,4,1,5,True,2026-08-08,09:10:00,Low
25,2026-08-08 09:10:00+10:00,60,62,122,True,2026-08-08,09:10:00,Medium
46,2026-08-08 09:10:00+10:00,1,1,2,True,2026-08-08,09:10:00,Low
48,2026-08-08 09:10:00+10:00,20,7,27,True,2026-08-08,09:10:00,Low
49,2026-08-08 09:10:00+10:00,15,11,26,True,2026-08-08,09:10:00,Low
68,2026-08-08 09:10:00+10:00,2,2,4,True,2026-08-08,09:10:00,Low
76,2026-08-08 09:10:00+10:00,1,0,1,True,2026-08-08,09:10:00,Low
79,2026-08-08 09:10:00+10:00,9,2,11,True,2026-08-08,09:10:00,Low
117,2026-08-08 09:10:00+10:00,4,1,5,True,2026-08-08,09:10:00,Low
123,2026-08-08 09:10:00+10:00,3,0,3,True,2026-08-08,09:10:00,Low
141,2026-08-08 09:10:00+10:00,4,10,14,True,2026-08-08,09:10:00,Low
4,2026-08-08 09:10:00+10:00,9,9,18,True,2026-08-08,09:10:00,Low
5,2026-08-08 09:10:00+10:00,16,34,50,True,2026-08-08,09:10:00,Low
36,2026-08-08 09:10:00+10:00,2,3,5,True,2026-08-08,09:10:00,Low
39,2026-08-08 09:10:00+10:00,1,0,1,True,2026-08-08,09:10:00,Low
43,2026-08-08 09:10:00+10:00,6,6,12,True,2026-08-08,09:10:00,Low
44,2026-08-08 09:10:00+10:00,5,6,11,True,2026-08-08,09:10:00,Low
54,2026-08-08 09:10:00+10:00,4,3,7,True,2026-08-08,09:10:00,Low
69,2026-08-08 09:10:00+10:00,2,1,3,True,2026-08-08,09:10:00,Low
70,2026-08-08 09:10:00+10:00,2,1,3,True,2026-08-08,09:10:00,Low
77,2026-08-08 09:10:00+10:00,9,5,14,True,2026-08-08,09:10:00,Low
87,2026-08-08 09:10:00+10:00,2,0,2,True,2026-08-08,09:10:00,Low
107,2026-08-08 09:10:00+10:00,11,3,14,True,2026-08-08,09:10:00,Low
135,2026-08-08 09:10:00+10:00,5,19,24,True,2026-08-08,09:10:00,Low
165,2026-08-08 09:10:00+10:00,0,1,1,True,2026-08-08,09:10:00,Low
179,2026-08-08 09:10:00+10:00,1,1,2,True,2026-08-08,09:10:00,Low
181,2026-08-08 09:10:00+10:00,1,11,12,True,2026-08-08,09:10:00,Low
12,2026-08-08 09:10:00+10:00,2,0,2,True,2026-08-08,09:10:00,Low
18,2026-08-08 09:10:00+10:00,2,1,3,True,2026-08-08,09:10:00,Low
19,2026-08-08 09:10:00+10:00,2,0,2,True,2026-08-08,09:10:00,Low
27,2026-08-08 09:10:00+10:00,10,8,18,True,2026-08-08,09:10:00,Low
30,2026-08-08 09:10:00+10:00,5,11,16,True,2026-08-08,09:10:00,Low
35,2026-08-08 09:10:00+10:00,47,11,58,True,2026-08-08,09:10:00,Medium
51,2026-08-08 09:10:00+10:00,1,0,1,True,2026-08-08,09:10:00,Low
58,2026-08-08 09:10:00+10:00,36,4,40,True,2026-08-08,09:10:00,Low
67,2026-08-08 09:10:00+10:00,5,6,11,True,2026-08-08,09:10:00,Low
85,2026-08-08 09:10:00+10:00,1,1,2,True,2026-08-08,09:10:00,Low
86,2026-08-08 09:10:00+10:00,1,1,2,True,2026-08-08,09:10:00,Low
109,2026-08-08 09:10:00+10:00,11,2,13,True,2026-08-08,09:10:00,Low
130,2026-08-08 09:10:00+10:00,7,2,9,True,2026-08-08,09:10:00,Low
136,2026-08-08 09:10:00+10:00,6,3,9,True,2026-08-08,09:10:00,Low
137,2026-08-08 09:10:00+10:00,1,2,3,True,2026-08-08,09:10:00,Low
161,2026-08-08 09:10:00+10:00,6,11,17,True,2026-08-08,09:10:00,Low
6,2026-08-08 09:10:00+10:00,1,3,4,True,2026-08-08,09:10:00,Low
37,2026-08-08 09:10:00+10:00,3,2,5,True,2026-08-08,09:10:00,Low
59,2026-08-08 09:10:00+10:00,9,13,22,True,2026-08-08,09:10:00,Low
118,2026-08-08 09:10:00+10:00,1,3,4,True,2026-08-08,09:10:00,Low
134,2026-08-08 09:10:00+10:00,6,25,31,True,2026-08-08,09:10:00,Low
140,2026-08-08 09:10:00+10:00,7,5,12,True,2026-08-08,09:10:00,Low
162,2026-08-08 09:10:00+10:00,28,26,54,True,2026-08-08,09:10:00,Medium
184,2026-08-08 09:10:00+10:00,15,15,30,True,2026-08-08,09:10:00,Low
185,2026-08-08 09:10:00+10:00,13,16,29,True,2026-08-08,09:10:00,Low
209,2026-08-08 09:10:00+10:00,4,3,7,True,2026-08-08,09:10:00,Low
20,2026-08-08 09:10:00+10:00,8,2,10,True,2026-08-08,09:10:00,Low
23,2026-08-08 09:10:00+10:00,14,13,27,True,2026-08-08,09:10:00,Low
53,2026-08-08 09:10:00+10:00,2,1,3,True,2026-08-08,09:10:00,Low
63,2026-08-08 09:10:00+10:00,0,3,3,True,2026-08-08,09:10:00,Low
139,2026-08-08 09:10:00+10:00,0,5,5,True,2026-08-08,09:10:00,Low
142,2026-08-08 09:10:00+10:00,54,26,80,True,2026-08-08,09:10:00,Medium
164,2026-08-08 09:10:00+10:00,4,5,9,True,2026-08-08,09:10:00,Low
4,2026-08-08 09:09:00+10:00,7,7,14,True,2026-08-08,09:09:00,Low
40,2026-08-08 09:09:00+10:00,1,1,2,True,2026-08-08,09:09:00,Low
69,2026-08-08 09:09:00+10:00,12,2,14,True,2026-08-08,09:09:00,Low
181,2026-08-08 09:09:00+10:00,2,6,8,True,2026-08-08,09:09:00,Low
209,2026-08-08 09:09:00+10:00,2,0,2,True,2026-08-08,09:09:00,Low
19,2026-08-08 09:09:00+10:00,2,0,2,True,2026-08-08,09:09:00,Low
20,2026-08-08 09:09:00+10:00,0,2,2,True,2026-08-08,09:09:00,Low
24,2026-08-08 09:09:00+10:00,2,7,9,True,2026-08-08,09:09:00,Low
35,2026-08-08 09:09:00+10:00,4,7,11,True,2026-08-08,09:09:00,Low
53,2026-08-08 09:09:00+10:00,3,1,4,True,2026-08-08,09:09:00,Low
67,2026-08-08 09:09:00+10:00,10,4,14,True,2026-08-08,09:09:00,Low
3,2026-08-08 09:09:00+10:00,1,0,1,True,2026-08-08,09:09:00,Low
8,2026-08-08 09:09:00+10:00,0,2,2,True,2026-08-08,09:09:00,Low
29,2026-08-08 09:09:00+10:00,2,3,5,True,2026-08-08,09:09:00,Low
36,2026-08-08 09:09:00+10:00,6,1,7,True,2026-08-08,09:09:00,Low
41,2026-08-08 09:09:00+10:00,5,6,11,True,2026-08-08,09:09:00,Low
66,2026-08-08 09:09:00+10:00,3,0,3,True,2026-08-08,09:09:00,Low
87,2026-08-08 09:09:00+10:00,1,1,2,True,2026-08-08,09:09:00,Low
10,2026-08-08 09:09:00+10:00,1,1,2,True,2026-08-08,09:09:00,Low
11,2026-08-08 09:09:00+10:00,2,0,2,True,2026-08-08,09:09:00,Low
68,2026-08-08 09:09:00+10:00,4,4,8,True,2026-08-08,09:09:00,Low
72,2026-08-08 09:09:00+10:00,2,1,3,True,2026-08-08,09:09:00,Low
79,2026-08-08 09:09:00+10:00,3,2,5,True,2026-08-08,09:09:00,Low
6,2026-08-08 09:09:00+10:00,4,5,9,True,2026-08-08,09:09:00,Low
39,2026-08-08 09:09:00+10:00,3,2,5,True,2026-08-08,09:09:00,Low
61,2026-08-08 09:09:00+10:00,1,1,2,True,2026-08-08,09:09:00,Low
70,2026-08-08 09:09:00+10:00,0,3,3,True,2026-08-08,09:09:00,Low
1,2026-08-08 09:09:00+10:00,4,1,5,True,2026-08-08,09:09:00,Low
12,2026-08-08 09:09:00+10:00,1,3,4,True,2026-08-08,09:09:00,Low
17,2026-08-08 09:09:00+10:00,1,0,1,True,2026-08-08,09:09:00,Low
18,2026-08-08 09:09:00+10:00,2,0,2,True,2026-08-08,09:09:00,Low
85,2026-08-08 09:09:00+10:00,0,1,1,True,2026-08-08,09:09:00,Low
6,2026-08-08 09:08:00+10:00,1,3,4,True,2026-08-08,09:08:00,Low
36,2026-08-08 09:08:00+10:00,1,1,2,True,2026-08-08,09:08:00,Low
39,2026-08-08 09:08:00+10:00,2,0,2,True,2026-08-08,09:08:00,Low
66,2026-08-08 09:08:00+10:00,0,2,2,True,2026-08-08,09:08:00,Low
69,2026-08-08 09:08:00+10:00,3,4,7,True,2026-08-08,09:08:00,Low
87,2026-08-08 09:08:00+10:00,4,1,5,True,2026-08-08,09:08:00,Low
67,2026-08-08 09:08:00+10:00,9,4,13,True,2026-08-08,09:08:00,Low
85,2026-08-08 09:08:00+10:00,2,1,3,True,2026-08-08,09:08:00,Low
29,2026-08-08 09:08:00+10:00,1,2,3,True,2026-08-08,09:08:00,Low
70,2026-08-08 09:08:00+10:00,1,3,4,True,2026-08-08,09:08:00,Low
75,2026-08-08 09:08:00+10:00,1,0,1,True,2026-08-08,09:08:00,Low
1,2026-08-08 09:08:00+10:00,0,2,2,True,2026-08-08,09:08:00,Low
18,2026-08-08 09:08:00+10:00,0,1,1,True,2026-08-08,09:08:00,Low
19,2026-08-08 09:08:00+10:00,3,0,3,True,2026-08-08,09:08:00,Low
35,2026-08-08 09:08:00+10:00,12,15,27,True,2026-08-08,09:08:00,Low
63,2026-08-08 09:08:00+10:00,0,2,2,True,2026-08-08,09:08:00,Low
76,2026-08-08 09:08:00+10:00,1,3,4,True,2026-08-08,09:08:00,Low
86,2026-08-08 09:08:00+10:00,1,1,2,True,2026-08-08,09:08:00,Low
4,2026-08-08 09:08:00+10:00,3,1,4,True,2026-08-08,09:08:00,Low
8,2026-08-08 09:08:00+10:00,1,6,7,True,2026-08-08,09:08:00,Low
40,2026-08-08 09:08:00+10:00,0,2,2,True,2026-08-08,09:08:00,Low
41,2026-08-08 09:08:00+10:00,11,4,15,True,2026-08-08,09:08:00,Low
181,2026-08-08 09:08:00+10:00,6,1,7,True,2026-08-08,09:08:00,Low
209,2026-08-08 09:08:00+10:00,6,2,8,True,2026-08-08,09:08:00,Low
2,2026-08-08 09:08:00+10:00,0,2,2,True,2026-08-08,09:08:00,Low
17,2026-08-08 09:08:00+10:00,0,2,2,True,2026-08-08,09:08:00,Low
24,2026-08-08 09:08:00+10:00,2,1,3,True,2026-08-08,09:08:00,Low
53,2026-08-08 09:08:00+10:00,3,1,4,True,2026-08-08,09:08:00,Low
62,2026-08-08 09:08:00+10:00,1,0,1,True,2026-08-08,09:08:00,Low
68,2026-08-08 09:08:00+10:00,3,2,5,True,2026-08-08,09:08:00,Low
79,2026-08-08 09:08:00+10:00,3,0,3,True,2026-08-08,09:08:00,Low
3,2026-08-08 09:07:00+10:00,7,1,8,True,2026-08-08,09:07:00,Low
4,2026-08-08 09:07:00+10:00,7,3,10,True,2026-08-08,09:07:00,Low
8,2026-08-08 09:07:00+10:00,1,1,2,True,2026-08-08,09:07:00,Low
66,2026-08-08 09:07:00+10:00,2,4,6,True,2026-08-08,09:07:00,Low
70,2026-08-08 09:07:00+10:00,5,1,6,True,2026-08-08,09:07:00,Low
87,2026-08-08 09:07:00+10:00,3,1,4,True,2026-08-08,09:07:00,Low
209,2026-08-08 09:07:00+10:00,7,2,9,True,2026-08-08,09:07:00,Low
1,2026-08-08 09:07:00+10:00,0,7,7,True,2026-08-08,09:07:00,Low
2,2026-08-08 09:07:00+10:00,1,2,3,True,2026-08-08,09:07:00,Low
11,2026-08-08 09:07:00+10:00,0,2,2,True,2026-08-08,09:07:00,Low
17,2026-08-08 09:07:00+10:00,1,1,2,True,2026-08-08,09:07:00,Low
24,2026-08-08 09:07:00+10:00,9,3,12,True,2026-08-08,09:07:00,Low
51,2026-08-08 09:07:00+10:00,1,3,4,True,2026-08-08,09:07:00,Low
68,2026-08-08 09:07:00+10:00,1,2,3,True,2026-08-08,09:07:00,Low
76,2026-08-08 09:07:00+10:00,0,1,1,True,2026-08-08,09:07:00,Low
85,2026-08-08 09:07:00+10:00,2,0,2,True,2026-08-08,09:07:00,Low
41,2026-08-08 09:07:00+10:00,6,5,11,True,2026-08-08,09:07:00,Low
9,2026-08-08 09:07:00+10:00,0,1,1,True,2026-08-08,09:07:00,Low
12,2026-08-08 09:07:00+10:00,5,0,5,True,2026-08-08,09:07:00,Low
18,2026-08-08 09:07:00+10:00,0,6,6,True,2026-08-08,09:07:00,Low
63,2026-08-08 09:07:00+10:00,2,2,4,True,2026-08-08,09:07:00,Low
67,2026-08-08 09:07:00+10:00,3,4,7,True,2026-08-08,09:07:00,Low
86,2026-08-08 09:07:00+10:00,1,1,2,True,2026-08-08,09:07:00,Low
29,2026-08-08 09:07:00+10:00,0,2,2,True,2026-08-08,09:07:00,Low
36,2026-08-08 09:07:00+10:00,5,1,6,True,2026-08-08,09:07:00,Low
39,2026-08-08 09:07:00+10:00,0,2,2,True,2026-08-08,09:07:00,Low
40,2026-08-08 09:07:00+10:00,1,1,2,True,2026-08-08,09:07:00,Low
61,2026-08-08 09:07:00+10:00,0,2,2,True,2026-08-08,09:07:00,Low
69,2026-08-08 09:07:00+10:00,2,0,2,True,2026-08-08,09:07:00,Low
75,2026-08-08 09:07:00+10:00,2,0,2,True,2026-08-08,09:07:00,Low
181,2026-08-08 09:07:00+10:00,6,2,8,True,2026-08-08,09:07:00,Low
35,2026-08-08 09:07:00+10:00,9,9,18,True,2026-08-08,09:07:00,Low
53,2026-08-08 09:07:00+10:00,2,1,3,True,2026-08-08,09:07:00,Low
79,2026-08-08 09:07:00+10:00,6,1,7,True,2026-08-08,09:07:00,Low
8,2026-08-08 09:06:00+10:00,1,4,5,True,2026-08-08,09:06:00,Low
36,2026-08-08 09:06:00+10:00,6,0,6,True,2026-08-08,09:06:00,Low
39,2026-08-08 09:06:00+10:00,1,2,3,True,2026-08-08,09:06:00,Low
66,2026-08-08 09:06:00+10:00,3,4,7,True,2026-08-08,09:06:00,Low
69,2026-08-08 09:06:00+10:00,4,1,5,True,2026-08-08,09:06:00,Low
1,2026-08-08 09:06:00+10:00,2,4,6,True,2026-08-08,09:06:00,Low
53,2026-08-08 09:06:00+10:00,1,5,6,True,2026-08-08,09:06:00,Low
63,2026-08-08 09:06:00+10:00,0,6,6,True,2026-08-08,09:06:00,Low
68,2026-08-08 09:06:00+10:00,3,0,3,True,2026-08-08,09:06:00,Low
72,2026-08-08 09:06:00+10:00,0,1,1,True,2026-08-08,09:06:00,Low
85,2026-08-08 09:06:00+10:00,1,0,1,True,2026-08-08,09:06:00,Low
4,2026-08-08 09:06:00+10:00,14,2,16,True,2026-08-08,09:06:00,Low
6,2026-08-08 09:06:00+10:00,0,4,4,True,2026-08-08,09:06:00,Low
41,2026-08-08 09:06:00+10:00,8,1,9,True,2026-08-08,09:06:00,Low
181,2026-08-08 09:06:00+10:00,2,20,22,True,2026-08-08,09:06:00,Low
9,2026-08-08 09:06:00+10:00,2,1,3,True,2026-08-08,09:06:00,Low
17,2026-08-08 09:06:00+10:00,2,0,2,True,2026-08-08,09:06:00,Low
19,2026-08-08 09:06:00+10:00,1,0,1,True,2026-08-08,09:06:00,Low
24,2026-08-08 09:06:00+10:00,4,9,13,True,2026-08-08,09:06:00,Low
51,2026-08-08 09:06:00+10:00,0,1,1,True,2026-08-08,09:06:00,Low
29,2026-08-08 09:06:00+10:00,2,2,4,True,2026-08-08,09:06:00,Low
61,2026-08-08 09:06:00+10:00,0,4,4,True,2026-08-08,09:06:00,Low
70,2026-08-08 09:06:00+10:00,0,1,1,True,2026-08-08,09:06:00,Low
209,2026-08-08 09:06:00+10:00,0,5,5,True,2026-08-08,09:06:00,Low
2,2026-08-08 09:06:00+10:00,2,3,5,True,2026-08-08,09:06:00,Low
10,2026-08-08 09:06:00+10:00,0,1,1,True,2026-08-08,09:06:00,Low
12,2026-08-08 09:06:00+10:00,0,1,1,True,2026-08-08,09:06:00,Low
18,2026-08-08 09:06:00+10:00,1,1,2,True,2026-08-08,09:06:00,Low
35,2026-08-08 09:06:00+10:00,11,7,18,True,2026-08-08,09:06:00,Low
67,2026-08-08 09:06:00+10:00,5,3,8,True,2026-08-08,09:06:00,Low
79,2026-08-08 09:06:00+10:00,0,1,1,True,2026-08-08,09:06:00,Low
86,2026-08-08 09:06:00+10:00,2,0,2,True,2026-08-08,09:06:00,Low
39,2026-08-08 09:05:00+10:00,0,3,3,True,2026-08-08,09:05:00,Low
43,2026-08-08 09:05:00+10:00,3,4,7,True,2026-08-08,09:05:00,Low
84,2026-08-08 09:05:00+10:00,26,28,54,True,2026-08-08,09:05:00,Medium
87,2026-08-08 09:05:00+10:00,1,2,3,True,2026-08-08,09:05:00,Low
135,2026-08-08 09:05:00+10:00,5,18,23,True,2026-08-08,09:05:00,Low
162,2026-08-08 09:05:00+10:00,37,25,62,True,2026-08-08,09:05:00,Medium
165,2026-08-08 09:05:00+10:00,2,0,2,True,2026-08-08,09:05:00,Low
12,2026-08-08 09:05:00+10:00,0,1,1,True,2026-08-08,09:05:00,Low
23,2026-08-08 09:05:00+10:00,14,17,31,True,2026-08-08,09:05:00,Low
27,2026-08-08 09:05:00+10:00,14,7,21,True,2026-08-08,09:05:00,Low
30,2026-08-08 09:05:00+10:00,3,7,10,True,2026-08-08,09:05:00,Low
46,2026-08-08 09:05:00+10:00,2,3,5,True,2026-08-08,09:05:00,Low
58,2026-08-08 09:05:00+10:00,37,7,44,True,2026-08-08,09:05:00,Low
67,2026-08-08 09:05:00+10:00,3,5,8,True,2026-08-08,09:05:00,Low
68,2026-08-08 09:05:00+10:00,2,1,3,True,2026-08-08,09:05:00,Low
79,2026-08-08 09:05:00+10:00,3,0,3,True,2026-08-08,09:05:00,Low
137,2026-08-08 09:05:00+10:00,4,1,5,True,2026-08-08,09:05:00,Low
141,2026-08-08 09:05:00+10:00,5,2,7,True,2026-08-08,09:05:00,Low
161,2026-08-08 09:05:00+10:00,1,9,10,True,2026-08-08,09:05:00,Low
4,2026-08-08 09:05:00+10:00,6,2,8,True,2026-08-08,09:05:00,Low
5,2026-08-08 09:05:00+10:00,15,14,29,True,2026-08-08,09:05:00,Low
6,2026-08-08 09:05:00+10:00,1,5,6,True,2026-08-08,09:05:00,Low
36,2026-08-08 09:05:00+10:00,0,1,1,True,2026-08-08,09:05:00,Low
37,2026-08-08 09:05:00+10:00,2,4,6,True,2026-08-08,09:05:00,Low
40,2026-08-08 09:05:00+10:00,1,1,2,True,2026-08-08,09:05:00,Low
41,2026-08-08 09:05:00+10:00,11,1,12,True,2026-08-08,09:05:00,Low
45,2026-08-08 09:05:00+10:00,12,18,30,True,2026-08-08,09:05:00,Low
47,2026-08-08 09:05:00+10:00,18,18,36,True,2026-08-08,09:05:00,Low
59,2026-08-08 09:05:00+10:00,8,6,14,True,2026-08-08,09:05:00,Low
61,2026-08-08 09:05:00+10:00,0,1,1,True,2026-08-08,09:05:00,Low
77,2026-08-08 09:05:00+10:00,10,9,19,True,2026-08-08,09:05:00,Low
133,2026-08-08 09:05:00+10:00,21,27,48,True,2026-08-08,09:05:00,Low
143,2026-08-08 09:05:00+10:00,12,21,33,True,2026-08-08,09:05:00,Low
182,2026-08-08 09:05:00+10:00,6,8,14,True,2026-08-08,09:05:00,Low
184,2026-08-08 09:05:00+10:00,23,18,41,True,2026-08-08,09:05:00,Low
209,2026-08-08 09:05:00+10:00,3,6,9,True,2026-08-08,09:05:00,Low
1,2026-08-08 09:05:00+10:00,0,10,10,True,2026-08-08,09:05:00,Low
10,2026-08-08 09:05:00+10:00,1,1,2,True,2026-08-08,09:05:00,Low
17,2026-08-08 09:05:00+10:00,3,0,3,True,2026-08-08,09:05:00,Low
20,2026-08-08 09:05:00+10:00,1,0,1,True,2026-08-08,09:05:00,Low
35,2026-08-08 09:05:00+10:00,7,8,15,True,2026-08-08,09:05:00,Low
48,2026-08-08 09:05:00+10:00,23,20,43,True,2026-08-08,09:05:00,Low
49,2026-08-08 09:05:00+10:00,18,14,32,True,2026-08-08,09:05:00,Low
51,2026-08-08 09:05:00+10:00,1,1,2,True,2026-08-08,09:05:00,Low
62,2026-08-08 09:05:00+10:00,2,2,4,True,2026-08-08,09:05:00,Low
86,2026-08-08 09:05:00+10:00,1,0,1,True,2026-08-08,09:05:00,Low
123,2026-08-08 09:05:00+10:00,1,0,1,True,2026-08-08,09:05:00,Low
136,2026-08-08 09:05:00+10:00,2,5,7,True,2026-08-08,09:05:00,Low
139,2026-08-08 09:05:00+10:00,0,1,1,True,2026-08-08,09:05:00,Low
3,2026-08-08 09:05:00+10:00,3,4,7,True,2026-08-08,09:05:00,Low
8,2026-08-08 09:05:00+10:00,1,9,10,True,2026-08-08,09:05:00,Low
21,2026-08-08 09:05:00+10:00,3,15,18,True,2026-08-08,09:05:00,Low
29,2026-08-08 09:05:00+10:00,0,1,1,True,2026-08-08,09:05:00,Low
44,2026-08-08 09:05:00+10:00,0,5,5,True,2026-08-08,09:05:00,Low
54,2026-08-08 09:05:00+10:00,5,4,9,True,2026-08-08,09:05:00,Low
66,2026-08-08 09:05:00+10:00,3,2,5,True,2026-08-08,09:05:00,Low
69,2026-08-08 09:05:00+10:00,1,0,1,True,2026-08-08,09:05:00,Low
70,2026-08-08 09:05:00+10:00,0,3,3,True,2026-08-08,09:05:00,Low
107,2026-08-08 09:05:00+10:00,3,7,10,True,2026-08-08,09:05:00,Low
131,2026-08-08 09:05:00+10:00,5,9,14,True,2026-08-08,09:05:00,Low
132,2026-08-08 09:05:00+10:00,20,13,33,True,2026-08-08,09:05:00,Low
134,2026-08-08 09:05:00+10:00,14,19,33,True,2026-08-08,09:05:00,Low
140,2026-08-08 09:05:00+10:00,8,4,12,True,2026-08-08,09:05:00,Low
166,2026-08-08 09:05:00+10:00,0,2,2,True,2026-08-08,09:05:00,Low
167,2026-08-08 09:05:00+10:00,1,3,4,True,2026-08-08,09:05:00,Low
179,2026-08-08 09:05:00+10:00,5,6,11,True,2026-08-08,09:05:00,Low
181,2026-08-08 09:05:00+10:00,1,4,5,True,2026-08-08,09:05:00,Low
185,2026-08-08 09:05:00+10:00,13,14,27,True,2026-08-08,09:05:00,Low
188,2026-08-08 09:05:00+10:00,2,1,3,True,2026-08-08,09:05:00,Low
2,2026-08-08 09:05:00+10:00,1,1,2,True,2026-08-08,09:05:00,Low
9,2026-08-08 09:05:00+10:00,4,1,5,True,2026-08-08,09:05:00,Low
11,2026-08-08 09:05:00+10:00,2,0,2,True,2026-08-08,09:05:00,Low
18,2026-08-08 09:05:00+10:00,1,3,4,True,2026-08-08,09:05:00,Low
24,2026-08-08 09:05:00+10:00,16,4,20,True,2026-08-08,09:05:00,Low
25,2026-08-08 09:05:00+10:00,28,40,68,True,2026-08-08,09:05:00,Medium
63,2026-08-08 09:05:00+10:00,1,2,3,True,2026-08-08,09:05:00,Low
109,2026-08-08 09:05:00+10:00,2,3,5,True,2026-08-08,09:05:00,Low
117,2026-08-08 09:05:00+10:00,3,4,7,True,2026-08-08,09:05:00,Low
130,2026-08-08 09:05:00+10:00,1,0,1,True,2026-08-08,09:05:00,Low
142,2026-08-08 09:05:00+10:00,35,34,69,True,2026-08-08,09:05:00,Medium
164,2026-08-08 09:05:00+10:00,5,4,9,True,2026-08-08,09:05:00,Low
3,2026-08-08 09:04:00+10:00,2,2,4,True,2026-08-08,09:04:00,Low
36,2026-08-08 09:04:00+10:00,2,0,2,True,2026-08-08,09:04:00,Low
39,2026-08-08 09:04:00+10:00,0,1,1,True,2026-08-08,09:04:00,Low
66,2026-08-08 09:04:00+10:00,1,3,4,True,2026-08-08,09:04:00,Low
69,2026-08-08 09:04:00+10:00,1,1,2,True,2026-08-08,09:04:00,Low
70,2026-08-08 09:04:00+10:00,1,2,3,True,2026-08-08,09:04:00,Low
181,2026-08-08 09:04:00+10:00,4,1,5,True,2026-08-08,09:04:00,Low
2,2026-08-08 09:04:00+10:00,2,1,3,True,2026-08-08,09:04:00,Low
18,2026-08-08 09:04:00+10:00,1,1,2,True,2026-08-08,09:04:00,Low
35,2026-08-08 09:04:00+10:00,10,8,18,True,2026-08-08,09:04:00,Low
63,2026-08-08 09:04:00+10:00,0,3,3,True,2026-08-08,09:04:00,Low
72,2026-08-08 09:04:00+10:00,1,2,3,True,2026-08-08,09:04:00,Low
79,2026-08-08 09:04:00+10:00,1,0,1,True,2026-08-08,09:04:00,Low
4,2026-08-08 09:04:00+10:00,3,2,5,True,2026-08-08,09:04:00,Low
61,2026-08-08 09:04:00+10:00,0,3,3,True,2026-08-08,09:04:00,Low
1,2026-08-08 09:04:00+10:00,2,3,5,True,2026-08-08,09:04:00,Low
11,2026-08-08 09:04:00+10:00,0,5,5,True,2026-08-08,09:04:00,Low
12,2026-08-08 09:04:00+10:00,2,1,3,True,2026-08-08,09:04:00,Low
67,2026-08-08 09:04:00+10:00,4,3,7,True,2026-08-08,09:04:00,Low
68,2026-08-08 09:04:00+10:00,2,2,4,True,2026-08-08,09:04:00,Low
6,2026-08-08 09:04:00+10:00,1,0,1,True,2026-08-08,09:04:00,Low
8,2026-08-08 09:04:00+10:00,1,8,9,True,2026-08-08,09:04:00,Low
29,2026-08-08 09:04:00+10:00,0,7,7,True,2026-08-08,09:04:00,Low
41,2026-08-08 09:04:00+10:00,5,6,11,True,2026-08-08,09:04:00,Low
209,2026-08-08 09:04:00+10:00,6,0,6,True,2026-08-08,09:04:00,Low
17,2026-08-08 09:04:00+10:00,1,1,2,True,2026-08-08,09:04:00,Low
19,2026-08-08 09:04:00+10:00,0,1,1,True,2026-08-08,09:04:00,Low
24,2026-08-08 09:04:00+10:00,3,4,7,True,2026-08-08,09:04:00,Low
53,2026-08-08 09:04:00+10:00,1,3,4,True,2026-08-08,09:04:00,Low
85,2026-08-08 09:04:00+10:00,1,2,3,True,2026-08-08,09:04:00,Low
86,2026-08-08 09:04:00+10:00,3,0,3,True,2026-08-08,09:04:00,Low
4,2026-08-08 09:03:00+10:00,14,7,21,True,2026-08-08,09:03:00,Low
36,2026-08-08 09:03:00+10:00,0,1,1,True,2026-08-08,09:03:00,Low
39,2026-08-08 09:03:00+10:00,0,1,1,True,2026-08-08,09:03:00,Low
61,2026-08-08 09:03:00+10:00,2,1,3,True,2026-08-08,09:03:00,Low
10,2026-08-08 09:03:00+10:00,0,2,2,True,2026-08-08,09:03:00,Low
24,2026-08-08 09:03:00+10:00,4,2,6,True,2026-08-08,09:03:00,Low
51,2026-08-08 09:03:00+10:00,0,4,4,True,2026-08-08,09:03:00,Low
63,2026-08-08 09:03:00+10:00,2,1,3,True,2026-08-08,09:03:00,Low
67,2026-08-08 09:03:00+10:00,0,2,2,True,2026-08-08,09:03:00,Low
86,2026-08-08 09:03:00+10:00,3,1,4,True,2026-08-08,09:03:00,Low
3,2026-08-08 09:03:00+10:00,7,9,16,True,2026-08-08,09:03:00,Low
6,2026-08-08 09:03:00+10:00,2,1,3,True,2026-08-08,09:03:00,Low
8,2026-08-08 09:03:00+10:00,1,3,4,True,2026-08-08,09:03:00,Low
29,2026-08-08 09:03:00+10:00,0,4,4,True,2026-08-08,09:03:00,Low
1,2026-08-08 09:03:00+10:00,3,4,7,True,2026-08-08,09:03:00,Low
12,2026-08-08 09:03:00+10:00,4,6,10,True,2026-08-08,09:03:00,Low
17,2026-08-08 09:03:00+10:00,3,1,4,True,2026-08-08,09:03:00,Low
19,2026-08-08 09:03:00+10:00,4,2,6,True,2026-08-08,09:03:00,Low
53,2026-08-08 09:03:00+10:00,1,5,6,True,2026-08-08,09:03:00,Low
68,2026-08-08 09:03:00+10:00,1,3,4,True,2026-08-08,09:03:00,Low
76,2026-08-08 09:03:00+10:00,1,0,1,True,2026-08-08,09:03:00,Low
85,2026-08-08 09:03:00+10:00,0,2,2,True,2026-08-08,09:03:00,Low
41,2026-08-08 09:03:00+10:00,17,6,23,True,2026-08-08,09:03:00,Low
66,2026-08-08 09:03:00+10:00,5,5,10,True,2026-08-08,09:03:00,Low
69,2026-08-08 09:03:00+10:00,4,2,6,True,2026-08-08,09:03:00,Low
70,2026-08-08 09:03:00+10:00,5,1,6,True,2026-08-08,09:03:00,Low
181,2026-08-08 09:03:00+10:00,0,2,2,True,2026-08-08,09:03:00,Low
209,2026-08-08 09:03:00+10:00,6,0,6,True,2026-08-08,09:03:00,Low
2,2026-08-08 09:03:00+10:00,1,0,1,True,2026-08-08,09:03:00,Low
9,2026-08-08 09:03:00+10:00,0,2,2,True,2026-08-08,09:03:00,Low
35,2026-08-08 09:03:00+10:00,11,10,21,True,2026-08-08,09:03:00,Low
72,2026-08-08 09:03:00+10:00,3,2,5,True,2026-08-08,09:03:00,Low
79,2026-08-08 09:03:00+10:00,5,6,11,True,2026-08-08,09:03:00,Low
8,2026-08-08 09:02:00+10:00,6,12,18,True,2026-08-08,09:02:00,Low
29,2026-08-08 09:02:00+10:00,1,0,1,True,2026-08-08,09:02:00,Low
36,2026-08-08 09:02:00+10:00,1,0,1,True,2026-08-08,09:02:00,Low
87,2026-08-08 09:02:00+10:00,2,2,4,True,2026-08-08,09:02:00,Low
209,2026-08-08 09:02:00+10:00,5,5,10,True,2026-08-08,09:02:00,Low
1,2026-08-08 09:02:00+10:00,1,2,3,True,2026-08-08,09:02:00,Low
2,2026-08-08 09:02:00+10:00,3,0,3,True,2026-08-08,09:02:00,Low
17,2026-08-08 09:02:00+10:00,1,0,1,True,2026-08-08,09:02:00,Low
76,2026-08-08 09:02:00+10:00,2,0,2,True,2026-08-08,09:02:00,Low
79,2026-08-08 09:02:00+10:00,4,0,4,True,2026-08-08,09:02:00,Low
4,2026-08-08 09:02:00+10:00,9,1,10,True,2026-08-08,09:02:00,Low
6,2026-08-08 09:02:00+10:00,2,2,4,True,2026-08-08,09:02:00,Low
61,2026-08-08 09:02:00+10:00,2,6,8,True,2026-08-08,09:02:00,Low
66,2026-08-08 09:02:00+10:00,0,1,1,True,2026-08-08,09:02:00,Low
69,2026-08-08 09:02:00+10:00,4,0,4,True,2026-08-08,09:02:00,Low
70,2026-08-08 09:02:00+10:00,3,2,5,True,2026-08-08,09:02:00,Low
181,2026-08-08 09:02:00+10:00,8,3,11,True,2026-08-08,09:02:00,Low
9,2026-08-08 09:02:00+10:00,0,1,1,True,2026-08-08,09:02:00,Low
12,2026-08-08 09:02:00+10:00,0,3,3,True,2026-08-08,09:02:00,Low
19,2026-08-08 09:02:00+10:00,1,0,1,True,2026-08-08,09:02:00,Low
24,2026-08-08 09:02:00+10:00,5,1,6,True,2026-08-08,09:02:00,Low
67,2026-08-08 09:02:00+10:00,1,3,4,True,2026-08-08,09:02:00,Low
68,2026-08-08 09:02:00+10:00,5,4,9,True,2026-08-08,09:02:00,Low
85,2026-08-08 09:02:00+10:00,3,2,5,True,2026-08-08,09:02:00,Low
3,2026-08-08 09:02:00+10:00,1,3,4,True,2026-08-08,09:02:00,Low
39,2026-08-08 09:02:00+10:00,2,0,2,True,2026-08-08,09:02:00,Low
40,2026-08-08 09:02:00+10:00,2,2,4,True,2026-08-08,09:02:00,Low
41,2026-08-08 09:02:00+10:00,15,1,16,True,2026-08-08,09:02:00,Low
75,2026-08-08 09:02:00+10:00,0,1,1,True,2026-08-08,09:02:00,Low
11,2026-08-08 09:02:00+10:00,1,0,1,True,2026-08-08,09:02:00,Low
35,2026-08-08 09:02:00+10:00,15,8,23,True,2026-08-08,09:02:00,Low
53,2026-08-08 09:02:00+10:00,3,3,6,True,2026-08-08,09:02:00,Low
72,2026-08-08 09:02:00+10:00,0,1,1,True,2026-08-08,09:02:00,Low
86,2026-08-08 09:02:00+10:00,1,1,2,True,2026-08-08,09:02:00,Low
70,2026-08-08 09:01:00+10:00,1,1,2,True,2026-08-08,09:01:00,Low
2,2026-08-08 09:01:00+10:00,0,4,4,True,2026-08-08,09:01:00,Low
12,2026-08-08 09:01:00+10:00,3,0,3,True,2026-08-08,09:01:00,Low
19,2026-08-08 09:01:00+10:00,0,1,1,True,2026-08-08,09:01:00,Low
62,2026-08-08 09:01:00+10:00,1,0,1,True,2026-08-08,09:01:00,Low
72,2026-08-08 09:01:00+10:00,0,3,3,True,2026-08-08,09:01:00,Low
76,2026-08-08 09:01:00+10:00,2,1,3,True,2026-08-08,09:01:00,Low
86,2026-08-08 09:01:00+10:00,1,0,1,True,2026-08-08,09:01:00,Low
3,2026-08-08 09:01:00+10:00,4,2,6,True,2026-08-08,09:01:00,Low
4,2026-08-08 09:01:00+10:00,5,3,8,True,2026-08-08,09:01:00,Low
40,2026-08-08 09:01:00+10:00,1,1,2,True,2026-08-08,09:01:00,Low
66,2026-08-08 09:01:00+10:00,3,2,5,True,2026-08-08,09:01:00,Low
209,2026-08-08 09:01:00+10:00,3,2,5,True,2026-08-08,09:01:00,Low
1,2026-08-08 09:01:00+10:00,1,5,6,True,2026-08-08,09:01:00,Low
11,2026-08-08 09:01:00+10:00,0,1,1,True,2026-08-08,09:01:00,Low
17,2026-08-08 09:01:00+10:00,4,3,7,True,2026-08-08,09:01:00,Low
24,2026-08-08 09:01:00+10:00,2,5,7,True,2026-08-08,09:01:00,Low
35,2026-08-08 09:01:00+10:00,9,14,23,True,2026-08-08,09:01:00,Low
53,2026-08-08 09:01:00+10:00,1,0,1,True,2026-08-08,09:01:00,Low
68,2026-08-08 09:01:00+10:00,3,2,5,True,2026-08-08,09:01:00,Low
6,2026-08-08 09:01:00+10:00,1,4,5,True,2026-08-08,09:01:00,Low
8,2026-08-08 09:01:00+10:00,3,10,13,True,2026-08-08,09:01:00,Low
29,2026-08-08 09:01:00+10:00,3,2,5,True,2026-08-08,09:01:00,Low
41,2026-08-08 09:01:00+10:00,2,12,14,True,2026-08-08,09:01:00,Low
61,2026-08-08 09:01:00+10:00,0,1,1,True,2026-08-08,09:01:00,Low
69,2026-08-08 09:01:00+10:00,2,0,2,True,2026-08-08,09:01:00,Low
87,2026-08-08 09:01:00+10:00,2,0,2,True,2026-08-08,09:01:00,Low
181,2026-08-08 09:01:00+10:00,1,4,5,True,2026-08-08,09:01:00,Low
51,2026-08-08 09:01:00+10:00,2,0,2,True,2026-08-08,09:01:00,Low
63,2026-08-08 09:01:00+10:00,2,4,6,True,2026-08-08,09:01:00,Low
67,2026-08-08 09:01:00+10:00,3,2,5,True,2026-08-08,09:01:00,Low
79,2026-08-08 09:01:00+10:00,0,1,1,True,2026-08-08,09:01:00,Low
85,2026-08-08 09:01:00+10:00,1,1,2,True,2026-08-08,09:01:00,Low
3,2026-08-08 09:00:00+10:00,4,1,5,True,2026-08-08,09:00:00,Low
5,2026-08-08 09:00:00+10:00,19,20,39,True,2026-08-08,09:00:00,Low
37,2026-08-08 09:00:00+10:00,0,1,1,True,2026-08-08,09:00:00,Low
39,2026-08-08 09:00:00+10:00,4,3,7,True,2026-08-08,09:00:00,Low
66,2026-08-08 09:00:00+10:00,1,2,3,True,2026-08-08,09:00:00,Low
69,2026-08-08 09:00:00+10:00,5,7,12,True,2026-08-08,09:00:00,Low
118,2026-08-08 09:00:00+10:00,0,2,2,True,2026-08-08,09:00:00,Low
132,2026-08-08 09:00:00+10:00,18,8,26,True,2026-08-08,09:00:00,Low
133,2026-08-08 09:00:00+10:00,24,29,53,True,2026-08-08,09:00:00,Medium
134,2026-08-08 09:00:00+10:00,10,26,36,True,2026-08-08,09:00:00,Low
166,2026-08-08 09:00:00+10:00,1,4,5,True,2026-08-08,09:00:00,Low
185,2026-08-08 09:00:00+10:00,18,10,28,True,2026-08-08,09:00:00,Low
1,2026-08-08 09:00:00+10:00,0,6,6,True,2026-08-08,09:00:00,Low
12,2026-08-08 09:00:00+10:00,0,1,1,True,2026-08-08,09:00:00,Low
24,2026-08-08 09:00:00+10:00,3,3,6,True,2026-08-08,09:00:00,Low
35,2026-08-08 09:00:00+10:00,7,7,14,True,2026-08-08,09:00:00,Low
49,2026-08-08 09:00:00+10:00,14,24,38,True,2026-08-08,09:00:00,Low
117,2026-08-08 09:00:00+10:00,4,9,13,True,2026-08-08,09:00:00,Low
130,2026-08-08 09:00:00+10:00,5,0,5,True,2026-08-08,09:00:00,Low
139,2026-08-08 09:00:00+10:00,0,2,2,True,2026-08-08,09:00:00,Low
6,2026-08-08 09:00:00+10:00,3,3,6,True,2026-08-08,09:00:00,Low
8,2026-08-08 09:00:00+10:00,0,2,2,True,2026-08-08,09:00:00,Low
36,2026-08-08 09:00:00+10:00,2,0,2,True,2026-08-08,09:00:00,Low
40,2026-08-08 09:00:00+10:00,0,2,2,True,2026-08-08,09:00:00,Low
44,2026-08-08 09:00:00+10:00,2,2,4,True,2026-08-08,09:00:00,Low
47,2026-08-08 09:00:00+10:00,8,9,17,True,2026-08-08,09:00:00,Low
70,2026-08-08 09:00:00+10:00,1,0,1,True,2026-08-08,09:00:00,Low
75,2026-08-08 09:00:00+10:00,0,1,1,True,2026-08-08,09:00:00,Low
77,2026-08-08 09:00:00+10:00,11,6,17,True,2026-08-08,09:00:00,Low
84,2026-08-08 09:00:00+10:00,20,25,45,True,2026-08-08,09:00:00,Low
87,2026-08-08 09:00:00+10:00,4,1,5,True,2026-08-08,09:00:00,Low
131,2026-08-08 09:00:00+10:00,1,5,6,True,2026-08-08,09:00:00,Low
135,2026-08-08 09:00:00+10:00,17,19,36,True,2026-08-08,09:00:00,Low
167,2026-08-08 09:00:00+10:00,0,3,3,True,2026-08-08,09:00:00,Low
184,2026-08-08 09:00:00+10:00,25,18,43,True,2026-08-08,09:00:00,Low
188,2026-08-08 09:00:00+10:00,1,8,9,True,2026-08-08,09:00:00,Low
209,2026-08-08 09:00:00+10:00,5,0,5,True,2026-08-08,09:00:00,Low
2,2026-08-08 09:00:00+10:00,0,2,2,True,2026-08-08,09:00:00,Low
10,2026-08-08 09:00:00+10:00,1,1,2,True,2026-08-08,09:00:00,Low
11,2026-08-08 09:00:00+10:00,4,3,7,True,2026-08-08,09:00:00,Low
20,2026-08-08 09:00:00+10:00,2,0,2,True,2026-08-08,09:00:00,Low
25,2026-08-08 09:00:00+10:00,17,53,70,True,2026-08-08,09:00:00,Medium
27,2026-08-08 09:00:00+10:00,10,4,14,True,2026-08-08,09:00:00,Low
30,2026-08-08 09:00:00+10:00,6,13,19,True,2026-08-08,09:00:00,Low
46,2026-08-08 09:00:00+10:00,5,2,7,True,2026-08-08,09:00:00,Low
48,2026-08-08 09:00:00+10:00,9,12,21,True,2026-08-08,09:00:00,Low
58,2026-08-08 09:00:00+10:00,45,5,50,True,2026-08-08,09:00:00,Low
72,2026-08-08 09:00:00+10:00,1,1,2,True,2026-08-08,09:00:00,Low
109,2026-08-08 09:00:00+10:00,3,6,9,True,2026-08-08,09:00:00,Low
123,2026-08-08 09:00:00+10:00,3,0,3,True,2026-08-08,09:00:00,Low
141,2026-08-08 09:00:00+10:00,5,3,8,True,2026-08-08,09:00:00,Low
142,2026-08-08 09:00:00+10:00,24,18,42,True,2026-08-08,09:00:00,Low
161,2026-08-08 09:00:00+10:00,4,9,13,True,2026-08-08,09:00:00,Low
164,2026-08-08 09:00:00+10:00,3,1,4,True,2026-08-08,09:00:00,Low
4,2026-08-08 09:00:00+10:00,7,3,10,True,2026-08-08,09:00:00,Low
21,2026-08-08 09:00:00+10:00,9,9,18,True,2026-08-08,09:00:00,Low
41,2026-08-08 09:00:00+10:00,9,9,18,True,2026-08-08,09:00:00,Low
43,2026-08-08 09:00:00+10:00,2,2,4,True,2026-08-08,09:00:00,Low
45,2026-08-08 09:00:00+10:00,11,20,31,True,2026-08-08,09:00:00,Low
54,2026-08-08 09:00:00+10:00,3,2,5,True,2026-08-08,09:00:00,Low
59,2026-08-08 09:00:00+10:00,9,10,19,True,2026-08-08,09:00:00,Low
107,2026-08-08 09:00:00+10:00,1,2,3,True,2026-08-08,09:00:00,Low
140,2026-08-08 09:00:00+10:00,16,0,16,True,2026-08-08,09:00:00,Low
143,2026-08-08 09:00:00+10:00,9,33,42,True,2026-08-08,09:00:00,Low
162,2026-08-08 09:00:00+10:00,26,22,48,True,2026-08-08,09:00:00,Low
165,2026-08-08 09:00:00+10:00,2,0,2,True,2026-08-08,09:00:00,Low
179,2026-08-08 09:00:00+10:00,1,1,2,True,2026-08-08,09:00:00,Low
181,2026-08-08 09:00:00+10:00,2,8,10,True,2026-08-08,09:00:00,Low
182,2026-08-08 09:00:00+10:00,7,7,14,True,2026-08-08,09:00:00,Low
9,2026-08-08 09:00:00+10:00,2,0,2,True,2026-08-08,09:00:00,Low
19,2026-08-08 09:00:00+10:00,0,2,2,True,2026-08-08,09:00:00,Low
23,2026-08-08 09:00:00+10:00,5,1,6,True,2026-08-08,09:00:00,Low
53,2026-08-08 09:00:00+10:00,8,6,14,True,2026-08-08,09:00:00,Low
63,2026-08-08 09:00:00+10:00,1,3,4,True,2026-08-08,09:00:00,Low
67,2026-08-08 09:00:00+10:00,2,5,7,True,2026-08-08,09:00:00,Low
68,2026-08-08 09:00:00+10:00,2,5,7,True,2026-08-08,09:00:00,Low
79,2026-08-08 09:00:00+10:00,3,4,7,True,2026-08-08,09:00:00,Low
85,2026-08-08 09:00:00+10:00,2,2,4,True,2026-08-08,09:00:00,Low
86,2026-08-08 09:00:00+10:00,0,3,3,True,2026-08-08,09:00:00,Low
136,2026-08-08 09:00:00+10:00,3,8,11,True,2026-08-08,09:00:00,Low
8,2026-08-08 08:59:00+10:00,0,6,6,True,2026-08-08,08:59:00,Low
14,2026-08-08 08:59:00+10:00,8,0,8,True,2026-08-08,08:59:00,Low
40,2026-08-08 08:59:00+10:00,3,2,5,True,2026-08-08,08:59:00,Low
41,2026-08-08 08:59:00+10:00,21,8,29,True,2026-08-08,08:59:00,Low
66,2026-08-08 08:59:00+10:00,1,0,1,True,2026-08-08,08:59:00,Low
70,2026-08-08 08:59:00+10:00,1,2,3,True,2026-08-08,08:59:00,Low
87,2026-08-08 08:59:00+10:00,1,0,1,True,2026-08-08,08:59:00,Low
181,2026-08-08 08:59:00+10:00,2,4,6,True,2026-08-08,08:59:00,Low
209,2026-08-08 08:59:00+10:00,7,1,8,True,2026-08-08,08:59:00,Low
51,2026-08-08 08:59:00+10:00,2,0,2,True,2026-08-08,08:59:00,Low
53,2026-08-08 08:59:00+10:00,1,2,3,True,2026-08-08,08:59:00,Low
63,2026-08-08 08:59:00+10:00,0,1,1,True,2026-08-08,08:59:00,Low
68,2026-08-08 08:59:00+10:00,0,3,3,True,2026-08-08,08:59:00,Low
72,2026-08-08 08:59:00+10:00,2,1,3,True,2026-08-08,08:59:00,Low
76,2026-08-08 08:59:00+10:00,0,1,1,True,2026-08-08,08:59:00,Low
85,2026-08-08 08:59:00+10:00,2,0,2,True,2026-08-08,08:59:00,Low
4,2026-08-08 08:59:00+10:00,7,1,8,True,2026-08-08,08:59:00,Low
29,2026-08-08 08:59:00+10:00,1,3,4,True,2026-08-08,08:59:00,Low
31,2026-08-08 08:59:00+10:00,0,1,1,True,2026-08-08,08:59:00,Low
61,2026-08-08 08:59:00+10:00,1,3,4,True,2026-08-08,08:59:00,Low
69,2026-08-08 08:59:00+10:00,1,3,4,True,2026-08-08,08:59:00,Low
10,2026-08-08 08:59:00+10:00,1,0,1,True,2026-08-08,08:59:00,Low
56,2026-08-08 08:59:00+10:00,4,3,7,True,2026-08-08,08:59:00,Low
67,2026-08-08 08:59:00+10:00,0,1,1,True,2026-08-08,08:59:00,Low
86,2026-08-08 08:59:00+10:00,2,0,2,True,2026-08-08,08:59:00,Low
3,2026-08-08 08:59:00+10:00,3,2,5,True,2026-08-08,08:59:00,Low
6,2026-08-08 08:59:00+10:00,2,2,4,True,2026-08-08,08:59:00,Low
36,2026-08-08 08:59:00+10:00,4,0,4,True,2026-08-08,08:59:00,Low
42,2026-08-08 08:59:00+10:00,2,0,2,True,2026-08-08,08:59:00,Low
50,2026-08-08 08:59:00+10:00,3,0,3,True,2026-08-08,08:59:00,Low
75,2026-08-08 08:59:00+10:00,2,0,2,True,2026-08-08,08:59:00,Low
1,2026-08-08 08:59:00+10:00,0,10,10,True,2026-08-08,08:59:00,Low
2,2026-08-08 08:59:00+10:00,0,1,1,True,2026-08-08,08:59:00,Low
9,2026-08-08 08:59:00+10:00,0,1,1,True,2026-08-08,08:59:00,Low
11,2026-08-08 08:59:00+10:00,1,0,1,True,2026-08-08,08:59:00,Low
17,2026-08-08 08:59:00+10:00,0,1,1,True,2026-08-08,08:59:00,Low
19,2026-08-08 08:59:00+10:00,2,0,2,True,2026-08-08,08:59:00,Low
20,2026-08-08 08:59:00+10:00,2,6,8,True,2026-08-08,08:59:00,Low
24,2026-08-08 08:59:00+10:00,11,3,14,True,2026-08-08,08:59:00,Low
35,2026-08-08 08:59:00+10:00,7,4,11,True,2026-08-08,08:59:00,Low
52,2026-08-08 08:59:00+10:00,0,3,3,True,2026-08-08,08:59:00,Low
187,2026-08-08 08:59:00+10:00,1,0,1,True,2026-08-08,08:59:00,Low
3,2026-08-08 08:58:00+10:00,4,8,12,True,2026-08-08,08:58:00,Low
4,2026-08-08 08:58:00+10:00,13,6,19,True,2026-08-08,08:58:00,Low
6,2026-08-08 08:58:00+10:00,1,1,2,True,2026-08-08,08:58:00,Low
8,2026-08-08 08:58:00+10:00,30,3,33,True,2026-08-08,08:58:00,Low
29,2026-08-08 08:58:00+10:00,3,0,3,True,2026-08-08,08:58:00,Low
39,2026-08-08 08:58:00+10:00,0,1,1,True,2026-08-08,08:58:00,Low
41,2026-08-08 08:58:00+10:00,6,3,9,True,2026-08-08,08:58:00,Low
50,2026-08-08 08:58:00+10:00,1,1,2,True,2026-08-08,08:58:00,Low
75,2026-08-08 08:58:00+10:00,2,0,2,True,2026-08-08,08:58:00,Low
209,2026-08-08 08:58:00+10:00,2,0,2,True,2026-08-08,08:58:00,Low
18,2026-08-08 08:58:00+10:00,0,1,1,True,2026-08-08,08:58:00,Low
19,2026-08-08 08:58:00+10:00,1,0,1,True,2026-08-08,08:58:00,Low
79,2026-08-08 08:58:00+10:00,5,1,6,True,2026-08-08,08:58:00,Low
187,2026-08-08 08:58:00+10:00,1,2,3,True,2026-08-08,08:58:00,Low
69,2026-08-08 08:58:00+10:00,0,2,2,True,2026-08-08,08:58:00,Low
1,2026-08-08 08:58:00+10:00,5,7,12,True,2026-08-08,08:58:00,Low
2,2026-08-08 08:58:00+10:00,1,0,1,True,2026-08-08,08:58:00,Low
24,2026-08-08 08:58:00+10:00,4,5,9,True,2026-08-08,08:58:00,Low
35,2026-08-08 08:58:00+10:00,4,13,17,True,2026-08-08,08:58:00,Low
52,2026-08-08 08:58:00+10:00,1,1,2,True,2026-08-08,08:58:00,Low
56,2026-08-08 08:58:00+10:00,0,2,2,True,2026-08-08,08:58:00,Low
67,2026-08-08 08:58:00+10:00,6,8,14,True,2026-08-08,08:58:00,Low
14,2026-08-08 08:58:00+10:00,2,0,2,True,2026-08-08,08:58:00,Low
31,2026-08-08 08:58:00+10:00,3,0,3,True,2026-08-08,08:58:00,Low
42,2026-08-08 08:58:00+10:00,3,1,4,True,2026-08-08,08:58:00,Low
61,2026-08-08 08:58:00+10:00,2,0,2,True,2026-08-08,08:58:00,Low
66,2026-08-08 08:58:00+10:00,2,1,3,True,2026-08-08,08:58:00,Low
87,2026-08-08 08:58:00+10:00,0,1,1,True,2026-08-08,08:58:00,Low
181,2026-08-08 08:58:00+10:00,6,3,9,True,2026-08-08,08:58:00,Low
9,2026-08-08 08:58:00+10:00,0,1,1,True,2026-08-08,08:58:00,Low
12,2026-08-08 08:58:00+10:00,1,0,1,True,2026-08-08,08:58:00,Low
53,2026-08-08 08:58:00+10:00,2,3,5,True,2026-08-08,08:58:00,Low
63,2026-08-08 08:58:00+10:00,0,3,3,True,2026-08-08,08:58:00,Low
68,2026-08-08 08:58:00+10:00,1,5,6,True,2026-08-08,08:58:00,Low
76,2026-08-08 08:58:00+10:00,1,2,3,True,2026-08-08,08:58:00,Low
3,2026-08-08 08:57:00+10:00,1,3,4,True,2026-08-08,08:57:00,Low
4,2026-08-08 08:57:00+10:00,5,5,10,True,2026-08-08,08:57:00,Low
8,2026-08-08 08:57:00+10:00,1,1,2,True,2026-08-08,08:57:00,Low
40,2026-08-08 08:57:00+10:00,0,1,1,True,2026-08-08,08:57:00,Low
41,2026-08-08 08:57:00+10:00,7,6,13,True,2026-08-08,08:57:00,Low
42,2026-08-08 08:57:00+10:00,0,2,2,True,2026-08-08,08:57:00,Low
66,2026-08-08 08:57:00+10:00,3,2,5,True,2026-08-08,08:57:00,Low
87,2026-08-08 08:57:00+10:00,1,0,1,True,2026-08-08,08:57:00,Low
2,2026-08-08 08:57:00+10:00,0,1,1,True,2026-08-08,08:57:00,Low
12,2026-08-08 08:57:00+10:00,0,3,3,True,2026-08-08,08:57:00,Low
17,2026-08-08 08:57:00+10:00,1,1,2,True,2026-08-08,08:57:00,Low
35,2026-08-08 08:57:00+10:00,11,5,16,True,2026-08-08,08:57:00,Low
52,2026-08-08 08:57:00+10:00,3,1,4,True,2026-08-08,08:57:00,Low
62,2026-08-08 08:57:00+10:00,1,0,1,True,2026-08-08,08:57:00,Low
63,2026-08-08 08:57:00+10:00,1,0,1,True,2026-08-08,08:57:00,Low
68,2026-08-08 08:57:00+10:00,1,5,6,True,2026-08-08,08:57:00,Low
85,2026-08-08 08:57:00+10:00,2,0,2,True,2026-08-08,08:57:00,Low
31,2026-08-08 08:57:00+10:00,2,0,2,True,2026-08-08,08:57:00,Low
39,2026-08-08 08:57:00+10:00,0,1,1,True,2026-08-08,08:57:00,Low
50,2026-08-08 08:57:00+10:00,1,1,2,True,2026-08-08,08:57:00,Low
209,2026-08-08 08:57:00+10:00,8,2,10,True,2026-08-08,08:57:00,Low
19,2026-08-08 08:57:00+10:00,1,2,3,True,2026-08-08,08:57:00,Low
67,2026-08-08 08:57:00+10:00,6,4,10,True,2026-08-08,08:57:00,Low
6,2026-08-08 08:57:00+10:00,2,1,3,True,2026-08-08,08:57:00,Low
14,2026-08-08 08:57:00+10:00,9,0,9,True,2026-08-08,08:57:00,Low
29,2026-08-08 08:57:00+10:00,1,1,2,True,2026-08-08,08:57:00,Low
36,2026-08-08 08:57:00+10:00,0,1,1,True,2026-08-08,08:57:00,Low
69,2026-08-08 08:57:00+10:00,6,1,7,True,2026-08-08,08:57:00,Low
70,2026-08-08 08:57:00+10:00,2,4,6,True,2026-08-08,08:57:00,Low
181,2026-08-08 08:57:00+10:00,3,3,6,True,2026-08-08,08:57:00,Low
1,2026-08-08 08:57:00+10:00,6,10,16,True,2026-08-08,08:57:00,Low
18,2026-08-08 08:57:00+10:00,1,0,1,True,2026-08-08,08:57:00,Low
24,2026-08-08 08:57:00+10:00,12,1,13,True,2026-08-08,08:57:00,Low
51,2026-08-08 08:57:00+10:00,0,1,1,True,2026-08-08,08:57:00,Low
53,2026-08-08 08:57:00+10:00,1,2,3,True,2026-08-08,08:57:00,Low
56,2026-08-08 08:57:00+10:00,0,7,7,True,2026-08-08,08:57:00,Low
79,2026-08-08 08:57:00+10:00,0,1,1,True,2026-08-08,08:57:00,Low
180,2026-08-08 08:57:00+10:00,3,0,3,True,2026-08-08,08:57:00,Low
187,2026-08-08 08:57:00+10:00,1,1,2,True,2026-08-08,08:57:00,Low
6,2026-08-08 08:56:00+10:00,2,0,2,True,2026-08-08,08:56:00,Low
14,2026-08-08 08:56:00+10:00,7,3,10,True,2026-08-08,08:56:00,Low
29,2026-08-08 08:56:00+10:00,3,3,6,True,2026-08-08,08:56:00,Low
31,2026-08-08 08:56:00+10:00,0,2,2,True,2026-08-08,08:56:00,Low
36,2026-08-08 08:56:00+10:00,2,1,3,True,2026-08-08,08:56:00,Low
69,2026-08-08 08:56:00+10:00,1,2,3,True,2026-08-08,08:56:00,Low
75,2026-08-08 08:56:00+10:00,2,0,2,True,2026-08-08,08:56:00,Low
2,2026-08-08 08:56:00+10:00,2,3,5,True,2026-08-08,08:56:00,Low
53,2026-08-08 08:56:00+10:00,1,6,7,True,2026-08-08,08:56:00,Low
63,2026-08-08 08:56:00+10:00,1,1,2,True,2026-08-08,08:56:00,Low
68,2026-08-08 08:56:00+10:00,3,4,7,True,2026-08-08,08:56:00,Low
180,2026-08-08 08:56:00+10:00,3,0,3,True,2026-08-08,08:56:00,Low
187,2026-08-08 08:56:00+10:00,1,0,1,True,2026-08-08,08:56:00,Low
4,2026-08-08 08:56:00+10:00,4,2,6,True,2026-08-08,08:56:00,Low
8,2026-08-08 08:56:00+10:00,2,2,4,True,2026-08-08,08:56:00,Low
40,2026-08-08 08:56:00+10:00,2,0,2,True,2026-08-08,08:56:00,Low
41,2026-08-08 08:56:00+10:00,5,7,12,True,2026-08-08,08:56:00,Low
61,2026-08-08 08:56:00+10:00,2,7,9,True,2026-08-08,08:56:00,Low
66,2026-08-08 08:56:00+10:00,0,1,1,True,2026-08-08,08:56:00,Low
70,2026-08-08 08:56:00+10:00,1,0,1,True,2026-08-08,08:56:00,Low
87,2026-08-08 08:56:00+10:00,2,0,2,True,2026-08-08,08:56:00,Low
181,2026-08-08 08:56:00+10:00,1,8,9,True,2026-08-08,08:56:00,Low
209,2026-08-08 08:56:00+10:00,1,1,2,True,2026-08-08,08:56:00,Low
1,2026-08-08 08:56:00+10:00,1,2,3,True,2026-08-08,08:56:00,Low
11,2026-08-08 08:56:00+10:00,1,0,1,True,2026-08-08,08:56:00,Low
17,2026-08-08 08:56:00+10:00,0,1,1,True,2026-08-08,08:56:00,Low
35,2026-08-08 08:56:00+10:00,4,5,9,True,2026-08-08,08:56:00,Low
52,2026-08-08 08:56:00+10:00,2,1,3,True,2026-08-08,08:56:00,Low
56,2026-08-08 08:56:00+10:00,5,1,6,True,2026-08-08,08:56:00,Low
67,2026-08-08 08:56:00+10:00,4,12,16,True,2026-08-08,08:56:00,Low
76,2026-08-08 08:56:00+10:00,0,2,2,True,2026-08-08,08:56:00,Low
3,2026-08-08 08:56:00+10:00,2,7,9,True,2026-08-08,08:56:00,Low
42,2026-08-08 08:56:00+10:00,4,1,5,True,2026-08-08,08:56:00,Low
50,2026-08-08 08:56:00+10:00,1,0,1,True,2026-08-08,08:56:00,Low
12,2026-08-08 08:56:00+10:00,3,1,4,True,2026-08-08,08:56:00,Low
19,2026-08-08 08:56:00+10:00,2,0,2,True,2026-08-08,08:56:00,Low
24,2026-08-08 08:56:00+10:00,8,7,15,True,2026-08-08,08:56:00,Low
79,2026-08-08 08:56:00+10:00,1,0,1,True,2026-08-08,08:56:00,Low
86,2026-08-08 08:56:00+10:00,0,2,2,True,2026-08-08,08:56:00,Low
3,2026-08-08 08:55:00+10:00,0,3,3,True,2026-08-08,08:55:00,Low
5,2026-08-08 08:55:00+10:00,15,14,29,True,2026-08-08,08:55:00,Low
8,2026-08-08 08:55:00+10:00,2,0,2,True,2026-08-08,08:55:00,Low
31,2026-08-08 08:55:00+10:00,2,0,2,True,2026-08-08,08:55:00,Low
36,2026-08-08 08:55:00+10:00,2,0,2,True,2026-08-08,08:55:00,Low
40,2026-08-08 08:55:00+10:00,3,1,4,True,2026-08-08,08:55:00,Low
41,2026-08-08 08:55:00+10:00,22,6,28,True,2026-08-08,08:55:00,Low
54,2026-08-08 08:55:00+10:00,0,2,2,True,2026-08-08,08:55:00,Low
59,2026-08-08 08:55:00+10:00,18,10,28,True,2026-08-08,08:55:00,Low
77,2026-08-08 08:55:00+10:00,24,13,37,True,2026-08-08,08:55:00,Low
131,2026-08-08 08:55:00+10:00,2,6,8,True,2026-08-08,08:55:00,Low
165,2026-08-08 08:55:00+10:00,1,0,1,True,2026-08-08,08:55:00,Low
181,2026-08-08 08:55:00+10:00,3,4,7,True,2026-08-08,08:55:00,Low
188,2026-08-08 08:55:00+10:00,0,3,3,True,2026-08-08,08:55:00,Low
209,2026-08-08 08:55:00+10:00,3,1,4,True,2026-08-08,08:55:00,Low
9,2026-08-08 08:55:00+10:00,1,3,4,True,2026-08-08,08:55:00,Low
11,2026-08-08 08:55:00+10:00,1,7,8,True,2026-08-08,08:55:00,Low
12,2026-08-08 08:55:00+10:00,3,4,7,True,2026-08-08,08:55:00,Low
19,2026-08-08 08:55:00+10:00,1,0,1,True,2026-08-08,08:55:00,Low
20,2026-08-08 08:55:00+10:00,1,2,3,True,2026-08-08,08:55:00,Low
52,2026-08-08 08:55:00+10:00,1,1,2,True,2026-08-08,08:55:00,Low
63,2026-08-08 08:55:00+10:00,1,2,3,True,2026-08-08,08:55:00,Low
72,2026-08-08 08:55:00+10:00,0,3,3,True,2026-08-08,08:55:00,Low
79,2026-08-08 08:55:00+10:00,2,0,2,True,2026-08-08,08:55:00,Low
137,2026-08-08 08:55:00+10:00,0,1,1,True,2026-08-08,08:55:00,Low
161,2026-08-08 08:55:00+10:00,9,4,13,True,2026-08-08,08:55:00,Low
164,2026-08-08 08:55:00+10:00,11,8,19,True,2026-08-08,08:55:00,Low
4,2026-08-08 08:55:00+10:00,7,4,11,True,2026-08-08,08:55:00,Low
14,2026-08-08 08:55:00+10:00,8,1,9,True,2026-08-08,08:55:00,Low
21,2026-08-08 08:55:00+10:00,2,5,7,True,2026-08-08,08:55:00,Low
37,2026-08-08 08:55:00+10:00,1,1,2,True,2026-08-08,08:55:00,Low
39,2026-08-08 08:55:00+10:00,2,0,2,True,2026-08-08,08:55:00,Low
45,2026-08-08 08:55:00+10:00,16,33,49,True,2026-08-08,08:55:00,Low
47,2026-08-08 08:55:00+10:00,9,19,28,True,2026-08-08,08:55:00,Low
50,2026-08-08 08:55:00+10:00,1,1,2,True,2026-08-08,08:55:00,Low
61,2026-08-08 08:55:00+10:00,2,4,6,True,2026-08-08,08:55:00,Low
69,2026-08-08 08:55:00+10:00,4,0,4,True,2026-08-08,08:55:00,Low
84,2026-08-08 08:55:00+10:00,44,23,67,True,2026-08-08,08:55:00,Medium
87,2026-08-08 08:55:00+10:00,1,2,3,True,2026-08-08,08:55:00,Low
133,2026-08-08 08:55:00+10:00,21,25,46,True,2026-08-08,08:55:00,Low
134,2026-08-08 08:55:00+10:00,26,14,40,True,2026-08-08,08:55:00,Low
140,2026-08-08 08:55:00+10:00,6,6,12,True,2026-08-08,08:55:00,Low
167,2026-08-08 08:55:00+10:00,0,3,3,True,2026-08-08,08:55:00,Low
179,2026-08-08 08:55:00+10:00,5,4,9,True,2026-08-08,08:55:00,Low
182,2026-08-08 08:55:00+10:00,8,9,17,True,2026-08-08,08:55:00,Low
1,2026-08-08 08:55:00+10:00,3,1,4,True,2026-08-08,08:55:00,Low
2,2026-08-08 08:55:00+10:00,0,3,3,True,2026-08-08,08:55:00,Low
23,2026-08-08 08:55:00+10:00,11,10,21,True,2026-08-08,08:55:00,Low
25,2026-08-08 08:55:00+10:00,22,93,115,True,2026-08-08,08:55:00,Medium
30,2026-08-08 08:55:00+10:00,5,10,15,True,2026-08-08,08:55:00,Low
46,2026-08-08 08:55:00+10:00,1,1,2,True,2026-08-08,08:55:00,Low
51,2026-08-08 08:55:00+10:00,1,0,1,True,2026-08-08,08:55:00,Low
53,2026-08-08 08:55:00+10:00,1,3,4,True,2026-08-08,08:55:00,Low
58,2026-08-08 08:55:00+10:00,27,11,38,True,2026-08-08,08:55:00,Low
62,2026-08-08 08:55:00+10:00,2,3,5,True,2026-08-08,08:55:00,Low
67,2026-08-08 08:55:00+10:00,5,6,11,True,2026-08-08,08:55:00,Low
68,2026-08-08 08:55:00+10:00,2,2,4,True,2026-08-08,08:55:00,Low
85,2026-08-08 08:55:00+10:00,1,0,1,True,2026-08-08,08:55:00,Low
86,2026-08-08 08:55:00+10:00,0,1,1,True,2026-08-08,08:55:00,Low
123,2026-08-08 08:55:00+10:00,1,2,3,True,2026-08-08,08:55:00,Low
130,2026-08-08 08:55:00+10:00,6,4,10,True,2026-08-08,08:55:00,Low
141,2026-08-08 08:55:00+10:00,6,7,13,True,2026-08-08,08:55:00,Low
142,2026-08-08 08:55:00+10:00,23,25,48,True,2026-08-08,08:55:00,Low
29,2026-08-08 08:55:00+10:00,1,2,3,True,2026-08-08,08:55:00,Low
43,2026-08-08 08:55:00+10:00,8,3,11,True,2026-08-08,08:55:00,Low
44,2026-08-08 08:55:00+10:00,3,1,4,True,2026-08-08,08:55:00,Low
66,2026-08-08 08:55:00+10:00,7,5,12,True,2026-08-08,08:55:00,Low
70,2026-08-08 08:55:00+10:00,3,3,6,True,2026-08-08,08:55:00,Low
107,2026-08-08 08:55:00+10:00,1,4,5,True,2026-08-08,08:55:00,Low
118,2026-08-08 08:55:00+10:00,0,2,2,True,2026-08-08,08:55:00,Low
132,2026-08-08 08:55:00+10:00,10,4,14,True,2026-08-08,08:55:00,Low
135,2026-08-08 08:55:00+10:00,15,14,29,True,2026-08-08,08:55:00,Low
143,2026-08-08 08:55:00+10:00,7,29,36,True,2026-08-08,08:55:00,Low
162,2026-08-08 08:55:00+10:00,22,18,40,True,2026-08-08,08:55:00,Low
166,2026-08-08 08:55:00+10:00,2,5,7,True,2026-08-08,08:55:00,Low
184,2026-08-08 08:55:00+10:00,13,9,22,True,2026-08-08,08:55:00,Low
185,2026-08-08 08:55:00+10:00,14,18,32,True,2026-08-08,08:55:00,Low
10,2026-08-08 08:55:00+10:00,1,0,1,True,2026-08-08,08:55:00,Low
17,2026-08-08 08:55:00+10:00,2,1,3,True,2026-08-08,08:55:00,Low
24,2026-08-08 08:55:00+10:00,17,0,17,True,2026-08-08,08:55:00,Low
27,2026-08-08 08:55:00+10:00,12,5,17,True,2026-08-08,08:55:00,Low
35,2026-08-08 08:55:00+10:00,14,9,23,True,2026-08-08,08:55:00,Low
48,2026-08-08 08:55:00+10:00,9,11,20,True,2026-08-08,08:55:00,Low
49,2026-08-08 08:55:00+10:00,17,18,35,True,2026-08-08,08:55:00,Low
56,2026-08-08 08:55:00+10:00,2,1,3,True,2026-08-08,08:55:00,Low
76,2026-08-08 08:55:00+10:00,0,1,1,True,2026-08-08,08:55:00,Low
109,2026-08-08 08:55:00+10:00,4,4,8,True,2026-08-08,08:55:00,Low
117,2026-08-08 08:55:00+10:00,2,5,7,True,2026-08-08,08:55:00,Low
136,2026-08-08 08:55:00+10:00,31,27,58,True,2026-08-08,08:55:00,Medium
139,2026-08-08 08:55:00+10:00,3,0,3,True,2026-08-08,08:55:00,Low
180,2026-08-08 08:55:00+10:00,1,0,1,True,2026-08-08,08:55:00,Low
187,2026-08-08 08:55:00+10:00,0,2,2,True,2026-08-08,08:55:00,Low
3,2026-08-08 08:54:00+10:00,2,3,5,True,2026-08-08,08:54:00,Low
41,2026-08-08 08:54:00+10:00,13,4,17,True,2026-08-08,08:54:00,Low
181,2026-08-08 08:54:00+10:00,1,8,9,True,2026-08-08,08:54:00,Low
35,2026-08-08 08:54:00+10:00,9,14,23,True,2026-08-08,08:54:00,Low
62,2026-08-08 08:54:00+10:00,1,0,1,True,2026-08-08,08:54:00,Low
63,2026-08-08 08:54:00+10:00,1,2,3,True,2026-08-08,08:54:00,Low
72,2026-08-08 08:54:00+10:00,1,1,2,True,2026-08-08,08:54:00,Low
76,2026-08-08 08:54:00+10:00,2,0,2,True,2026-08-08,08:54:00,Low
187,2026-08-08 08:54:00+10:00,3,1,4,True,2026-08-08,08:54:00,Low
14,2026-08-08 08:54:00+10:00,11,3,14,True,2026-08-08,08:54:00,Low
40,2026-08-08 08:54:00+10:00,1,3,4,True,2026-08-08,08:54:00,Low
61,2026-08-08 08:54:00+10:00,1,0,1,True,2026-08-08,08:54:00,Low
69,2026-08-08 08:54:00+10:00,4,1,5,True,2026-08-08,08:54:00,Low
209,2026-08-08 08:54:00+10:00,4,2,6,True,2026-08-08,08:54:00,Low
1,2026-08-08 08:54:00+10:00,6,6,12,True,2026-08-08,08:54:00,Low
11,2026-08-08 08:54:00+10:00,1,3,4,True,2026-08-08,08:54:00,Low
24,2026-08-08 08:54:00+10:00,4,6,10,True,2026-08-08,08:54:00,Low
52,2026-08-08 08:54:00+10:00,1,0,1,True,2026-08-08,08:54:00,Low
56,2026-08-08 08:54:00+10:00,2,0,2,True,2026-08-08,08:54:00,Low
68,2026-08-08 08:54:00+10:00,4,1,5,True,2026-08-08,08:54:00,Low
79,2026-08-08 08:54:00+10:00,3,4,7,True,2026-08-08,08:54:00,Low
180,2026-08-08 08:54:00+10:00,2,1,3,True,2026-08-08,08:54:00,Low
4,2026-08-08 08:54:00+10:00,6,4,10,True,2026-08-08,08:54:00,Low
6,2026-08-08 08:54:00+10:00,1,0,1,True,2026-08-08,08:54:00,Low
8,2026-08-08 08:54:00+10:00,1,3,4,True,2026-08-08,08:54:00,Low
36,2026-08-08 08:54:00+10:00,1,1,2,True,2026-08-08,08:54:00,Low
50,2026-08-08 08:54:00+10:00,1,0,1,True,2026-08-08,08:54:00,Low
66,2026-08-08 08:54:00+10:00,4,4,8,True,2026-08-08,08:54:00,Low
70,2026-08-08 08:54:00+10:00,2,2,4,True,2026-08-08,08:54:00,Low
87,2026-08-08 08:54:00+10:00,3,2,5,True,2026-08-08,08:54:00,Low
2,2026-08-08 08:54:00+10:00,2,2,4,True,2026-08-08,08:54:00,Low
9,2026-08-08 08:54:00+10:00,1,1,2,True,2026-08-08,08:54:00,Low
12,2026-08-08 08:54:00+10:00,1,0,1,True,2026-08-08,08:54:00,Low
20,2026-08-08 08:54:00+10:00,2,0,2,True,2026-08-08,08:54:00,Low
51,2026-08-08 08:54:00+10:00,0,2,2,True,2026-08-08,08:54:00,Low
53,2026-08-08 08:54:00+10:00,3,1,4,True,2026-08-08,08:54:00,Low
67,2026-08-08 08:54:00+10:00,4,11,15,True,2026-08-08,08:54:00,Low
85,2026-08-08 08:54:00+10:00,1,0,1,True,2026-08-08,08:54:00,Low
3,2026-08-08 08:53:00+10:00,1,0,1,True,2026-08-08,08:53:00,Low
6,2026-08-08 08:53:00+10:00,2,0,2,True,2026-08-08,08:53:00,Low
39,2026-08-08 08:53:00+10:00,0,3,3,True,2026-08-08,08:53:00,Low
40,2026-08-08 08:53:00+10:00,0,4,4,True,2026-08-08,08:53:00,Low
69,2026-08-08 08:53:00+10:00,0,2,2,True,2026-08-08,08:53:00,Low
1,2026-08-08 08:53:00+10:00,4,9,13,True,2026-08-08,08:53:00,Low
2,2026-08-08 08:53:00+10:00,1,1,2,True,2026-08-08,08:53:00,Low
9,2026-08-08 08:53:00+10:00,0,3,3,True,2026-08-08,08:53:00,Low
20,2026-08-08 08:53:00+10:00,4,0,4,True,2026-08-08,08:53:00,Low
67,2026-08-08 08:53:00+10:00,3,0,3,True,2026-08-08,08:53:00,Low
68,2026-08-08 08:53:00+10:00,5,4,9,True,2026-08-08,08:53:00,Low
85,2026-08-08 08:53:00+10:00,1,0,1,True,2026-08-08,08:53:00,Low
4,2026-08-08 08:53:00+10:00,7,4,11,True,2026-08-08,08:53:00,Low
14,2026-08-08 08:53:00+10:00,3,5,8,True,2026-08-08,08:53:00,Low
29,2026-08-08 08:53:00+10:00,0,6,6,True,2026-08-08,08:53:00,Low
42,2026-08-08 08:53:00+10:00,0,1,1,True,2026-08-08,08:53:00,Low
75,2026-08-08 08:53:00+10:00,1,0,1,True,2026-08-08,08:53:00,Low
12,2026-08-08 08:53:00+10:00,1,0,1,True,2026-08-08,08:53:00,Low
52,2026-08-08 08:53:00+10:00,1,2,3,True,2026-08-08,08:53:00,Low
63,2026-08-08 08:53:00+10:00,0,3,3,True,2026-08-08,08:53:00,Low
76,2026-08-08 08:53:00+10:00,1,0,1,True,2026-08-08,08:53:00,Low
86,2026-08-08 08:53:00+10:00,1,0,1,True,2026-08-08,08:53:00,Low
8,2026-08-08 08:53:00+10:00,2,2,4,True,2026-08-08,08:53:00,Low
36,2026-08-08 08:53:00+10:00,1,0,1,True,2026-08-08,08:53:00,Low
41,2026-08-08 08:53:00+10:00,23,8,31,True,2026-08-08,08:53:00,Low
61,2026-08-08 08:53:00+10:00,0,3,3,True,2026-08-08,08:53:00,Low
66,2026-08-08 08:53:00+10:00,2,3,5,True,2026-08-08,08:53:00,Low
70,2026-08-08 08:53:00+10:00,1,0,1,True,2026-08-08,08:53:00,Low
87,2026-08-08 08:53:00+10:00,1,0,1,True,2026-08-08,08:53:00,Low
181,2026-08-08 08:53:00+10:00,3,4,7,True,2026-08-08,08:53:00,Low
209,2026-08-08 08:53:00+10:00,3,1,4,True,2026-08-08,08:53:00,Low
17,2026-08-08 08:53:00+10:00,0,1,1,True,2026-08-08,08:53:00,Low
18,2026-08-08 08:53:00+10:00,0,2,2,True,2026-08-08,08:53:00,Low
24,2026-08-08 08:53:00+10:00,13,4,17,True,2026-08-08,08:53:00,Low
35,2026-08-08 08:53:00+10:00,7,29,36,True,2026-08-08,08:53:00,Low
51,2026-08-08 08:53:00+10:00,4,1,5,True,2026-08-08,08:53:00,Low
53,2026-08-08 08:53:00+10:00,1,2,3,True,2026-08-08,08:53:00,Low
62,2026-08-08 08:53:00+10:00,2,0,2,True,2026-08-08,08:53:00,Low
72,2026-08-08 08:53:00+10:00,0,1,1,True,2026-08-08,08:53:00,Low
79,2026-08-08 08:53:00+10:00,0,2,2,True,2026-08-08,08:53:00,Low
3,2026-08-08 08:52:00+10:00,0,6,6,True,2026-08-08,08:52:00,Low
42,2026-08-08 08:52:00+10:00,1,1,2,True,2026-08-08,08:52:00,Low
66,2026-08-08 08:52:00+10:00,1,6,7,True,2026-08-08,08:52:00,Low
69,2026-08-08 08:52:00+10:00,3,4,7,True,2026-08-08,08:52:00,Low
209,2026-08-08 08:52:00+10:00,7,0,7,True,2026-08-08,08:52:00,Low
1,2026-08-08 08:52:00+10:00,3,5,8,True,2026-08-08,08:52:00,Low
9,2026-08-08 08:52:00+10:00,0,1,1,True,2026-08-08,08:52:00,Low
12,2026-08-08 08:52:00+10:00,1,0,1,True,2026-08-08,08:52:00,Low
24,2026-08-08 08:52:00+10:00,1,8,9,True,2026-08-08,08:52:00,Low
51,2026-08-08 08:52:00+10:00,1,0,1,True,2026-08-08,08:52:00,Low
68,2026-08-08 08:52:00+10:00,2,1,3,True,2026-08-08,08:52:00,Low
76,2026-08-08 08:52:00+10:00,1,1,2,True,2026-08-08,08:52:00,Low
86,2026-08-08 08:52:00+10:00,1,1,2,True,2026-08-08,08:52:00,Low
6,2026-08-08 08:52:00+10:00,1,1,2,True,2026-08-08,08:52:00,Low
14,2026-08-08 08:52:00+10:00,9,0,9,True,2026-08-08,08:52:00,Low
29,2026-08-08 08:52:00+10:00,5,4,9,True,2026-08-08,08:52:00,Low
41,2026-08-08 08:52:00+10:00,10,3,13,True,2026-08-08,08:52:00,Low
181,2026-08-08 08:52:00+10:00,0,6,6,True,2026-08-08,08:52:00,Low
2,2026-08-08 08:52:00+10:00,1,0,1,True,2026-08-08,08:52:00,Low
10,2026-08-08 08:52:00+10:00,3,6,9,True,2026-08-08,08:52:00,Low
11,2026-08-08 08:52:00+10:00,1,0,1,True,2026-08-08,08:52:00,Low
17,2026-08-08 08:52:00+10:00,3,0,3,True,2026-08-08,08:52:00,Low
19,2026-08-08 08:52:00+10:00,1,2,3,True,2026-08-08,08:52:00,Low
52,2026-08-08 08:52:00+10:00,2,0,2,True,2026-08-08,08:52:00,Low
79,2026-08-08 08:52:00+10:00,1,2,3,True,2026-08-08,08:52:00,Low
85,2026-08-08 08:52:00+10:00,0,1,1,True,2026-08-08,08:52:00,Low
180,2026-08-08 08:52:00+10:00,2,0,2,True,2026-08-08,08:52:00,Low
187,2026-08-08 08:52:00+10:00,0,2,2,True,2026-08-08,08:52:00,Low
4,2026-08-08 08:52:00+10:00,9,3,12,True,2026-08-08,08:52:00,Low
8,2026-08-08 08:52:00+10:00,3,3,6,True,2026-08-08,08:52:00,Low
31,2026-08-08 08:52:00+10:00,0,2,2,True,2026-08-08,08:52:00,Low
61,2026-08-08 08:52:00+10:00,0,5,5,True,2026-08-08,08:52:00,Low
70,2026-08-08 08:52:00+10:00,1,0,1,True,2026-08-08,08:52:00,Low
75,2026-08-08 08:52:00+10:00,3,0,3,True,2026-08-08,08:52:00,Low
35,2026-08-08 08:52:00+10:00,15,33,48,True,2026-08-08,08:52:00,Low
53,2026-08-08 08:52:00+10:00,1,1,2,True,2026-08-08,08:52:00,Low
56,2026-08-08 08:52:00+10:00,7,0,7,True,2026-08-08,08:52:00,Low
62,2026-08-08 08:52:00+10:00,1,0,1,True,2026-08-08,08:52:00,Low
63,2026-08-08 08:52:00+10:00,1,2,3,True,2026-08-08,08:52:00,Low
67,2026-08-08 08:52:00+10:00,3,7,10,True,2026-08-08,08:52:00,Low
72,2026-08-08 08:52:00+10:00,0,2,2,True,2026-08-08,08:52:00,Low
3,2026-08-08 08:51:00+10:00,0,2,2,True,2026-08-08,08:51:00,Low
4,2026-08-08 08:51:00+10:00,3,4,7,True,2026-08-08,08:51:00,Low
14,2026-08-08 08:51:00+10:00,1,2,3,True,2026-08-08,08:51:00,Low
42,2026-08-08 08:51:00+10:00,6,0,6,True,2026-08-08,08:51:00,Low
66,2026-08-08 08:51:00+10:00,0,4,4,True,2026-08-08,08:51:00,Low
70,2026-08-08 08:51:00+10:00,1,1,2,True,2026-08-08,08:51:00,Low
209,2026-08-08 08:51:00+10:00,5,4,9,True,2026-08-08,08:51:00,Low
2,2026-08-08 08:51:00+10:00,3,2,5,True,2026-08-08,08:51:00,Low
12,2026-08-08 08:51:00+10:00,2,2,4,True,2026-08-08,08:51:00,Low
18,2026-08-08 08:51:00+10:00,1,1,2,True,2026-08-08,08:51:00,Low
24,2026-08-08 08:51:00+10:00,7,4,11,True,2026-08-08,08:51:00,Low
35,2026-08-08 08:51:00+10:00,5,18,23,True,2026-08-08,08:51:00,Low
72,2026-08-08 08:51:00+10:00,0,1,1,True,2026-08-08,08:51:00,Low
31,2026-08-08 08:51:00+10:00,2,0,2,True,2026-08-08,08:51:00,Low
61,2026-08-08 08:51:00+10:00,1,3,4,True,2026-08-08,08:51:00,Low
1,2026-08-08 08:51:00+10:00,1,1,2,True,2026-08-08,08:51:00,Low
9,2026-08-08 08:51:00+10:00,0,3,3,True,2026-08-08,08:51:00,Low
17,2026-08-08 08:51:00+10:00,1,1,2,True,2026-08-08,08:51:00,Low
19,2026-08-08 08:51:00+10:00,0,2,2,True,2026-08-08,08:51:00,Low
51,2026-08-08 08:51:00+10:00,3,2,5,True,2026-08-08,08:51:00,Low
53,2026-08-08 08:51:00+10:00,5,0,5,True,2026-08-08,08:51:00,Low
56,2026-08-08 08:51:00+10:00,3,1,4,True,2026-08-08,08:51:00,Low
63,2026-08-08 08:51:00+10:00,3,3,6,True,2026-08-08,08:51:00,Low
67,2026-08-08 08:51:00+10:00,7,3,10,True,2026-08-08,08:51:00,Low
85,2026-08-08 08:51:00+10:00,1,2,3,True,2026-08-08,08:51:00,Low
6,2026-08-08 08:51:00+10:00,1,6,7,True,2026-08-08,08:51:00,Low
8,2026-08-08 08:51:00+10:00,0,1,1,True,2026-08-08,08:51:00,Low
29,2026-08-08 08:51:00+10:00,3,5,8,True,2026-08-08,08:51:00,Low
39,2026-08-08 08:51:00+10:00,2,1,3,True,2026-08-08,08:51:00,Low
40,2026-08-08 08:51:00+10:00,4,2,6,True,2026-08-08,08:51:00,Low
41,2026-08-08 08:51:00+10:00,16,2,18,True,2026-08-08,08:51:00,Low
50,2026-08-08 08:51:00+10:00,0,2,2,True,2026-08-08,08:51:00,Low
69,2026-08-08 08:51:00+10:00,3,2,5,True,2026-08-08,08:51:00,Low
75,2026-08-08 08:51:00+10:00,1,1,2,True,2026-08-08,08:51:00,Low
87,2026-08-08 08:51:00+10:00,1,0,1,True,2026-08-08,08:51:00,Low
181,2026-08-08 08:51:00+10:00,6,3,9,True,2026-08-08,08:51:00,Low
20,2026-08-08 08:51:00+10:00,1,3,4,True,2026-08-08,08:51:00,Low
52,2026-08-08 08:51:00+10:00,1,0,1,True,2026-08-08,08:51:00,Low
68,2026-08-08 08:51:00+10:00,1,1,2,True,2026-08-08,08:51:00,Low
86,2026-08-08 08:51:00+10:00,1,1,2,True,2026-08-08,08:51:00,Low
180,2026-08-08 08:51:00+10:00,3,0,3,True,2026-08-08,08:51:00,Low
187,2026-08-08 08:51:00+10:00,0,1,1,True,2026-08-08,08:51:00,Low
3,2026-08-08 08:50:00+10:00,0,2,2,True,2026-08-08,08:50:00,Low
6,2026-08-08 08:50:00+10:00,1,0,1,True,2026-08-08,08:50:00,Low
14,2026-08-08 08:50:00+10:00,4,2,6,True,2026-08-08,08:50:00,Low
21,2026-08-08 08:50:00+10:00,8,9,17,True,2026-08-08,08:50:00,Low
29,2026-08-08 08:50:00+10:00,5,2,7,True,2026-08-08,08:50:00,Low
36,2026-08-08 08:50:00+10:00,1,0,1,True,2026-08-08,08:50:00,Low
40,2026-08-08 08:50:00+10:00,2,2,4,True,2026-08-08,08:50:00,Low
41,2026-08-08 08:50:00+10:00,7,1,8,True,2026-08-08,08:50:00,Low
43,2026-08-08 08:50:00+10:00,3,2,5,True,2026-08-08,08:50:00,Low
47,2026-08-08 08:50:00+10:00,11,11,22,True,2026-08-08,08:50:00,Low
59,2026-08-08 08:50:00+10:00,14,11,25,True,2026-08-08,08:50:00,Low
70,2026-08-08 08:50:00+10:00,1,0,1,True,2026-08-08,08:50:00,Low
107,2026-08-08 08:50:00+10:00,4,5,9,True,2026-08-08,08:50:00,Low
134,2026-08-08 08:50:00+10:00,16,9,25,True,2026-08-08,08:50:00,Low
143,2026-08-08 08:50:00+10:00,6,38,44,True,2026-08-08,08:50:00,Low
167,2026-08-08 08:50:00+10:00,4,7,11,True,2026-08-08,08:50:00,Low
188,2026-08-08 08:50:00+10:00,0,1,1,True,2026-08-08,08:50:00,Low
209,2026-08-08 08:50:00+10:00,0,3,3,True,2026-08-08,08:50:00,Low
18,2026-08-08 08:50:00+10:00,0,1,1,True,2026-08-08,08:50:00,Low
46,2026-08-08 08:50:00+10:00,2,1,3,True,2026-08-08,08:50:00,Low
52,2026-08-08 08:50:00+10:00,2,3,5,True,2026-08-08,08:50:00,Low
67,2026-08-08 08:50:00+10:00,4,2,6,True,2026-08-08,08:50:00,Low
109,2026-08-08 08:50:00+10:00,2,1,3,True,2026-08-08,08:50:00,Low
123,2026-08-08 08:50:00+10:00,3,2,5,True,2026-08-08,08:50:00,Low
141,2026-08-08 08:50:00+10:00,5,1,6,True,2026-08-08,08:50:00,Low
180,2026-08-08 08:50:00+10:00,2,0,2,True,2026-08-08,08:50:00,Low
4,2026-08-08 08:50:00+10:00,6,4,10,True,2026-08-08,08:50:00,Low
8,2026-08-08 08:50:00+10:00,2,3,5,True,2026-08-08,08:50:00,Low
31,2026-08-08 08:50:00+10:00,0,3,3,True,2026-08-08,08:50:00,Low
61,2026-08-08 08:50:00+10:00,4,1,5,True,2026-08-08,08:50:00,Low
66,2026-08-08 08:50:00+10:00,3,0,3,True,2026-08-08,08:50:00,Low
69,2026-08-08 08:50:00+10:00,8,3,11,True,2026-08-08,08:50:00,Low
84,2026-08-08 08:50:00+10:00,27,18,45,True,2026-08-08,08:50:00,Low
131,2026-08-08 08:50:00+10:00,4,4,8,True,2026-08-08,08:50:00,Low
135,2026-08-08 08:50:00+10:00,7,10,17,True,2026-08-08,08:50:00,Low
140,2026-08-08 08:50:00+10:00,14,5,19,True,2026-08-08,08:50:00,Low
166,2026-08-08 08:50:00+10:00,1,1,2,True,2026-08-08,08:50:00,Low
179,2026-08-08 08:50:00+10:00,4,2,6,True,2026-08-08,08:50:00,Low
182,2026-08-08 08:50:00+10:00,3,10,13,True,2026-08-08,08:50:00,Low
185,2026-08-08 08:50:00+10:00,18,12,30,True,2026-08-08,08:50:00,Low
1,2026-08-08 08:50:00+10:00,6,9,15,True,2026-08-08,08:50:00,Low
10,2026-08-08 08:50:00+10:00,1,0,1,True,2026-08-08,08:50:00,Low
11,2026-08-08 08:50:00+10:00,6,2,8,True,2026-08-08,08:50:00,Low
23,2026-08-08 08:50:00+10:00,3,1,4,True,2026-08-08,08:50:00,Low
25,2026-08-08 08:50:00+10:00,27,83,110,True,2026-08-08,08:50:00,Medium
49,2026-08-08 08:50:00+10:00,12,14,26,True,2026-08-08,08:50:00,Low
62,2026-08-08 08:50:00+10:00,1,2,3,True,2026-08-08,08:50:00,Low
63,2026-08-08 08:50:00+10:00,3,1,4,True,2026-08-08,08:50:00,Low
79,2026-08-08 08:50:00+10:00,1,1,2,True,2026-08-08,08:50:00,Low
117,2026-08-08 08:50:00+10:00,5,8,13,True,2026-08-08,08:50:00,Low
130,2026-08-08 08:50:00+10:00,6,1,7,True,2026-08-08,08:50:00,Low
138,2026-08-08 08:50:00+10:00,0,1,1,True,2026-08-08,08:50:00,Low
139,2026-08-08 08:50:00+10:00,3,4,7,True,2026-08-08,08:50:00,Low
142,2026-08-08 08:50:00+10:00,31,83,114,True,2026-08-08,08:50:00,Medium
164,2026-08-08 08:50:00+10:00,10,8,18,True,2026-08-08,08:50:00,Low
5,2026-08-08 08:50:00+10:00,21,27,48,True,2026-08-08,08:50:00,Low
39,2026-08-08 08:50:00+10:00,1,2,3,True,2026-08-08,08:50:00,Low
42,2026-08-08 08:50:00+10:00,1,0,1,True,2026-08-08,08:50:00,Low
44,2026-08-08 08:50:00+10:00,2,3,5,True,2026-08-08,08:50:00,Low
45,2026-08-08 08:50:00+10:00,10,16,26,True,2026-08-08,08:50:00,Low
50,2026-08-08 08:50:00+10:00,0,4,4,True,2026-08-08,08:50:00,Low
54,2026-08-08 08:50:00+10:00,4,1,5,True,2026-08-08,08:50:00,Low
75,2026-08-08 08:50:00+10:00,0,1,1,True,2026-08-08,08:50:00,Low
77,2026-08-08 08:50:00+10:00,9,15,24,True,2026-08-08,08:50:00,Low
118,2026-08-08 08:50:00+10:00,1,0,1,True,2026-08-08,08:50:00,Low
132,2026-08-08 08:50:00+10:00,14,5,19,True,2026-08-08,08:50:00,Low
133,2026-08-08 08:50:00+10:00,20,29,49,True,2026-08-08,08:50:00,Low
162,2026-08-08 08:50:00+10:00,23,9,32,True,2026-08-08,08:50:00,Low
165,2026-08-08 08:50:00+10:00,0,3,3,True,2026-08-08,08:50:00,Low
181,2026-08-08 08:50:00+10:00,5,2,7,True,2026-08-08,08:50:00,Low
184,2026-08-08 08:50:00+10:00,18,10,28,True,2026-08-08,08:50:00,Low
2,2026-08-08 08:50:00+10:00,2,4,6,True,2026-08-08,08:50:00,Low
9,2026-08-08 08:50:00+10:00,1,0,1,True,2026-08-08,08:50:00,Low
17,2026-08-08 08:50:00+10:00,0,2,2,True,2026-08-08,08:50:00,Low
24,2026-08-08 08:50:00+10:00,8,0,8,True,2026-08-08,08:50:00,Low
27,2026-08-08 08:50:00+10:00,14,10,24,True,2026-08-08,08:50:00,Low
30,2026-08-08 08:50:00+10:00,9,19,28,True,2026-08-08,08:50:00,Low
35,2026-08-08 08:50:00+10:00,7,19,26,True,2026-08-08,08:50:00,Low
48,2026-08-08 08:50:00+10:00,13,10,23,True,2026-08-08,08:50:00,Low
51,2026-08-08 08:50:00+10:00,0,1,1,True,2026-08-08,08:50:00,Low
53,2026-08-08 08:50:00+10:00,5,3,8,True,2026-08-08,08:50:00,Low
58,2026-08-08 08:50:00+10:00,28,11,39,True,2026-08-08,08:50:00,Low
68,2026-08-08 08:50:00+10:00,6,1,7,True,2026-08-08,08:50:00,Low
76,2026-08-08 08:50:00+10:00,1,0,1,True,2026-08-08,08:50:00,Low
85,2026-08-08 08:50:00+10:00,1,4,5,True,2026-08-08,08:50:00,Low
86,2026-08-08 08:50:00+10:00,2,1,3,True,2026-08-08,08:50:00,Low
136,2026-08-08 08:50:00+10:00,32,18,50,True,2026-08-08,08:50:00,Low
137,2026-08-08 08:50:00+10:00,1,0,1,True,2026-08-08,08:50:00,Low
161,2026-08-08 08:50:00+10:00,15,3,18,True,2026-08-08,08:50:00,Low
61,2026-08-08 08:49:00+10:00,2,0,2,True,2026-08-08,08:49:00,Low
69,2026-08-08 08:49:00+10:00,5,2,7,True,2026-08-08,08:49:00,Low
70,2026-08-08 08:49:00+10:00,0,1,1,True,2026-08-08,08:49:00,Low
2,2026-08-08 08:49:00+10:00,0,1,1,True,2026-08-08,08:49:00,Low
9,2026-08-08 08:49:00+10:00,1,1,2,True,2026-08-08,08:49:00,Low
12,2026-08-08 08:49:00+10:00,2,2,4,True,2026-08-08,08:49:00,Low
51,2026-08-08 08:49:00+10:00,0,1,1,True,2026-08-08,08:49:00,Low
52,2026-08-08 08:49:00+10:00,1,1,2,True,2026-08-08,08:49:00,Low
72,2026-08-08 08:49:00+10:00,3,1,4,True,2026-08-08,08:49:00,Low
85,2026-08-08 08:49:00+10:00,0,1,1,True,2026-08-08,08:49:00,Low
86,2026-08-08 08:49:00+10:00,1,0,1,True,2026-08-08,08:49:00,Low
14,2026-08-08 08:49:00+10:00,9,1,10,True,2026-08-08,08:49:00,Low
39,2026-08-08 08:49:00+10:00,2,0,2,True,2026-08-08,08:49:00,Low
66,2026-08-08 08:49:00+10:00,3,0,3,True,2026-08-08,08:49:00,Low
75,2026-08-08 08:49:00+10:00,2,0,2,True,2026-08-08,08:49:00,Low
181,2026-08-08 08:49:00+10:00,11,1,12,True,2026-08-08,08:49:00,Low
209,2026-08-08 08:49:00+10:00,2,1,3,True,2026-08-08,08:49:00,Low
1,2026-08-08 08:49:00+10:00,0,4,4,True,2026-08-08,08:49:00,Low
53,2026-08-08 08:49:00+10:00,2,2,4,True,2026-08-08,08:49:00,Low
63,2026-08-08 08:49:00+10:00,1,0,1,True,2026-08-08,08:49:00,Low
67,2026-08-08 08:49:00+10:00,3,3,6,True,2026-08-08,08:49:00,Low
3,2026-08-08 08:49:00+10:00,3,3,6,True,2026-08-08,08:49:00,Low
4,2026-08-08 08:49:00+10:00,6,1,7,True,2026-08-08,08:49:00,Low
6,2026-08-08 08:49:00+10:00,2,3,5,True,2026-08-08,08:49:00,Low
8,2026-08-08 08:49:00+10:00,1,2,3,True,2026-08-08,08:49:00,Low
29,2026-08-08 08:49:00+10:00,0,1,1,True,2026-08-08,08:49:00,Low
41,2026-08-08 08:49:00+10:00,4,8,12,True,2026-08-08,08:49:00,Low
50,2026-08-08 08:49:00+10:00,2,6,8,True,2026-08-08,08:49:00,Low
87,2026-08-08 08:49:00+10:00,2,0,2,True,2026-08-08,08:49:00,Low
10,2026-08-08 08:49:00+10:00,0,4,4,True,2026-08-08,08:49:00,Low
11,2026-08-08 08:49:00+10:00,0,1,1,True,2026-08-08,08:49:00,Low
17,2026-08-08 08:49:00+10:00,1,0,1,True,2026-08-08,08:49:00,Low
24,2026-08-08 08:49:00+10:00,2,3,5,True,2026-08-08,08:49:00,Low
35,2026-08-08 08:49:00+10:00,8,13,21,True,2026-08-08,08:49:00,Low
62,2026-08-08 08:49:00+10:00,3,0,3,True,2026-08-08,08:49:00,Low
68,2026-08-08 08:49:00+10:00,4,3,7,True,2026-08-08,08:49:00,Low
187,2026-08-08 08:49:00+10:00,0,1,1,True,2026-08-08,08:49:00,Low
14,2026-08-08 08:48:00+10:00,1,0,1,True,2026-08-08,08:48:00,Low
29,2026-08-08 08:48:00+10:00,3,4,7,True,2026-08-08,08:48:00,Low
40,2026-08-08 08:48:00+10:00,2,1,3,True,2026-08-08,08:48:00,Low
42,2026-08-08 08:48:00+10:00,0,1,1,True,2026-08-08,08:48:00,Low
70,2026-08-08 08:48:00+10:00,1,1,2,True,2026-08-08,08:48:00,Low
12,2026-08-08 08:48:00+10:00,4,2,6,True,2026-08-08,08:48:00,Low
19,2026-08-08 08:48:00+10:00,0,1,1,True,2026-08-08,08:48:00,Low
62,2026-08-08 08:48:00+10:00,1,1,2,True,2026-08-08,08:48:00,Low
76,2026-08-08 08:48:00+10:00,2,1,3,True,2026-08-08,08:48:00,Low
3,2026-08-08 08:48:00+10:00,1,0,1,True,2026-08-08,08:48:00,Low
4,2026-08-08 08:48:00+10:00,11,0,11,True,2026-08-08,08:48:00,Low
50,2026-08-08 08:48:00+10:00,0,1,1,True,2026-08-08,08:48:00,Low
61,2026-08-08 08:48:00+10:00,1,1,2,True,2026-08-08,08:48:00,Low
66,2026-08-08 08:48:00+10:00,1,0,1,True,2026-08-08,08:48:00,Low
69,2026-08-08 08:48:00+10:00,3,0,3,True,2026-08-08,08:48:00,Low
87,2026-08-08 08:48:00+10:00,1,0,1,True,2026-08-08,08:48:00,Low
1,2026-08-08 08:48:00+10:00,2,4,6,True,2026-08-08,08:48:00,Low
2,2026-08-08 08:48:00+10:00,3,1,4,True,2026-08-08,08:48:00,Low
11,2026-08-08 08:48:00+10:00,2,0,2,True,2026-08-08,08:48:00,Low
24,2026-08-08 08:48:00+10:00,4,7,11,True,2026-08-08,08:48:00,Low
52,2026-08-08 08:48:00+10:00,3,0,3,True,2026-08-08,08:48:00,Low
53,2026-08-08 08:48:00+10:00,4,1,5,True,2026-08-08,08:48:00,Low
56,2026-08-08 08:48:00+10:00,1,0,1,True,2026-08-08,08:48:00,Low
63,2026-08-08 08:48:00+10:00,3,0,3,True,2026-08-08,08:48:00,Low
67,2026-08-08 08:48:00+10:00,5,4,9,True,2026-08-08,08:48:00,Low
68,2026-08-08 08:48:00+10:00,3,0,3,True,2026-08-08,08:48:00,Low
8,2026-08-08 08:48:00+10:00,1,3,4,True,2026-08-08,08:48:00,Low
36,2026-08-08 08:48:00+10:00,1,0,1,True,2026-08-08,08:48:00,Low
41,2026-08-08 08:48:00+10:00,2,3,5,True,2026-08-08,08:48:00,Low
181,2026-08-08 08:48:00+10:00,1,6,7,True,2026-08-08,08:48:00,Low
209,2026-08-08 08:48:00+10:00,4,2,6,True,2026-08-08,08:48:00,Low
20,2026-08-08 08:48:00+10:00,0,4,4,True,2026-08-08,08:48:00,Low
35,2026-08-08 08:48:00+10:00,8,11,19,True,2026-08-08,08:48:00,Low
51,2026-08-08 08:48:00+10:00,2,0,2,True,2026-08-08,08:48:00,Low
72,2026-08-08 08:48:00+10:00,0,2,2,True,2026-08-08,08:48:00,Low
79,2026-08-08 08:48:00+10:00,2,0,2,True,2026-08-08,08:48:00,Low
86,2026-08-08 08:48:00+10:00,0,1,1,True,2026-08-08,08:48:00,Low
187,2026-08-08 08:48:00+10:00,0,4,4,True,2026-08-08,08:48:00,Low
3,2026-08-08 08:47:00+10:00,3,2,5,True,2026-08-08,08:47:00,Low
6,2026-08-08 08:47:00+10:00,2,0,2,True,2026-08-08,08:47:00,Low
41,2026-08-08 08:47:00+10:00,8,6,14,True,2026-08-08,08:47:00,Low
61,2026-08-08 08:47:00+10:00,0,3,3,True,2026-08-08,08:47:00,Low
70,2026-08-08 08:47:00+10:00,2,0,2,True,2026-08-08,08:47:00,Low
87,2026-08-08 08:47:00+10:00,2,2,4,True,2026-08-08,08:47:00,Low
9,2026-08-08 08:47:00+10:00,0,1,1,True,2026-08-08,08:47:00,Low
12,2026-08-08 08:47:00+10:00,1,2,3,True,2026-08-08,08:47:00,Low
17,2026-08-08 08:47:00+10:00,3,0,3,True,2026-08-08,08:47:00,Low
63,2026-08-08 08:47:00+10:00,0,1,1,True,2026-08-08,08:47:00,Low
67,2026-08-08 08:47:00+10:00,1,1,2,True,2026-08-08,08:47:00,Low
68,2026-08-08 08:47:00+10:00,3,1,4,True,2026-08-08,08:47:00,Low
72,2026-08-08 08:47:00+10:00,1,2,3,True,2026-08-08,08:47:00,Low
79,2026-08-08 08:47:00+10:00,5,4,9,True,2026-08-08,08:47:00,Low
4,2026-08-08 08:47:00+10:00,4,4,8,True,2026-08-08,08:47:00,Low
39,2026-08-08 08:47:00+10:00,0,1,1,True,2026-08-08,08:47:00,Low
40,2026-08-08 08:47:00+10:00,1,0,1,True,2026-08-08,08:47:00,Low
66,2026-08-08 08:47:00+10:00,2,1,3,True,2026-08-08,08:47:00,Low
1,2026-08-08 08:47:00+10:00,0,1,1,True,2026-08-08,08:47:00,Low
10,2026-08-08 08:47:00+10:00,1,1,2,True,2026-08-08,08:47:00,Low
19,2026-08-08 08:47:00+10:00,3,4,7,True,2026-08-08,08:47:00,Low
24,2026-08-08 08:47:00+10:00,1,3,4,True,2026-08-08,08:47:00,Low
35,2026-08-08 08:47:00+10:00,9,34,43,True,2026-08-08,08:47:00,Low
56,2026-08-08 08:47:00+10:00,9,2,11,True,2026-08-08,08:47:00,Low
85,2026-08-08 08:47:00+10:00,1,2,3,True,2026-08-08,08:47:00,Low
86,2026-08-08 08:47:00+10:00,0,1,1,True,2026-08-08,08:47:00,Low
8,2026-08-08 08:47:00+10:00,3,3,6,True,2026-08-08,08:47:00,Low
36,2026-08-08 08:47:00+10:00,2,0,2,True,2026-08-08,08:47:00,Low
42,2026-08-08 08:47:00+10:00,1,0,1,True,2026-08-08,08:47:00,Low
50,2026-08-08 08:47:00+10:00,1,0,1,True,2026-08-08,08:47:00,Low
69,2026-08-08 08:47:00+10:00,0,1,1,True,2026-08-08,08:47:00,Low
181,2026-08-08 08:47:00+10:00,0,7,7,True,2026-08-08,08:47:00,Low
209,2026-08-08 08:47:00+10:00,3,2,5,True,2026-08-08,08:47:00,Low
2,2026-08-08 08:47:00+10:00,1,4,5,True,2026-08-08,08:47:00,Low
11,2026-08-08 08:47:00+10:00,4,0,4,True,2026-08-08,08:47:00,Low
52,2026-08-08 08:47:00+10:00,1,1,2,True,2026-08-08,08:47:00,Low
53,2026-08-08 08:47:00+10:00,3,5,8,True,2026-08-08,08:47:00,Low
62,2026-08-08 08:47:00+10:00,0,1,1,True,2026-08-08,08:47:00,Low
187,2026-08-08 08:47:00+10:00,2,2,4,True,2026-08-08,08:47:00,Low
14,2026-08-08 08:46:00+10:00,1,2,3,True,2026-08-08,08:46:00,Low
36,2026-08-08 08:46:00+10:00,1,2,3,True,2026-08-08,08:46:00,Low
41,2026-08-08 08:46:00+10:00,9,9,18,True,2026-08-08,08:46:00,Low
61,2026-08-08 08:46:00+10:00,1,4,5,True,2026-08-08,08:46:00,Low
75,2026-08-08 08:46:00+10:00,1,0,1,True,2026-08-08,08:46:00,Low
87,2026-08-08 08:46:00+10:00,3,0,3,True,2026-08-08,08:46:00,Low
181,2026-08-08 08:46:00+10:00,0,5,5,True,2026-08-08,08:46:00,Low
209,2026-08-08 08:46:00+10:00,6,2,8,True,2026-08-08,08:46:00,Low
17,2026-08-08 08:46:00+10:00,2,1,3,True,2026-08-08,08:46:00,Low
20,2026-08-08 08:46:00+10:00,0,2,2,True,2026-08-08,08:46:00,Low
35,2026-08-08 08:46:00+10:00,13,5,18,True,2026-08-08,08:46:00,Low
53,2026-08-08 08:46:00+10:00,2,3,5,True,2026-08-08,08:46:00,Low
62,2026-08-08 08:46:00+10:00,1,0,1,True,2026-08-08,08:46:00,Low
63,2026-08-08 08:46:00+10:00,1,1,2,True,2026-08-08,08:46:00,Low
4,2026-08-08 08:46:00+10:00,3,3,6,True,2026-08-08,08:46:00,Low
40,2026-08-08 08:46:00+10:00,3,1,4,True,2026-08-08,08:46:00,Low
42,2026-08-08 08:46:00+10:00,0,1,1,True,2026-08-08,08:46:00,Low
50,2026-08-08 08:46:00+10:00,0,1,1,True,2026-08-08,08:46:00,Low
69,2026-08-08 08:46:00+10:00,3,0,3,True,2026-08-08,08:46:00,Low
71,2026-08-08 08:46:00+10:00,0,1,1,True,2026-08-08,08:46:00,Low
1,2026-08-08 08:46:00+10:00,4,0,4,True,2026-08-08,08:46:00,Low
2,2026-08-08 08:46:00+10:00,3,3,6,True,2026-08-08,08:46:00,Low
9,2026-08-08 08:46:00+10:00,2,0,2,True,2026-08-08,08:46:00,Low
18,2026-08-08 08:46:00+10:00,0,1,1,True,2026-08-08,08:46:00,Low
24,2026-08-08 08:46:00+10:00,9,6,15,True,2026-08-08,08:46:00,Low
76,2026-08-08 08:46:00+10:00,0,1,1,True,2026-08-08,08:46:00,Low
79,2026-08-08 08:46:00+10:00,3,1,4,True,2026-08-08,08:46:00,Low
85,2026-08-08 08:46:00+10:00,1,1,2,True,2026-08-08,08:46:00,Low
86,2026-08-08 08:46:00+10:00,0,1,1,True,2026-08-08,08:46:00,Low
3,2026-08-08 08:46:00+10:00,3,1,4,True,2026-08-08,08:46:00,Low
6,2026-08-08 08:46:00+10:00,0,9,9,True,2026-08-08,08:46:00,Low
29,2026-08-08 08:46:00+10:00,0,2,2,True,2026-08-08,08:46:00,Low
31,2026-08-08 08:46:00+10:00,1,0,1,True,2026-08-08,08:46:00,Low
66,2026-08-08 08:46:00+10:00,2,1,3,True,2026-08-08,08:46:00,Low
70,2026-08-08 08:46:00+10:00,1,2,3,True,2026-08-08,08:46:00,Low
11,2026-08-08 08:46:00+10:00,0,2,2,True,2026-08-08,08:46:00,Low
12,2026-08-08 08:46:00+10:00,0,2,2,True,2026-08-08,08:46:00,Low
52,2026-08-08 08:46:00+10:00,3,0,3,True,2026-08-08,08:46:00,Low
56,2026-08-08 08:46:00+10:00,2,0,2,True,2026-08-08,08:46:00,Low
67,2026-08-08 08:46:00+10:00,1,4,5,True,2026-08-08,08:46:00,Low
68,2026-08-08 08:46:00+10:00,1,1,2,True,2026-08-08,08:46:00,Low
72,2026-08-08 08:46:00+10:00,0,1,1,True,2026-08-08,08:46:00,Low
180,2026-08-08 08:46:00+10:00,2,2,4,True,2026-08-08,08:46:00,Low
187,2026-08-08 08:46:00+10:00,4,1,5,True,2026-08-08,08:46:00,Low
4,2026-08-08 08:45:00+10:00,6,3,9,True,2026-08-08,08:45:00,Low
8,2026-08-08 08:45:00+10:00,0,5,5,True,2026-08-08,08:45:00,Low
21,2026-08-08 08:45:00+10:00,6,8,14,True,2026-08-08,08:45:00,Low
36,2026-08-08 08:45:00+10:00,0,2,2,True,2026-08-08,08:45:00,Low
37,2026-08-08 08:45:00+10:00,1,0,1,True,2026-08-08,08:45:00,Low
39,2026-08-08 08:45:00+10:00,1,0,1,True,2026-08-08,08:45:00,Low
44,2026-08-08 08:45:00+10:00,1,4,5,True,2026-08-08,08:45:00,Low
45,2026-08-08 08:45:00+10:00,14,10,24,True,2026-08-08,08:45:00,Low
50,2026-08-08 08:45:00+10:00,1,0,1,True,2026-08-08,08:45:00,Low
61,2026-08-08 08:45:00+10:00,1,2,3,True,2026-08-08,08:45:00,Low
84,2026-08-08 08:45:00+10:00,26,19,45,True,2026-08-08,08:45:00,Low
107,2026-08-08 08:45:00+10:00,9,5,14,True,2026-08-08,08:45:00,Low
135,2026-08-08 08:45:00+10:00,7,13,20,True,2026-08-08,08:45:00,Low
140,2026-08-08 08:45:00+10:00,7,0,7,True,2026-08-08,08:45:00,Low
143,2026-08-08 08:45:00+10:00,7,36,43,True,2026-08-08,08:45:00,Low
162,2026-08-08 08:45:00+10:00,24,27,51,True,2026-08-08,08:45:00,Medium
166,2026-08-08 08:45:00+10:00,2,3,5,True,2026-08-08,08:45:00,Low
179,2026-08-08 08:45:00+10:00,3,5,8,True,2026-08-08,08:45:00,Low
185,2026-08-08 08:45:00+10:00,8,12,20,True,2026-08-08,08:45:00,Low
12,2026-08-08 08:45:00+10:00,2,1,3,True,2026-08-08,08:45:00,Low
18,2026-08-08 08:45:00+10:00,0,2,2,True,2026-08-08,08:45:00,Low
27,2026-08-08 08:45:00+10:00,11,7,18,True,2026-08-08,08:45:00,Low
30,2026-08-08 08:45:00+10:00,6,9,15,True,2026-08-08,08:45:00,Low
52,2026-08-08 08:45:00+10:00,0,1,1,True,2026-08-08,08:45:00,Low
63,2026-08-08 08:45:00+10:00,0,2,2,True,2026-08-08,08:45:00,Low
117,2026-08-08 08:45:00+10:00,8,15,23,True,2026-08-08,08:45:00,Low
141,2026-08-08 08:45:00+10:00,7,5,12,True,2026-08-08,08:45:00,Low
6,2026-08-08 08:45:00+10:00,2,0,2,True,2026-08-08,08:45:00,Low
40,2026-08-08 08:45:00+10:00,0,2,2,True,2026-08-08,08:45:00,Low
41,2026-08-08 08:45:00+10:00,0,7,7,True,2026-08-08,08:45:00,Low
54,2026-08-08 08:45:00+10:00,2,1,3,True,2026-08-08,08:45:00,Low
66,2026-08-08 08:45:00+10:00,1,3,4,True,2026-08-08,08:45:00,Low
77,2026-08-08 08:45:00+10:00,8,5,13,True,2026-08-08,08:45:00,Low
87,2026-08-08 08:45:00+10:00,1,0,1,True,2026-08-08,08:45:00,Low
132,2026-08-08 08:45:00+10:00,12,5,17,True,2026-08-08,08:45:00,Low
181,2026-08-08 08:45:00+10:00,4,4,8,True,2026-08-08,08:45:00,Low
1,2026-08-08 08:45:00+10:00,1,2,3,True,2026-08-08,08:45:00,Low
19,2026-08-08 08:45:00+10:00,1,0,1,True,2026-08-08,08:45:00,Low
23,2026-08-08 08:45:00+10:00,5,6,11,True,2026-08-08,08:45:00,Low
35,2026-08-08 08:45:00+10:00,10,7,17,True,2026-08-08,08:45:00,Low
48,2026-08-08 08:45:00+10:00,16,7,23,True,2026-08-08,08:45:00,Low
49,2026-08-08 08:45:00+10:00,16,15,31,True,2026-08-08,08:45:00,Low
51,2026-08-08 08:45:00+10:00,0,1,1,True,2026-08-08,08:45:00,Low
53,2026-08-08 08:45:00+10:00,5,2,7,True,2026-08-08,08:45:00,Low
58,2026-08-08 08:45:00+10:00,21,8,29,True,2026-08-08,08:45:00,Low
62,2026-08-08 08:45:00+10:00,0,1,1,True,2026-08-08,08:45:00,Low
67,2026-08-08 08:45:00+10:00,3,1,4,True,2026-08-08,08:45:00,Low
76,2026-08-08 08:45:00+10:00,1,0,1,True,2026-08-08,08:45:00,Low
86,2026-08-08 08:45:00+10:00,1,0,1,True,2026-08-08,08:45:00,Low
136,2026-08-08 08:45:00+10:00,23,22,45,True,2026-08-08,08:45:00,Low
161,2026-08-08 08:45:00+10:00,3,5,8,True,2026-08-08,08:45:00,Low
164,2026-08-08 08:45:00+10:00,13,2,15,True,2026-08-08,08:45:00,Low
3,2026-08-08 08:45:00+10:00,2,2,4,True,2026-08-08,08:45:00,Low
5,2026-08-08 08:45:00+10:00,19,23,42,True,2026-08-08,08:45:00,Low
14,2026-08-08 08:45:00+10:00,6,2,8,True,2026-08-08,08:45:00,Low
29,2026-08-08 08:45:00+10:00,1,0,1,True,2026-08-08,08:45:00,Low
43,2026-08-08 08:45:00+10:00,6,3,9,True,2026-08-08,08:45:00,Low
47,2026-08-08 08:45:00+10:00,13,24,37,True,2026-08-08,08:45:00,Low
59,2026-08-08 08:45:00+10:00,9,3,12,True,2026-08-08,08:45:00,Low
69,2026-08-08 08:45:00+10:00,3,3,6,True,2026-08-08,08:45:00,Low
118,2026-08-08 08:45:00+10:00,1,1,2,True,2026-08-08,08:45:00,Low
131,2026-08-08 08:45:00+10:00,5,3,8,True,2026-08-08,08:45:00,Low
133,2026-08-08 08:45:00+10:00,23,21,44,True,2026-08-08,08:45:00,Low
134,2026-08-08 08:45:00+10:00,5,16,21,True,2026-08-08,08:45:00,Low
165,2026-08-08 08:45:00+10:00,0,1,1,True,2026-08-08,08:45:00,Low
167,2026-08-08 08:45:00+10:00,6,4,10,True,2026-08-08,08:45:00,Low
182,2026-08-08 08:45:00+10:00,8,12,20,True,2026-08-08,08:45:00,Low
184,2026-08-08 08:45:00+10:00,24,13,37,True,2026-08-08,08:45:00,Low
188,2026-08-08 08:45:00+10:00,1,3,4,True,2026-08-08,08:45:00,Low
209,2026-08-08 08:45:00+10:00,3,3,6,True,2026-08-08,08:45:00,Low
2,2026-08-08 08:45:00+10:00,1,1,2,True,2026-08-08,08:45:00,Low
10,2026-08-08 08:45:00+10:00,0,1,1,True,2026-08-08,08:45:00,Low
11,2026-08-08 08:45:00+10:00,1,1,2,True,2026-08-08,08:45:00,Low
17,2026-08-08 08:45:00+10:00,4,0,4,True,2026-08-08,08:45:00,Low
24,2026-08-08 08:45:00+10:00,5,0,5,True,2026-08-08,08:45:00,Low
25,2026-08-08 08:45:00+10:00,36,50,86,True,2026-08-08,08:45:00,Medium
46,2026-08-08 08:45:00+10:00,2,2,4,True,2026-08-08,08:45:00,Low
56,2026-08-08 08:45:00+10:00,2,1,3,True,2026-08-08,08:45:00,Low
68,2026-08-08 08:45:00+10:00,0,3,3,True,2026-08-08,08:45:00,Low
72,2026-08-08 08:45:00+10:00,7,0,7,True,2026-08-08,08:45:00,Low
79,2026-08-08 08:45:00+10:00,0,4,4,True,2026-08-08,08:45:00,Low
109,2026-08-08 08:45:00+10:00,1,5,6,True,2026-08-08,08:45:00,Low
123,2026-08-08 08:45:00+10:00,3,5,8,True,2026-08-08,08:45:00,Low
130,2026-08-08 08:45:00+10:00,0,1,1,True,2026-08-08,08:45:00,Low
137,2026-08-08 08:45:00+10:00,1,2,3,True,2026-08-08,08:45:00,Low
139,2026-08-08 08:45:00+10:00,0,2,2,True,2026-08-08,08:45:00,Low
142,2026-08-08 08:45:00+10:00,37,36,73,True,2026-08-08,08:45:00,Medium
3,2026-08-08 08:44:00+10:00,0,5,5,True,2026-08-08,08:44:00,Low
4,2026-08-08 08:44:00+10:00,3,9,12,True,2026-08-08,08:44:00,Low
8,2026-08-08 08:44:00+10:00,0,2,2,True,2026-08-08,08:44:00,Low
40,2026-08-08 08:44:00+10:00,1,3,4,True,2026-08-08,08:44:00,Low
75,2026-08-08 08:44:00+10:00,0,1,1,True,2026-08-08,08:44:00,Low
1,2026-08-08 08:44:00+10:00,2,8,10,True,2026-08-08,08:44:00,Low
2,2026-08-08 08:44:00+10:00,1,5,6,True,2026-08-08,08:44:00,Low
9,2026-08-08 08:44:00+10:00,1,1,2,True,2026-08-08,08:44:00,Low
19,2026-08-08 08:44:00+10:00,3,0,3,True,2026-08-08,08:44:00,Low
52,2026-08-08 08:44:00+10:00,2,0,2,True,2026-08-08,08:44:00,Low
63,2026-08-08 08:44:00+10:00,3,4,7,True,2026-08-08,08:44:00,Low
85,2026-08-08 08:44:00+10:00,0,1,1,True,2026-08-08,08:44:00,Low
6,2026-08-08 08:44:00+10:00,2,0,2,True,2026-08-08,08:44:00,Low
29,2026-08-08 08:44:00+10:00,4,2,6,True,2026-08-08,08:44:00,Low
36,2026-08-08 08:44:00+10:00,3,4,7,True,2026-08-08,08:44:00,Low
42,2026-08-08 08:44:00+10:00,1,0,1,True,2026-08-08,08:44:00,Low
61,2026-08-08 08:44:00+10:00,0,4,4,True,2026-08-08,08:44:00,Low
66,2026-08-08 08:44:00+10:00,2,3,5,True,2026-08-08,08:44:00,Low
70,2026-08-08 08:44:00+10:00,0,3,3,True,2026-08-08,08:44:00,Low
87,2026-08-08 08:44:00+10:00,1,2,3,True,2026-08-08,08:44:00,Low
181,2026-08-08 08:44:00+10:00,1,3,4,True,2026-08-08,08:44:00,Low
11,2026-08-08 08:44:00+10:00,1,0,1,True,2026-08-08,08:44:00,Low
24,2026-08-08 08:44:00+10:00,5,1,6,True,2026-08-08,08:44:00,Low
51,2026-08-08 08:44:00+10:00,0,1,1,True,2026-08-08,08:44:00,Low
56,2026-08-08 08:44:00+10:00,1,0,1,True,2026-08-08,08:44:00,Low
79,2026-08-08 08:44:00+10:00,3,0,3,True,2026-08-08,08:44:00,Low
187,2026-08-08 08:44:00+10:00,2,0,2,True,2026-08-08,08:44:00,Low
14,2026-08-08 08:44:00+10:00,3,2,5,True,2026-08-08,08:44:00,Low
41,2026-08-08 08:44:00+10:00,6,3,9,True,2026-08-08,08:44:00,Low
69,2026-08-08 08:44:00+10:00,1,1,2,True,2026-08-08,08:44:00,Low
209,2026-08-08 08:44:00+10:00,6,0,6,True,2026-08-08,08:44:00,Low
10,2026-08-08 08:44:00+10:00,1,0,1,True,2026-08-08,08:44:00,Low
17,2026-08-08 08:44:00+10:00,2,2,4,True,2026-08-08,08:44:00,Low
35,2026-08-08 08:44:00+10:00,9,3,12,True,2026-08-08,08:44:00,Low
53,2026-08-08 08:44:00+10:00,3,2,5,True,2026-08-08,08:44:00,Low
67,2026-08-08 08:44:00+10:00,1,0,1,True,2026-08-08,08:44:00,Low
72,2026-08-08 08:44:00+10:00,8,2,10,True,2026-08-08,08:44:00,Low
180,2026-08-08 08:44:00+10:00,1,0,1,True,2026-08-08,08:44:00,Low
14,2026-08-08 08:43:00+10:00,2,0,2,True,2026-08-08,08:43:00,Low
39,2026-08-08 08:43:00+10:00,6,0,6,True,2026-08-08,08:43:00,Low
40,2026-08-08 08:43:00+10:00,0,1,1,True,2026-08-08,08:43:00,Low
42,2026-08-08 08:43:00+10:00,2,0,2,True,2026-08-08,08:43:00,Low
66,2026-08-08 08:43:00+10:00,2,6,8,True,2026-08-08,08:43:00,Low
69,2026-08-08 08:43:00+10:00,10,1,11,True,2026-08-08,08:43:00,Low
17,2026-08-08 08:43:00+10:00,1,4,5,True,2026-08-08,08:43:00,Low
24,2026-08-08 08:43:00+10:00,5,2,7,True,2026-08-08,08:43:00,Low
52,2026-08-08 08:43:00+10:00,5,1,6,True,2026-08-08,08:43:00,Low
56,2026-08-08 08:43:00+10:00,2,0,2,True,2026-08-08,08:43:00,Low
67,2026-08-08 08:43:00+10:00,5,2,7,True,2026-08-08,08:43:00,Low
68,2026-08-08 08:43:00+10:00,0,1,1,True,2026-08-08,08:43:00,Low
76,2026-08-08 08:43:00+10:00,1,0,1,True,2026-08-08,08:43:00,Low
79,2026-08-08 08:43:00+10:00,0,1,1,True,2026-08-08,08:43:00,Low
85,2026-08-08 08:43:00+10:00,1,0,1,True,2026-08-08,08:43:00,Low
86,2026-08-08 08:43:00+10:00,0,2,2,True,2026-08-08,08:43:00,Low
180,2026-08-08 08:43:00+10:00,1,0,1,True,2026-08-08,08:43:00,Low
3,2026-08-08 08:43:00+10:00,5,2,7,True,2026-08-08,08:43:00,Low
4,2026-08-08 08:43:00+10:00,8,5,13,True,2026-08-08,08:43:00,Low
6,2026-08-08 08:43:00+10:00,0,2,2,True,2026-08-08,08:43:00,Low
31,2026-08-08 08:43:00+10:00,1,1,2,True,2026-08-08,08:43:00,Low
50,2026-08-08 08:43:00+10:00,1,0,1,True,2026-08-08,08:43:00,Low
70,2026-08-08 08:43:00+10:00,2,0,2,True,2026-08-08,08:43:00,Low
2,2026-08-08 08:43:00+10:00,2,1,3,True,2026-08-08,08:43:00,Low
11,2026-08-08 08:43:00+10:00,1,0,1,True,2026-08-08,08:43:00,Low
19,2026-08-08 08:43:00+10:00,2,0,2,True,2026-08-08,08:43:00,Low
20,2026-08-08 08:43:00+10:00,1,0,1,True,2026-08-08,08:43:00,Low
35,2026-08-08 08:43:00+10:00,12,7,19,True,2026-08-08,08:43:00,Low
63,2026-08-08 08:43:00+10:00,5,0,5,True,2026-08-08,08:43:00,Low
72,2026-08-08 08:43:00+10:00,1,0,1,True,2026-08-08,08:43:00,Low
8,2026-08-08 08:43:00+10:00,3,4,7,True,2026-08-08,08:43:00,Low
29,2026-08-08 08:43:00+10:00,7,6,13,True,2026-08-08,08:43:00,Low
41,2026-08-08 08:43:00+10:00,13,2,15,True,2026-08-08,08:43:00,Low
61,2026-08-08 08:43:00+10:00,0,3,3,True,2026-08-08,08:43:00,Low
87,2026-08-08 08:43:00+10:00,3,1,4,True,2026-08-08,08:43:00,Low
181,2026-08-08 08:43:00+10:00,2,12,14,True,2026-08-08,08:43:00,Low
209,2026-08-08 08:43:00+10:00,6,2,8,True,2026-08-08,08:43:00,Low
1,2026-08-08 08:43:00+10:00,5,5,10,True,2026-08-08,08:43:00,Low
9,2026-08-08 08:43:00+10:00,1,0,1,True,2026-08-08,08:43:00,Low
12,2026-08-08 08:43:00+10:00,1,2,3,True,2026-08-08,08:43:00,Low
53,2026-08-08 08:43:00+10:00,1,2,3,True,2026-08-08,08:43:00,Low
62,2026-08-08 08:43:00+10:00,1,0,1,True,2026-08-08,08:43:00,Low
3,2026-08-08 08:42:00+10:00,1,5,6,True,2026-08-08,08:42:00,Low
29,2026-08-08 08:42:00+10:00,2,3,5,True,2026-08-08,08:42:00,Low
41,2026-08-08 08:42:00+10:00,13,5,18,True,2026-08-08,08:42:00,Low
209,2026-08-08 08:42:00+10:00,4,1,5,True,2026-08-08,08:42:00,Low
18,2026-08-08 08:42:00+10:00,0,2,2,True,2026-08-08,08:42:00,Low
63,2026-08-08 08:42:00+10:00,0,7,7,True,2026-08-08,08:42:00,Low
67,2026-08-08 08:42:00+10:00,4,0,4,True,2026-08-08,08:42:00,Low
72,2026-08-08 08:42:00+10:00,3,0,3,True,2026-08-08,08:42:00,Low
79,2026-08-08 08:42:00+10:00,3,3,6,True,2026-08-08,08:42:00,Low
4,2026-08-08 08:42:00+10:00,7,2,9,True,2026-08-08,08:42:00,Low
6,2026-08-08 08:42:00+10:00,0,4,4,True,2026-08-08,08:42:00,Low
31,2026-08-08 08:42:00+10:00,7,3,10,True,2026-08-08,08:42:00,Low
40,2026-08-08 08:42:00+10:00,0,2,2,True,2026-08-08,08:42:00,Low
61,2026-08-08 08:42:00+10:00,0,1,1,True,2026-08-08,08:42:00,Low
69,2026-08-08 08:42:00+10:00,2,4,6,True,2026-08-08,08:42:00,Low
181,2026-08-08 08:42:00+10:00,2,1,3,True,2026-08-08,08:42:00,Low
1,2026-08-08 08:42:00+10:00,1,5,6,True,2026-08-08,08:42:00,Low
2,2026-08-08 08:42:00+10:00,1,1,2,True,2026-08-08,08:42:00,Low
11,2026-08-08 08:42:00+10:00,0,1,1,True,2026-08-08,08:42:00,Low
24,2026-08-08 08:42:00+10:00,1,3,4,True,2026-08-08,08:42:00,Low
56,2026-08-08 08:42:00+10:00,0,2,2,True,2026-08-08,08:42:00,Low
68,2026-08-08 08:42:00+10:00,1,8,9,True,2026-08-08,08:42:00,Low
8,2026-08-08 08:42:00+10:00,2,7,9,True,2026-08-08,08:42:00,Low
14,2026-08-08 08:42:00+10:00,1,1,2,True,2026-08-08,08:42:00,Low
66,2026-08-08 08:42:00+10:00,0,2,2,True,2026-08-08,08:42:00,Low
70,2026-08-08 08:42:00+10:00,4,0,4,True,2026-08-08,08:42:00,Low
75,2026-08-08 08:42:00+10:00,0,1,1,True,2026-08-08,08:42:00,Low
9,2026-08-08 08:42:00+10:00,0,1,1,True,2026-08-08,08:42:00,Low
12,2026-08-08 08:42:00+10:00,1,2,3,True,2026-08-08,08:42:00,Low
17,2026-08-08 08:42:00+10:00,2,0,2,True,2026-08-08,08:42:00,Low
35,2026-08-08 08:42:00+10:00,10,4,14,True,2026-08-08,08:42:00,Low
52,2026-08-08 08:42:00+10:00,2,0,2,True,2026-08-08,08:42:00,Low
62,2026-08-08 08:42:00+10:00,2,1,3,True,2026-08-08,08:42:00,Low
76,2026-08-08 08:42:00+10:00,2,0,2,True,2026-08-08,08:42:00,Low
85,2026-08-08 08:42:00+10:00,1,0,1,True,2026-08-08,08:42:00,Low
86,2026-08-08 08:42:00+10:00,2,0,2,True,2026-08-08,08:42:00,Low
180,2026-08-08 08:42:00+10:00,2,0,2,True,2026-08-08,08:42:00,Low
187,2026-08-08 08:42:00+10:00,0,1,1,True,2026-08-08,08:42:00,Low
8,2026-08-08 08:41:00+10:00,0,4,4,True,2026-08-08,08:41:00,Low
29,2026-08-08 08:41:00+10:00,2,2,4,True,2026-08-08,08:41:00,Low
41,2026-08-08 08:41:00+10:00,4,5,9,True,2026-08-08,08:41:00,Low
66,2026-08-08 08:41:00+10:00,1,0,1,True,2026-08-08,08:41:00,Low
181,2026-08-08 08:41:00+10:00,7,2,9,True,2026-08-08,08:41:00,Low
209,2026-08-08 08:41:00+10:00,2,0,2,True,2026-08-08,08:41:00,Low
12,2026-08-08 08:41:00+10:00,1,0,1,True,2026-08-08,08:41:00,Low
35,2026-08-08 08:41:00+10:00,14,10,24,True,2026-08-08,08:41:00,Low
53,2026-08-08 08:41:00+10:00,3,7,10,True,2026-08-08,08:41:00,Low
56,2026-08-08 08:41:00+10:00,3,1,4,True,2026-08-08,08:41:00,Low
3,2026-08-08 08:41:00+10:00,2,4,6,True,2026-08-08,08:41:00,Low
4,2026-08-08 08:41:00+10:00,9,1,10,True,2026-08-08,08:41:00,Low
6,2026-08-08 08:41:00+10:00,3,3,6,True,2026-08-08,08:41:00,Low
14,2026-08-08 08:41:00+10:00,6,3,9,True,2026-08-08,08:41:00,Low
40,2026-08-08 08:41:00+10:00,1,1,2,True,2026-08-08,08:41:00,Low
61,2026-08-08 08:41:00+10:00,0,2,2,True,2026-08-08,08:41:00,Low
69,2026-08-08 08:41:00+10:00,2,0,2,True,2026-08-08,08:41:00,Low
1,2026-08-08 08:41:00+10:00,0,3,3,True,2026-08-08,08:41:00,Low
17,2026-08-08 08:41:00+10:00,2,0,2,True,2026-08-08,08:41:00,Low
19,2026-08-08 08:41:00+10:00,3,1,4,True,2026-08-08,08:41:00,Low
24,2026-08-08 08:41:00+10:00,10,7,17,True,2026-08-08,08:41:00,Low
62,2026-08-08 08:41:00+10:00,3,1,4,True,2026-08-08,08:41:00,Low
63,2026-08-08 08:41:00+10:00,1,0,1,True,2026-08-08,08:41:00,Low
67,2026-08-08 08:41:00+10:00,3,4,7,True,2026-08-08,08:41:00,Low
68,2026-08-08 08:41:00+10:00,2,0,2,True,2026-08-08,08:41:00,Low
72,2026-08-08 08:41:00+10:00,1,2,3,True,2026-08-08,08:41:00,Low
85,2026-08-08 08:41:00+10:00,0,2,2,True,2026-08-08,08:41:00,Low
187,2026-08-08 08:41:00+10:00,2,1,3,True,2026-08-08,08:41:00,Low
36,2026-08-08 08:41:00+10:00,1,0,1,True,2026-08-08,08:41:00,Low
75,2026-08-08 08:41:00+10:00,0,2,2,True,2026-08-08,08:41:00,Low
2,2026-08-08 08:41:00+10:00,0,4,4,True,2026-08-08,08:41:00,Low
18,2026-08-08 08:41:00+10:00,0,2,2,True,2026-08-08,08:41:00,Low
52,2026-08-08 08:41:00+10:00,1,1,2,True,2026-08-08,08:41:00,Low
79,2026-08-08 08:41:00+10:00,1,2,3,True,2026-08-08,08:41:00,Low
6,2026-08-08 08:40:00+10:00,2,2,4,True,2026-08-08,08:40:00,Low
14,2026-08-08 08:40:00+10:00,2,0,2,True,2026-08-08,08:40:00,Low
21,2026-08-08 08:40:00+10:00,6,8,14,True,2026-08-08,08:40:00,Low
43,2026-08-08 08:40:00+10:00,3,2,5,True,2026-08-08,08:40:00,Low
44,2026-08-08 08:40:00+10:00,1,4,5,True,2026-08-08,08:40:00,Low
45,2026-08-08 08:40:00+10:00,10,26,36,True,2026-08-08,08:40:00,Low
61,2026-08-08 08:40:00+10:00,0,1,1,True,2026-08-08,08:40:00,Low
69,2026-08-08 08:40:00+10:00,2,3,5,True,2026-08-08,08:40:00,Low
75,2026-08-08 08:40:00+10:00,0,1,1,True,2026-08-08,08:40:00,Low
77,2026-08-08 08:40:00+10:00,7,11,18,True,2026-08-08,08:40:00,Low
87,2026-08-08 08:40:00+10:00,1,0,1,True,2026-08-08,08:40:00,Low
131,2026-08-08 08:40:00+10:00,3,1,4,True,2026-08-08,08:40:00,Low
134,2026-08-08 08:40:00+10:00,19,14,33,True,2026-08-08,08:40:00,Low
143,2026-08-08 08:40:00+10:00,14,21,35,True,2026-08-08,08:40:00,Low
209,2026-08-08 08:40:00+10:00,2,1,3,True,2026-08-08,08:40:00,Low
19,2026-08-08 08:40:00+10:00,0,1,1,True,2026-08-08,08:40:00,Low
24,2026-08-08 08:40:00+10:00,8,3,11,True,2026-08-08,08:40:00,Low
49,2026-08-08 08:40:00+10:00,16,14,30,True,2026-08-08,08:40:00,Low
58,2026-08-08 08:40:00+10:00,50,8,58,True,2026-08-08,08:40:00,Medium
68,2026-08-08 08:40:00+10:00,1,3,4,True,2026-08-08,08:40:00,Low
79,2026-08-08 08:40:00+10:00,2,4,6,True,2026-08-08,08:40:00,Low
86,2026-08-08 08:40:00+10:00,0,1,1,True,2026-08-08,08:40:00,Low
109,2026-08-08 08:40:00+10:00,0,8,8,True,2026-08-08,08:40:00,Low
136,2026-08-08 08:40:00+10:00,5,14,19,True,2026-08-08,08:40:00,Low
137,2026-08-08 08:40:00+10:00,0,1,1,True,2026-08-08,08:40:00,Low
187,2026-08-08 08:40:00+10:00,0,3,3,True,2026-08-08,08:40:00,Low
3,2026-08-08 08:40:00+10:00,0,9,9,True,2026-08-08,08:40:00,Low
4,2026-08-08 08:40:00+10:00,5,1,6,True,2026-08-08,08:40:00,Low
5,2026-08-08 08:40:00+10:00,14,23,37,True,2026-08-08,08:40:00,Low
59,2026-08-08 08:40:00+10:00,11,7,18,True,2026-08-08,08:40:00,Low
66,2026-08-08 08:40:00+10:00,1,7,8,True,2026-08-08,08:40:00,Low
84,2026-08-08 08:40:00+10:00,35,19,54,True,2026-08-08,08:40:00,Medium
133,2026-08-08 08:40:00+10:00,22,26,48,True,2026-08-08,08:40:00,Low
135,2026-08-08 08:40:00+10:00,16,17,33,True,2026-08-08,08:40:00,Low
140,2026-08-08 08:40:00+10:00,9,2,11,True,2026-08-08,08:40:00,Low
166,2026-08-08 08:40:00+10:00,2,1,3,True,2026-08-08,08:40:00,Low
167,2026-08-08 08:40:00+10:00,0,3,3,True,2026-08-08,08:40:00,Low
181,2026-08-08 08:40:00+10:00,0,4,4,True,2026-08-08,08:40:00,Low
185,2026-08-08 08:40:00+10:00,8,11,19,True,2026-08-08,08:40:00,Low
188,2026-08-08 08:40:00+10:00,0,3,3,True,2026-08-08,08:40:00,Low
1,2026-08-08 08:40:00+10:00,2,4,6,True,2026-08-08,08:40:00,Low
17,2026-08-08 08:40:00+10:00,1,4,5,True,2026-08-08,08:40:00,Low
23,2026-08-08 08:40:00+10:00,5,7,12,True,2026-08-08,08:40:00,Low
30,2026-08-08 08:40:00+10:00,4,11,15,True,2026-08-08,08:40:00,Low
48,2026-08-08 08:40:00+10:00,12,7,19,True,2026-08-08,08:40:00,Low
53,2026-08-08 08:40:00+10:00,3,1,4,True,2026-08-08,08:40:00,Low
67,2026-08-08 08:40:00+10:00,9,7,16,True,2026-08-08,08:40:00,Low
85,2026-08-08 08:40:00+10:00,0,2,2,True,2026-08-08,08:40:00,Low
123,2026-08-08 08:40:00+10:00,2,1,3,True,2026-08-08,08:40:00,Low
130,2026-08-08 08:40:00+10:00,6,1,7,True,2026-08-08,08:40:00,Low
141,2026-08-08 08:40:00+10:00,0,2,2,True,2026-08-08,08:40:00,Low
161,2026-08-08 08:40:00+10:00,12,5,17,True,2026-08-08,08:40:00,Low
8,2026-08-08 08:40:00+10:00,1,7,8,True,2026-08-08,08:40:00,Low
29,2026-08-08 08:40:00+10:00,5,1,6,True,2026-08-08,08:40:00,Low
36,2026-08-08 08:40:00+10:00,2,0,2,True,2026-08-08,08:40:00,Low
37,2026-08-08 08:40:00+10:00,0,1,1,True,2026-08-08,08:40:00,Low
40,2026-08-08 08:40:00+10:00,1,1,2,True,2026-08-08,08:40:00,Low
41,2026-08-08 08:40:00+10:00,16,8,24,True,2026-08-08,08:40:00,Low
47,2026-08-08 08:40:00+10:00,6,22,28,True,2026-08-08,08:40:00,Low
50,2026-08-08 08:40:00+10:00,2,2,4,True,2026-08-08,08:40:00,Low
54,2026-08-08 08:40:00+10:00,1,2,3,True,2026-08-08,08:40:00,Low
107,2026-08-08 08:40:00+10:00,0,5,5,True,2026-08-08,08:40:00,Low
132,2026-08-08 08:40:00+10:00,5,2,7,True,2026-08-08,08:40:00,Low
162,2026-08-08 08:40:00+10:00,26,22,48,True,2026-08-08,08:40:00,Low
179,2026-08-08 08:40:00+10:00,0,2,2,True,2026-08-08,08:40:00,Low
182,2026-08-08 08:40:00+10:00,10,6,16,True,2026-08-08,08:40:00,Low
184,2026-08-08 08:40:00+10:00,13,15,28,True,2026-08-08,08:40:00,Low
9,2026-08-08 08:40:00+10:00,5,0,5,True,2026-08-08,08:40:00,Low
11,2026-08-08 08:40:00+10:00,2,4,6,True,2026-08-08,08:40:00,Low
25,2026-08-08 08:40:00+10:00,27,57,84,True,2026-08-08,08:40:00,Medium
27,2026-08-08 08:40:00+10:00,0,7,7,True,2026-08-08,08:40:00,Low
35,2026-08-08 08:40:00+10:00,15,12,27,True,2026-08-08,08:40:00,Low
52,2026-08-08 08:40:00+10:00,2,0,2,True,2026-08-08,08:40:00,Low
63,2026-08-08 08:40:00+10:00,0,1,1,True,2026-08-08,08:40:00,Low
72,2026-08-08 08:40:00+10:00,0,6,6,True,2026-08-08,08:40:00,Low
117,2026-08-08 08:40:00+10:00,3,6,9,True,2026-08-08,08:40:00,Low
139,2026-08-08 08:40:00+10:00,0,3,3,True,2026-08-08,08:40:00,Low
142,2026-08-08 08:40:00+10:00,34,23,57,True,2026-08-08,08:40:00,Medium
164,2026-08-08 08:40:00+10:00,8,4,12,True,2026-08-08,08:40:00,Low
180,2026-08-08 08:40:00+10:00,0,1,1,True,2026-08-08,08:40:00,Low
3,2026-08-08 08:39:00+10:00,1,6,7,True,2026-08-08,08:39:00,Low
29,2026-08-08 08:39:00+10:00,2,3,5,True,2026-08-08,08:39:00,Low
42,2026-08-08 08:39:00+10:00,4,1,5,True,2026-08-08,08:39:00,Low
66,2026-08-08 08:39:00+10:00,0,4,4,True,2026-08-08,08:39:00,Low
11,2026-08-08 08:39:00+10:00,1,2,3,True,2026-08-08,08:39:00,Low
18,2026-08-08 08:39:00+10:00,0,3,3,True,2026-08-08,08:39:00,Low
72,2026-08-08 08:39:00+10:00,0,2,2,True,2026-08-08,08:39:00,Low
76,2026-08-08 08:39:00+10:00,1,1,2,True,2026-08-08,08:39:00,Low
4,2026-08-08 08:39:00+10:00,5,4,9,True,2026-08-08,08:39:00,Low
6,2026-08-08 08:39:00+10:00,0,5,5,True,2026-08-08,08:39:00,Low
8,2026-08-08 08:39:00+10:00,2,3,5,True,2026-08-08,08:39:00,Low
14,2026-08-08 08:39:00+10:00,2,0,2,True,2026-08-08,08:39:00,Low
41,2026-08-08 08:39:00+10:00,12,2,14,True,2026-08-08,08:39:00,Low
69,2026-08-08 08:39:00+10:00,0,2,2,True,2026-08-08,08:39:00,Low
181,2026-08-08 08:39:00+10:00,4,5,9,True,2026-08-08,08:39:00,Low
2,2026-08-08 08:39:00+10:00,0,1,1,True,2026-08-08,08:39:00,Low
17,2026-08-08 08:39:00+10:00,2,2,4,True,2026-08-08,08:39:00,Low
35,2026-08-08 08:39:00+10:00,7,2,9,True,2026-08-08,08:39:00,Low
63,2026-08-08 08:39:00+10:00,0,1,1,True,2026-08-08,08:39:00,Low
67,2026-08-08 08:39:00+10:00,3,4,7,True,2026-08-08,08:39:00,Low
85,2026-08-08 08:39:00+10:00,1,0,1,True,2026-08-08,08:39:00,Low
180,2026-08-08 08:39:00+10:00,0,1,1,True,2026-08-08,08:39:00,Low
31,2026-08-08 08:39:00+10:00,0,1,1,True,2026-08-08,08:39:00,Low
36,2026-08-08 08:39:00+10:00,1,0,1,True,2026-08-08,08:39:00,Low
50,2026-08-08 08:39:00+10:00,1,1,2,True,2026-08-08,08:39:00,Low
87,2026-08-08 08:39:00+10:00,1,0,1,True,2026-08-08,08:39:00,Low
209,2026-08-08 08:39:00+10:00,2,4,6,True,2026-08-08,08:39:00,Low
1,2026-08-08 08:39:00+10:00,1,4,5,True,2026-08-08,08:39:00,Low
24,2026-08-08 08:39:00+10:00,3,6,9,True,2026-08-08,08:39:00,Low
53,2026-08-08 08:39:00+10:00,7,6,13,True,2026-08-08,08:39:00,Low
56,2026-08-08 08:39:00+10:00,2,4,6,True,2026-08-08,08:39:00,Low
62,2026-08-08 08:39:00+10:00,0,1,1,True,2026-08-08,08:39:00,Low
68,2026-08-08 08:39:00+10:00,0,2,2,True,2026-08-08,08:39:00,Low
86,2026-08-08 08:39:00+10:00,1,0,1,True,2026-08-08,08:39:00,Low
3,2026-08-08 08:38:00+10:00,0,2,2,True,2026-08-08,08:38:00,Low
8,2026-08-08 08:38:00+10:00,2,2,4,True,2026-08-08,08:38:00,Low
14,2026-08-08 08:38:00+10:00,3,3,6,True,2026-08-08,08:38:00,Low
29,2026-08-08 08:38:00+10:00,3,0,3,True,2026-08-08,08:38:00,Low
41,2026-08-08 08:38:00+10:00,4,3,7,True,2026-08-08,08:38:00,Low
69,2026-08-08 08:38:00+10:00,1,0,1,True,2026-08-08,08:38:00,Low
209,2026-08-08 08:38:00+10:00,2,3,5,True,2026-08-08,08:38:00,Low
1,2026-08-08 08:38:00+10:00,1,7,8,True,2026-08-08,08:38:00,Low
53,2026-08-08 08:38:00+10:00,2,5,7,True,2026-08-08,08:38:00,Low
56,2026-08-08 08:38:00+10:00,1,0,1,True,2026-08-08,08:38:00,Low
62,2026-08-08 08:38:00+10:00,1,0,1,True,2026-08-08,08:38:00,Low
72,2026-08-08 08:38:00+10:00,1,2,3,True,2026-08-08,08:38:00,Low
79,2026-08-08 08:38:00+10:00,2,1,3,True,2026-08-08,08:38:00,Low
85,2026-08-08 08:38:00+10:00,1,0,1,True,2026-08-08,08:38:00,Low
180,2026-08-08 08:38:00+10:00,0,1,1,True,2026-08-08,08:38:00,Low
4,2026-08-08 08:38:00+10:00,8,9,17,True,2026-08-08,08:38:00,Low
39,2026-08-08 08:38:00+10:00,0,2,2,True,2026-08-08,08:38:00,Low
50,2026-08-08 08:38:00+10:00,1,0,1,True,2026-08-08,08:38:00,Low
66,2026-08-08 08:38:00+10:00,0,3,3,True,2026-08-08,08:38:00,Low
181,2026-08-08 08:38:00+10:00,0,4,4,True,2026-08-08,08:38:00,Low
9,2026-08-08 08:38:00+10:00,0,4,4,True,2026-08-08,08:38:00,Low
17,2026-08-08 08:38:00+10:00,1,5,6,True,2026-08-08,08:38:00,Low
24,2026-08-08 08:38:00+10:00,5,3,8,True,2026-08-08,08:38:00,Low
63,2026-08-08 08:38:00+10:00,0,6,6,True,2026-08-08,08:38:00,Low
67,2026-08-08 08:38:00+10:00,5,2,7,True,2026-08-08,08:38:00,Low
6,2026-08-08 08:38:00+10:00,1,2,3,True,2026-08-08,08:38:00,Low
31,2026-08-08 08:38:00+10:00,0,1,1,True,2026-08-08,08:38:00,Low
42,2026-08-08 08:38:00+10:00,0,1,1,True,2026-08-08,08:38:00,Low
61,2026-08-08 08:38:00+10:00,1,2,3,True,2026-08-08,08:38:00,Low
70,2026-08-08 08:38:00+10:00,2,1,3,True,2026-08-08,08:38:00,Low
87,2026-08-08 08:38:00+10:00,2,1,3,True,2026-08-08,08:38:00,Low
2,2026-08-08 08:38:00+10:00,0,3,3,True,2026-08-08,08:38:00,Low
12,2026-08-08 08:38:00+10:00,1,3,4,True,2026-08-08,08:38:00,Low
18,2026-08-08 08:38:00+10:00,1,0,1,True,2026-08-08,08:38:00,Low
20,2026-08-08 08:38:00+10:00,2,0,2,True,2026-08-08,08:38:00,Low
35,2026-08-08 08:38:00+10:00,11,9,20,True,2026-08-08,08:38:00,Low
51,2026-08-08 08:38:00+10:00,0,1,1,True,2026-08-08,08:38:00,Low
76,2026-08-08 08:38:00+10:00,1,0,1,True,2026-08-08,08:38:00,Low
4,2026-08-08 08:37:00+10:00,2,1,3,True,2026-08-08,08:37:00,Low
6,2026-08-08 08:37:00+10:00,1,0,1,True,2026-08-08,08:37:00,Low
8,2026-08-08 08:37:00+10:00,0,5,5,True,2026-08-08,08:37:00,Low
14,2026-08-08 08:37:00+10:00,1,0,1,True,2026-08-08,08:37:00,Low
42,2026-08-08 08:37:00+10:00,0,1,1,True,2026-08-08,08:37:00,Low
61,2026-08-08 08:37:00+10:00,0,1,1,True,2026-08-08,08:37:00,Low
66,2026-08-08 08:37:00+10:00,3,2,5,True,2026-08-08,08:37:00,Low
75,2026-08-08 08:37:00+10:00,2,0,2,True,2026-08-08,08:37:00,Low
209,2026-08-08 08:37:00+10:00,2,0,2,True,2026-08-08,08:37:00,Low
10,2026-08-08 08:37:00+10:00,1,0,1,True,2026-08-08,08:37:00,Low
68,2026-08-08 08:37:00+10:00,3,1,4,True,2026-08-08,08:37:00,Low
3,2026-08-08 08:37:00+10:00,0,3,3,True,2026-08-08,08:37:00,Low
36,2026-08-08 08:37:00+10:00,0,1,1,True,2026-08-08,08:37:00,Low
39,2026-08-08 08:37:00+10:00,2,0,2,True,2026-08-08,08:37:00,Low
41,2026-08-08 08:37:00+10:00,12,4,16,True,2026-08-08,08:37:00,Low
69,2026-08-08 08:37:00+10:00,0,1,1,True,2026-08-08,08:37:00,Low
11,2026-08-08 08:37:00+10:00,1,1,2,True,2026-08-08,08:37:00,Low
17,2026-08-08 08:37:00+10:00,3,1,4,True,2026-08-08,08:37:00,Low
51,2026-08-08 08:37:00+10:00,0,1,1,True,2026-08-08,08:37:00,Low
63,2026-08-08 08:37:00+10:00,0,1,1,True,2026-08-08,08:37:00,Low
67,2026-08-08 08:37:00+10:00,1,2,3,True,2026-08-08,08:37:00,Low
76,2026-08-08 08:37:00+10:00,0,1,1,True,2026-08-08,08:37:00,Low
86,2026-08-08 08:37:00+10:00,0,1,1,True,2026-08-08,08:37:00,Low
29,2026-08-08 08:37:00+10:00,0,1,1,True,2026-08-08,08:37:00,Low
40,2026-08-08 08:37:00+10:00,1,0,1,True,2026-08-08,08:37:00,Low
50,2026-08-08 08:37:00+10:00,2,3,5,True,2026-08-08,08:37:00,Low
70,2026-08-08 08:37:00+10:00,0,5,5,True,2026-08-08,08:37:00,Low
181,2026-08-08 08:37:00+10:00,0,3,3,True,2026-08-08,08:37:00,Low
1,2026-08-08 08:37:00+10:00,0,3,3,True,2026-08-08,08:37:00,Low
9,2026-08-08 08:37:00+10:00,0,1,1,True,2026-08-08,08:37:00,Low
19,2026-08-08 08:37:00+10:00,6,2,8,True,2026-08-08,08:37:00,Low
24,2026-08-08 08:37:00+10:00,2,10,12,True,2026-08-08,08:37:00,Low
35,2026-08-08 08:37:00+10:00,6,9,15,True,2026-08-08,08:37:00,Low
53,2026-08-08 08:37:00+10:00,1,1,2,True,2026-08-08,08:37:00,Low
56,2026-08-08 08:37:00+10:00,3,1,4,True,2026-08-08,08:37:00,Low
79,2026-08-08 08:37:00+10:00,0,2,2,True,2026-08-08,08:37:00,Low
85,2026-08-08 08:37:00+10:00,1,0,1,True,2026-08-08,08:37:00,Low
4,2026-08-08 08:36:00+10:00,7,1,8,True,2026-08-08,08:36:00,Low
6,2026-08-08 08:36:00+10:00,1,1,2,True,2026-08-08,08:36:00,Low
14,2026-08-08 08:36:00+10:00,2,1,3,True,2026-08-08,08:36:00,Low
36,2026-08-08 08:36:00+10:00,0,1,1,True,2026-08-08,08:36:00,Low
39,2026-08-08 08:36:00+10:00,1,0,1,True,2026-08-08,08:36:00,Low
2,2026-08-08 08:36:00+10:00,4,2,6,True,2026-08-08,08:36:00,Low
9,2026-08-08 08:36:00+10:00,2,0,2,True,2026-08-08,08:36:00,Low
17,2026-08-08 08:36:00+10:00,5,1,6,True,2026-08-08,08:36:00,Low
20,2026-08-08 08:36:00+10:00,1,0,1,True,2026-08-08,08:36:00,Low
24,2026-08-08 08:36:00+10:00,2,4,6,True,2026-08-08,08:36:00,Low
51,2026-08-08 08:36:00+10:00,0,1,1,True,2026-08-08,08:36:00,Low
63,2026-08-08 08:36:00+10:00,1,6,7,True,2026-08-08,08:36:00,Low
67,2026-08-08 08:36:00+10:00,4,3,7,True,2026-08-08,08:36:00,Low
76,2026-08-08 08:36:00+10:00,1,0,1,True,2026-08-08,08:36:00,Low
8,2026-08-08 08:36:00+10:00,3,1,4,True,2026-08-08,08:36:00,Low
29,2026-08-08 08:36:00+10:00,3,4,7,True,2026-08-08,08:36:00,Low
40,2026-08-08 08:36:00+10:00,1,1,2,True,2026-08-08,08:36:00,Low
61,2026-08-08 08:36:00+10:00,1,0,1,True,2026-08-08,08:36:00,Low
70,2026-08-08 08:36:00+10:00,1,3,4,True,2026-08-08,08:36:00,Low
75,2026-08-08 08:36:00+10:00,0,1,1,True,2026-08-08,08:36:00,Low
87,2026-08-08 08:36:00+10:00,0,1,1,True,2026-08-08,08:36:00,Low
209,2026-08-08 08:36:00+10:00,4,2,6,True,2026-08-08,08:36:00,Low
35,2026-08-08 08:36:00+10:00,8,6,14,True,2026-08-08,08:36:00,Low
53,2026-08-08 08:36:00+10:00,3,4,7,True,2026-08-08,08:36:00,Low
62,2026-08-08 08:36:00+10:00,1,0,1,True,2026-08-08,08:36:00,Low
79,2026-08-08 08:36:00+10:00,8,1,9,True,2026-08-08,08:36:00,Low
85,2026-08-08 08:36:00+10:00,1,1,2,True,2026-08-08,08:36:00,Low
3,2026-08-08 08:36:00+10:00,1,7,8,True,2026-08-08,08:36:00,Low
41,2026-08-08 08:36:00+10:00,3,10,13,True,2026-08-08,08:36:00,Low
66,2026-08-08 08:36:00+10:00,0,1,1,True,2026-08-08,08:36:00,Low
69,2026-08-08 08:36:00+10:00,3,0,3,True,2026-08-08,08:36:00,Low
1,2026-08-08 08:36:00+10:00,1,3,4,True,2026-08-08,08:36:00,Low
12,2026-08-08 08:36:00+10:00,2,3,5,True,2026-08-08,08:36:00,Low
56,2026-08-08 08:36:00+10:00,2,1,3,True,2026-08-08,08:36:00,Low
187,2026-08-08 08:36:00+10:00,0,1,1,True,2026-08-08,08:36:00,Low
21,2026-08-08 08:35:00+10:00,0,4,4,True,2026-08-08,08:35:00,Low
42,2026-08-08 08:35:00+10:00,0,1,1,True,2026-08-08,08:35:00,Low
44,2026-08-08 08:35:00+10:00,0,6,6,True,2026-08-08,08:35:00,Low
59,2026-08-08 08:35:00+10:00,11,7,18,True,2026-08-08,08:35:00,Low
69,2026-08-08 08:35:00+10:00,1,1,2,True,2026-08-08,08:35:00,Low
70,2026-08-08 08:35:00+10:00,0,1,1,True,2026-08-08,08:35:00,Low
75,2026-08-08 08:35:00+10:00,0,1,1,True,2026-08-08,08:35:00,Low
77,2026-08-08 08:35:00+10:00,9,16,25,True,2026-08-08,08:35:00,Low
84,2026-08-08 08:35:00+10:00,19,9,28,True,2026-08-08,08:35:00,Low
131,2026-08-08 08:35:00+10:00,1,4,5,True,2026-08-08,08:35:00,Low
132,2026-08-08 08:35:00+10:00,15,6,21,True,2026-08-08,08:35:00,Low
133,2026-08-08 08:35:00+10:00,17,24,41,True,2026-08-08,08:35:00,Low
140,2026-08-08 08:35:00+10:00,10,0,10,True,2026-08-08,08:35:00,Low
179,2026-08-08 08:35:00+10:00,3,2,5,True,2026-08-08,08:35:00,Low
181,2026-08-08 08:35:00+10:00,0,3,3,True,2026-08-08,08:35:00,Low
209,2026-08-08 08:35:00+10:00,2,0,2,True,2026-08-08,08:35:00,Low
19,2026-08-08 08:35:00+10:00,2,0,2,True,2026-08-08,08:35:00,Low
35,2026-08-08 08:35:00+10:00,13,4,17,True,2026-08-08,08:35:00,Low
49,2026-08-08 08:35:00+10:00,13,16,29,True,2026-08-08,08:35:00,Low
53,2026-08-08 08:35:00+10:00,0,4,4,True,2026-08-08,08:35:00,Low
56,2026-08-08 08:35:00+10:00,1,1,2,True,2026-08-08,08:35:00,Low
67,2026-08-08 08:35:00+10:00,1,3,4,True,2026-08-08,08:35:00,Low
72,2026-08-08 08:35:00+10:00,0,1,1,True,2026-08-08,08:35:00,Low
109,2026-08-08 08:35:00+10:00,3,2,5,True,2026-08-08,08:35:00,Low
136,2026-08-08 08:35:00+10:00,3,3,6,True,2026-08-08,08:35:00,Low
137,2026-08-08 08:35:00+10:00,2,1,3,True,2026-08-08,08:35:00,Low
3,2026-08-08 08:35:00+10:00,0,1,1,True,2026-08-08,08:35:00,Low
4,2026-08-08 08:35:00+10:00,1,2,3,True,2026-08-08,08:35:00,Low
5,2026-08-08 08:35:00+10:00,7,14,21,True,2026-08-08,08:35:00,Low
8,2026-08-08 08:35:00+10:00,9,1,10,True,2026-08-08,08:35:00,Low
39,2026-08-08 08:35:00+10:00,1,2,3,True,2026-08-08,08:35:00,Low
40,2026-08-08 08:35:00+10:00,0,4,4,True,2026-08-08,08:35:00,Low
41,2026-08-08 08:35:00+10:00,6,7,13,True,2026-08-08,08:35:00,Low
43,2026-08-08 08:35:00+10:00,3,6,9,True,2026-08-08,08:35:00,Low
45,2026-08-08 08:35:00+10:00,19,18,37,True,2026-08-08,08:35:00,Low
47,2026-08-08 08:35:00+10:00,17,18,35,True,2026-08-08,08:35:00,Low
54,2026-08-08 08:35:00+10:00,3,0,3,True,2026-08-08,08:35:00,Low
61,2026-08-08 08:35:00+10:00,0,1,1,True,2026-08-08,08:35:00,Low
87,2026-08-08 08:35:00+10:00,1,0,1,True,2026-08-08,08:35:00,Low
107,2026-08-08 08:35:00+10:00,3,2,5,True,2026-08-08,08:35:00,Low
167,2026-08-08 08:35:00+10:00,0,5,5,True,2026-08-08,08:35:00,Low
182,2026-08-08 08:35:00+10:00,6,8,14,True,2026-08-08,08:35:00,Low
184,2026-08-08 08:35:00+10:00,13,17,30,True,2026-08-08,08:35:00,Low
188,2026-08-08 08:35:00+10:00,2,1,3,True,2026-08-08,08:35:00,Low
2,2026-08-08 08:35:00+10:00,1,1,2,True,2026-08-08,08:35:00,Low
10,2026-08-08 08:35:00+10:00,3,0,3,True,2026-08-08,08:35:00,Low
23,2026-08-08 08:35:00+10:00,3,9,12,True,2026-08-08,08:35:00,Low
25,2026-08-08 08:35:00+10:00,21,51,72,True,2026-08-08,08:35:00,Medium
27,2026-08-08 08:35:00+10:00,10,5,15,True,2026-08-08,08:35:00,Low
30,2026-08-08 08:35:00+10:00,1,10,11,True,2026-08-08,08:35:00,Low
48,2026-08-08 08:35:00+10:00,14,11,25,True,2026-08-08,08:35:00,Low
58,2026-08-08 08:35:00+10:00,25,12,37,True,2026-08-08,08:35:00,Low
68,2026-08-08 08:35:00+10:00,2,1,3,True,2026-08-08,08:35:00,Low
117,2026-08-08 08:35:00+10:00,1,1,2,True,2026-08-08,08:35:00,Low
130,2026-08-08 08:35:00+10:00,3,2,5,True,2026-08-08,08:35:00,Low
29,2026-08-08 08:35:00+10:00,1,2,3,True,2026-08-08,08:35:00,Low
31,2026-08-08 08:35:00+10:00,0,1,1,True,2026-08-08,08:35:00,Low
36,2026-08-08 08:35:00+10:00,2,0,2,True,2026-08-08,08:35:00,Low
37,2026-08-08 08:35:00+10:00,2,2,4,True,2026-08-08,08:35:00,Low
66,2026-08-08 08:35:00+10:00,0,2,2,True,2026-08-08,08:35:00,Low
134,2026-08-08 08:35:00+10:00,15,14,29,True,2026-08-08,08:35:00,Low
135,2026-08-08 08:35:00+10:00,5,10,15,True,2026-08-08,08:35:00,Low
143,2026-08-08 08:35:00+10:00,5,56,61,True,2026-08-08,08:35:00,Medium
162,2026-08-08 08:35:00+10:00,20,16,36,True,2026-08-08,08:35:00,Low
165,2026-08-08 08:35:00+10:00,1,0,1,True,2026-08-08,08:35:00,Low
166,2026-08-08 08:35:00+10:00,1,2,3,True,2026-08-08,08:35:00,Low
185,2026-08-08 08:35:00+10:00,5,3,8,True,2026-08-08,08:35:00,Low
1,2026-08-08 08:35:00+10:00,1,0,1,True,2026-08-08,08:35:00,Low
11,2026-08-08 08:35:00+10:00,3,2,5,True,2026-08-08,08:35:00,Low
12,2026-08-08 08:35:00+10:00,1,0,1,True,2026-08-08,08:35:00,Low
17,2026-08-08 08:35:00+10:00,1,4,5,True,2026-08-08,08:35:00,Low
24,2026-08-08 08:35:00+10:00,0,1,1,True,2026-08-08,08:35:00,Low
51,2026-08-08 08:35:00+10:00,2,0,2,True,2026-08-08,08:35:00,Low
62,2026-08-08 08:35:00+10:00,1,0,1,True,2026-08-08,08:35:00,Low
63,2026-08-08 08:35:00+10:00,2,5,7,True,2026-08-08,08:35:00,Low
79,2026-08-08 08:35:00+10:00,1,0,1,True,2026-08-08,08:35:00,Low
85,2026-08-08 08:35:00+10:00,0,1,1,True,2026-08-08,08:35:00,Low
139,2026-08-08 08:35:00+10:00,0,5,5,True,2026-08-08,08:35:00,Low
141,2026-08-08 08:35:00+10:00,6,3,9,True,2026-08-08,08:35:00,Low
142,2026-08-08 08:35:00+10:00,36,24,60,True,2026-08-08,08:35:00,Medium
161,2026-08-08 08:35:00+10:00,48,7,55,True,2026-08-08,08:35:00,Medium
164,2026-08-08 08:35:00+10:00,7,4,11,True,2026-08-08,08:35:00,Low
187,2026-08-08 08:35:00+10:00,0,2,2,True,2026-08-08,08:35:00,Low
61,2026-08-08 08:34:00+10:00,1,1,2,True,2026-08-08,08:34:00,Low
66,2026-08-08 08:34:00+10:00,3,1,4,True,2026-08-08,08:34:00,Low
75,2026-08-08 08:34:00+10:00,0,1,1,True,2026-08-08,08:34:00,Low
2,2026-08-08 08:34:00+10:00,0,2,2,True,2026-08-08,08:34:00,Low
12,2026-08-08 08:34:00+10:00,0,4,4,True,2026-08-08,08:34:00,Low
17,2026-08-08 08:34:00+10:00,1,0,1,True,2026-08-08,08:34:00,Low
24,2026-08-08 08:34:00+10:00,3,4,7,True,2026-08-08,08:34:00,Low
52,2026-08-08 08:34:00+10:00,0,1,1,True,2026-08-08,08:34:00,Low
63,2026-08-08 08:34:00+10:00,2,0,2,True,2026-08-08,08:34:00,Low
72,2026-08-08 08:34:00+10:00,2,0,2,True,2026-08-08,08:34:00,Low
86,2026-08-08 08:34:00+10:00,0,1,1,True,2026-08-08,08:34:00,Low
3,2026-08-08 08:34:00+10:00,0,4,4,True,2026-08-08,08:34:00,Low
6,2026-08-08 08:34:00+10:00,1,2,3,True,2026-08-08,08:34:00,Low
8,2026-08-08 08:34:00+10:00,0,2,2,True,2026-08-08,08:34:00,Low
14,2026-08-08 08:34:00+10:00,2,1,3,True,2026-08-08,08:34:00,Low
42,2026-08-08 08:34:00+10:00,1,0,1,True,2026-08-08,08:34:00,Low
209,2026-08-08 08:34:00+10:00,5,1,6,True,2026-08-08,08:34:00,Low
19,2026-08-08 08:34:00+10:00,1,0,1,True,2026-08-08,08:34:00,Low
35,2026-08-08 08:34:00+10:00,7,7,14,True,2026-08-08,08:34:00,Low
51,2026-08-08 08:34:00+10:00,1,0,1,True,2026-08-08,08:34:00,Low
68,2026-08-08 08:34:00+10:00,0,3,3,True,2026-08-08,08:34:00,Low
4,2026-08-08 08:34:00+10:00,10,4,14,True,2026-08-08,08:34:00,Low
29,2026-08-08 08:34:00+10:00,6,3,9,True,2026-08-08,08:34:00,Low
41,2026-08-08 08:34:00+10:00,2,5,7,True,2026-08-08,08:34:00,Low
69,2026-08-08 08:34:00+10:00,2,3,5,True,2026-08-08,08:34:00,Low
181,2026-08-08 08:34:00+10:00,0,3,3,True,2026-08-08,08:34:00,Low
1,2026-08-08 08:34:00+10:00,0,3,3,True,2026-08-08,08:34:00,Low
11,2026-08-08 08:34:00+10:00,0,7,7,True,2026-08-08,08:34:00,Low
20,2026-08-08 08:34:00+10:00,0,3,3,True,2026-08-08,08:34:00,Low
53,2026-08-08 08:34:00+10:00,9,0,9,True,2026-08-08,08:34:00,Low
56,2026-08-08 08:34:00+10:00,6,1,7,True,2026-08-08,08:34:00,Low
67,2026-08-08 08:34:00+10:00,3,2,5,True,2026-08-08,08:34:00,Low
79,2026-08-08 08:34:00+10:00,1,3,4,True,2026-08-08,08:34:00,Low
85,2026-08-08 08:34:00+10:00,0,2,2,True,2026-08-08,08:34:00,Low
3,2026-08-08 08:33:00+10:00,6,3,9,True,2026-08-08,08:33:00,Low
6,2026-08-08 08:33:00+10:00,3,0,3,True,2026-08-08,08:33:00,Low
41,2026-08-08 08:33:00+10:00,3,7,10,True,2026-08-08,08:33:00,Low
42,2026-08-08 08:33:00+10:00,0,1,1,True,2026-08-08,08:33:00,Low
61,2026-08-08 08:33:00+10:00,2,3,5,True,2026-08-08,08:33:00,Low
70,2026-08-08 08:33:00+10:00,5,2,7,True,2026-08-08,08:33:00,Low
87,2026-08-08 08:33:00+10:00,1,0,1,True,2026-08-08,08:33:00,Low
181,2026-08-08 08:33:00+10:00,3,2,5,True,2026-08-08,08:33:00,Low
1,2026-08-08 08:33:00+10:00,3,2,5,True,2026-08-08,08:33:00,Low
10,2026-08-08 08:33:00+10:00,5,0,5,True,2026-08-08,08:33:00,Low
12,2026-08-08 08:33:00+10:00,1,1,2,True,2026-08-08,08:33:00,Low
17,2026-08-08 08:33:00+10:00,3,0,3,True,2026-08-08,08:33:00,Low
52,2026-08-08 08:33:00+10:00,2,0,2,True,2026-08-08,08:33:00,Low
56,2026-08-08 08:33:00+10:00,1,1,2,True,2026-08-08,08:33:00,Low
67,2026-08-08 08:33:00+10:00,2,3,5,True,2026-08-08,08:33:00,Low
72,2026-08-08 08:33:00+10:00,1,0,1,True,2026-08-08,08:33:00,Low
79,2026-08-08 08:33:00+10:00,5,0,5,True,2026-08-08,08:33:00,Low
85,2026-08-08 08:33:00+10:00,6,0,6,True,2026-08-08,08:33:00,Low
187,2026-08-08 08:33:00+10:00,0,1,1,True,2026-08-08,08:33:00,Low
4,2026-08-08 08:33:00+10:00,1,1,2,True,2026-08-08,08:33:00,Low
8,2026-08-08 08:33:00+10:00,0,1,1,True,2026-08-08,08:33:00,Low
14,2026-08-08 08:33:00+10:00,3,0,3,True,2026-08-08,08:33:00,Low
2,2026-08-08 08:33:00+10:00,0,3,3,True,2026-08-08,08:33:00,Low
11,2026-08-08 08:33:00+10:00,1,0,1,True,2026-08-08,08:33:00,Low
62,2026-08-08 08:33:00+10:00,1,0,1,True,2026-08-08,08:33:00,Low
86,2026-08-08 08:33:00+10:00,0,1,1,True,2026-08-08,08:33:00,Low
180,2026-08-08 08:33:00+10:00,2,0,2,True,2026-08-08,08:33:00,Low
29,2026-08-08 08:33:00+10:00,0,1,1,True,2026-08-08,08:33:00,Low
36,2026-08-08 08:33:00+10:00,0,2,2,True,2026-08-08,08:33:00,Low
39,2026-08-08 08:33:00+10:00,0,1,1,True,2026-08-08,08:33:00,Low
66,2026-08-08 08:33:00+10:00,1,0,1,True,2026-08-08,08:33:00,Low
69,2026-08-08 08:33:00+10:00,1,2,3,True,2026-08-08,08:33:00,Low
71,2026-08-08 08:33:00+10:00,2,0,2,True,2026-08-08,08:33:00,Low
209,2026-08-08 08:33:00+10:00,2,1,3,True,2026-08-08,08:33:00,Low
24,2026-08-08 08:33:00+10:00,3,0,3,True,2026-08-08,08:33:00,Low
35,2026-08-08 08:33:00+10:00,6,0,6,True,2026-08-08,08:33:00,Low
53,2026-08-08 08:33:00+10:00,2,2,4,True,2026-08-08,08:33:00,Low
63,2026-08-08 08:33:00+10:00,1,3,4,True,2026-08-08,08:33:00,Low
68,2026-08-08 08:33:00+10:00,1,4,5,True,2026-08-08,08:33:00,Low
36,2026-08-08 08:32:00+10:00,1,0,1,True,2026-08-08,08:32:00,Low
41,2026-08-08 08:32:00+10:00,8,2,10,True,2026-08-08,08:32:00,Low
66,2026-08-08 08:32:00+10:00,1,3,4,True,2026-08-08,08:32:00,Low
71,2026-08-08 08:32:00+10:00,0,1,1,True,2026-08-08,08:32:00,Low
87,2026-08-08 08:32:00+10:00,1,0,1,True,2026-08-08,08:32:00,Low
12,2026-08-08 08:32:00+10:00,3,2,5,True,2026-08-08,08:32:00,Low
17,2026-08-08 08:32:00+10:00,4,6,10,True,2026-08-08,08:32:00,Low
18,2026-08-08 08:32:00+10:00,2,1,3,True,2026-08-08,08:32:00,Low
24,2026-08-08 08:32:00+10:00,5,2,7,True,2026-08-08,08:32:00,Low
35,2026-08-08 08:32:00+10:00,8,8,16,True,2026-08-08,08:32:00,Low
56,2026-08-08 08:32:00+10:00,1,5,6,True,2026-08-08,08:32:00,Low
4,2026-08-08 08:32:00+10:00,3,3,6,True,2026-08-08,08:32:00,Low
14,2026-08-08 08:32:00+10:00,1,3,4,True,2026-08-08,08:32:00,Low
61,2026-08-08 08:32:00+10:00,1,0,1,True,2026-08-08,08:32:00,Low
181,2026-08-08 08:32:00+10:00,3,2,5,True,2026-08-08,08:32:00,Low
209,2026-08-08 08:32:00+10:00,0,3,3,True,2026-08-08,08:32:00,Low
1,2026-08-08 08:32:00+10:00,4,0,4,True,2026-08-08,08:32:00,Low
2,2026-08-08 08:32:00+10:00,0,2,2,True,2026-08-08,08:32:00,Low
53,2026-08-08 08:32:00+10:00,0,1,1,True,2026-08-08,08:32:00,Low
68,2026-08-08 08:32:00+10:00,1,2,3,True,2026-08-08,08:32:00,Low
72,2026-08-08 08:32:00+10:00,1,0,1,True,2026-08-08,08:32:00,Low
3,2026-08-08 08:32:00+10:00,1,1,2,True,2026-08-08,08:32:00,Low
6,2026-08-08 08:32:00+10:00,0,1,1,True,2026-08-08,08:32:00,Low
8,2026-08-08 08:32:00+10:00,3,2,5,True,2026-08-08,08:32:00,Low
29,2026-08-08 08:32:00+10:00,0,2,2,True,2026-08-08,08:32:00,Low
39,2026-08-08 08:32:00+10:00,1,0,1,True,2026-08-08,08:32:00,Low
50,2026-08-08 08:32:00+10:00,1,0,1,True,2026-08-08,08:32:00,Low
69,2026-08-08 08:32:00+10:00,2,1,3,True,2026-08-08,08:32:00,Low
10,2026-08-08 08:32:00+10:00,0,1,1,True,2026-08-08,08:32:00,Low
11,2026-08-08 08:32:00+10:00,2,1,3,True,2026-08-08,08:32:00,Low
19,2026-08-08 08:32:00+10:00,2,0,2,True,2026-08-08,08:32:00,Low
63,2026-08-08 08:32:00+10:00,1,0,1,True,2026-08-08,08:32:00,Low
67,2026-08-08 08:32:00+10:00,1,0,1,True,2026-08-08,08:32:00,Low
85,2026-08-08 08:32:00+10:00,1,1,2,True,2026-08-08,08:32:00,Low
86,2026-08-08 08:32:00+10:00,0,1,1,True,2026-08-08,08:32:00,Low
187,2026-08-08 08:32:00+10:00,0,2,2,True,2026-08-08,08:32:00,Low
6,2026-08-08 08:31:00+10:00,1,0,1,True,2026-08-08,08:31:00,Low
8,2026-08-08 08:31:00+10:00,0,3,3,True,2026-08-08,08:31:00,Low
14,2026-08-08 08:31:00+10:00,3,2,5,True,2026-08-08,08:31:00,Low
29,2026-08-08 08:31:00+10:00,1,1,2,True,2026-08-08,08:31:00,Low
40,2026-08-08 08:31:00+10:00,0,1,1,True,2026-08-08,08:31:00,Low
50,2026-08-08 08:31:00+10:00,0,2,2,True,2026-08-08,08:31:00,Low
69,2026-08-08 08:31:00+10:00,3,4,7,True,2026-08-08,08:31:00,Low
209,2026-08-08 08:31:00+10:00,4,0,4,True,2026-08-08,08:31:00,Low
12,2026-08-08 08:31:00+10:00,3,4,7,True,2026-08-08,08:31:00,Low
18,2026-08-08 08:31:00+10:00,1,3,4,True,2026-08-08,08:31:00,Low
20,2026-08-08 08:31:00+10:00,1,0,1,True,2026-08-08,08:31:00,Low
53,2026-08-08 08:31:00+10:00,0,1,1,True,2026-08-08,08:31:00,Low
56,2026-08-08 08:31:00+10:00,2,1,3,True,2026-08-08,08:31:00,Low
68,2026-08-08 08:31:00+10:00,1,5,6,True,2026-08-08,08:31:00,Low
72,2026-08-08 08:31:00+10:00,0,1,1,True,2026-08-08,08:31:00,Low
86,2026-08-08 08:31:00+10:00,1,0,1,True,2026-08-08,08:31:00,Low
3,2026-08-08 08:31:00+10:00,1,2,3,True,2026-08-08,08:31:00,Low
41,2026-08-08 08:31:00+10:00,21,3,24,True,2026-08-08,08:31:00,Low
61,2026-08-08 08:31:00+10:00,1,0,1,True,2026-08-08,08:31:00,Low
181,2026-08-08 08:31:00+10:00,0,3,3,True,2026-08-08,08:31:00,Low
2,2026-08-08 08:31:00+10:00,1,2,3,True,2026-08-08,08:31:00,Low
11,2026-08-08 08:31:00+10:00,0,1,1,True,2026-08-08,08:31:00,Low
24,2026-08-08 08:31:00+10:00,8,2,10,True,2026-08-08,08:31:00,Low
63,2026-08-08 08:31:00+10:00,1,1,2,True,2026-08-08,08:31:00,Low
85,2026-08-08 08:31:00+10:00,2,1,3,True,2026-08-08,08:31:00,Low
187,2026-08-08 08:31:00+10:00,0,3,3,True,2026-08-08,08:31:00,Low
4,2026-08-08 08:31:00+10:00,2,3,5,True,2026-08-08,08:31:00,Low
66,2026-08-08 08:31:00+10:00,0,6,6,True,2026-08-08,08:31:00,Low
71,2026-08-08 08:31:00+10:00,0,1,1,True,2026-08-08,08:31:00,Low
1,2026-08-08 08:31:00+10:00,1,1,2,True,2026-08-08,08:31:00,Low
9,2026-08-08 08:31:00+10:00,1,0,1,True,2026-08-08,08:31:00,Low
10,2026-08-08 08:31:00+10:00,2,0,2,True,2026-08-08,08:31:00,Low
17,2026-08-08 08:31:00+10:00,5,1,6,True,2026-08-08,08:31:00,Low
35,2026-08-08 08:31:00+10:00,7,12,19,True,2026-08-08,08:31:00,Low
52,2026-08-08 08:31:00+10:00,3,2,5,True,2026-08-08,08:31:00,Low
11,2026-08-08 08:30:00+10:00,3,0,3,True,2026-08-08,08:30:00,Low
3,2026-08-08 08:30:00+10:00,1,0,1,True,2026-08-08,08:30:00,Low
4,2026-08-08 08:30:00+10:00,3,0,3,True,2026-08-08,08:30:00,Low
5,2026-08-08 08:30:00+10:00,12,29,41,True,2026-08-08,08:30:00,Low
8,2026-08-08 08:30:00+10:00,0,1,1,True,2026-08-08,08:30:00,Low
14,2026-08-08 08:30:00+10:00,1,0,1,True,2026-08-08,08:30:00,Low
40,2026-08-08 08:30:00+10:00,1,0,1,True,2026-08-08,08:30:00,Low
44,2026-08-08 08:30:00+10:00,2,0,2,True,2026-08-08,08:30:00,Low
45,2026-08-08 08:30:00+10:00,8,18,26,True,2026-08-08,08:30:00,Low
61,2026-08-08 08:30:00+10:00,0,3,3,True,2026-08-08,08:30:00,Low
66,2026-08-08 08:30:00+10:00,1,1,2,True,2026-08-08,08:30:00,Low
77,2026-08-08 08:30:00+10:00,7,15,22,True,2026-08-08,08:30:00,Low
107,2026-08-08 08:30:00+10:00,0,5,5,True,2026-08-08,08:30:00,Low
132,2026-08-08 08:30:00+10:00,7,5,12,True,2026-08-08,08:30:00,Low
182,2026-08-08 08:30:00+10:00,9,11,20,True,2026-08-08,08:30:00,Low
188,2026-08-08 08:30:00+10:00,3,1,4,True,2026-08-08,08:30:00,Low
209,2026-08-08 08:30:00+10:00,1,2,3,True,2026-08-08,08:30:00,Low
1,2026-08-08 08:30:00+10:00,1,2,3,True,2026-08-08,08:30:00,Low
18,2026-08-08 08:30:00+10:00,0,1,1,True,2026-08-08,08:30:00,Low
20,2026-08-08 08:30:00+10:00,0,1,1,True,2026-08-08,08:30:00,Low
67,2026-08-08 08:30:00+10:00,2,0,2,True,2026-08-08,08:30:00,Low
109,2026-08-08 08:30:00+10:00,1,7,8,True,2026-08-08,08:30:00,Low
130,2026-08-08 08:30:00+10:00,10,2,12,True,2026-08-08,08:30:00,Low
136,2026-08-08 08:30:00+10:00,2,9,11,True,2026-08-08,08:30:00,Low
21,2026-08-08 08:30:00+10:00,5,7,12,True,2026-08-08,08:30:00,Low
29,2026-08-08 08:30:00+10:00,3,2,5,True,2026-08-08,08:30:00,Low
31,2026-08-08 08:30:00+10:00,1,0,1,True,2026-08-08,08:30:00,Low
36,2026-08-08 08:30:00+10:00,0,1,1,True,2026-08-08,08:30:00,Low
41,2026-08-08 08:30:00+10:00,7,4,11,True,2026-08-08,08:30:00,Low
47,2026-08-08 08:30:00+10:00,9,11,20,True,2026-08-08,08:30:00,Low
54,2026-08-08 08:30:00+10:00,1,2,3,True,2026-08-08,08:30:00,Low
69,2026-08-08 08:30:00+10:00,3,1,4,True,2026-08-08,08:30:00,Low
70,2026-08-08 08:30:00+10:00,0,2,2,True,2026-08-08,08:30:00,Low
118,2026-08-08 08:30:00+10:00,0,1,1,True,2026-08-08,08:30:00,Low
133,2026-08-08 08:30:00+10:00,20,32,52,True,2026-08-08,08:30:00,Medium
134,2026-08-08 08:30:00+10:00,10,22,32,True,2026-08-08,08:30:00,Low
143,2026-08-08 08:30:00+10:00,5,25,30,True,2026-08-08,08:30:00,Low
181,2026-08-08 08:30:00+10:00,1,9,10,True,2026-08-08,08:30:00,Low
2,2026-08-08 08:30:00+10:00,0,2,2,True,2026-08-08,08:30:00,Low
17,2026-08-08 08:30:00+10:00,1,2,3,True,2026-08-08,08:30:00,Low
19,2026-08-08 08:30:00+10:00,0,4,4,True,2026-08-08,08:30:00,Low
23,2026-08-08 08:30:00+10:00,3,5,8,True,2026-08-08,08:30:00,Low
24,2026-08-08 08:30:00+10:00,9,0,9,True,2026-08-08,08:30:00,Low
25,2026-08-08 08:30:00+10:00,28,41,69,True,2026-08-08,08:30:00,Medium
27,2026-08-08 08:30:00+10:00,4,7,11,True,2026-08-08,08:30:00,Low
49,2026-08-08 08:30:00+10:00,4,9,13,True,2026-08-08,08:30:00,Low
51,2026-08-08 08:30:00+10:00,1,0,1,True,2026-08-08,08:30:00,Low
52,2026-08-08 08:30:00+10:00,0,4,4,True,2026-08-08,08:30:00,Low
53,2026-08-08 08:30:00+10:00,3,2,5,True,2026-08-08,08:30:00,Low
56,2026-08-08 08:30:00+10:00,0,2,2,True,2026-08-08,08:30:00,Low
58,2026-08-08 08:30:00+10:00,9,6,15,True,2026-08-08,08:30:00,Low
68,2026-08-08 08:30:00+10:00,1,0,1,True,2026-08-08,08:30:00,Low
79,2026-08-08 08:30:00+10:00,1,0,1,True,2026-08-08,08:30:00,Low
86,2026-08-08 08:30:00+10:00,0,1,1,True,2026-08-08,08:30:00,Low
117,2026-08-08 08:30:00+10:00,7,5,12,True,2026-08-08,08:30:00,Low
123,2026-08-08 08:30:00+10:00,1,0,1,True,2026-08-08,08:30:00,Low
137,2026-08-08 08:30:00+10:00,2,0,2,True,2026-08-08,08:30:00,Low
139,2026-08-08 08:30:00+10:00,0,2,2,True,2026-08-08,08:30:00,Low
141,2026-08-08 08:30:00+10:00,7,1,8,True,2026-08-08,08:30:00,Low
164,2026-08-08 08:30:00+10:00,3,2,5,True,2026-08-08,08:30:00,Low
187,2026-08-08 08:30:00+10:00,0,2,2,True,2026-08-08,08:30:00,Low
6,2026-08-08 08:30:00+10:00,0,1,1,True,2026-08-08,08:30:00,Low
37,2026-08-08 08:30:00+10:00,0,1,1,True,2026-08-08,08:30:00,Low
39,2026-08-08 08:30:00+10:00,2,0,2,True,2026-08-08,08:30:00,Low
43,2026-08-08 08:30:00+10:00,3,3,6,True,2026-08-08,08:30:00,Low
59,2026-08-08 08:30:00+10:00,13,10,23,True,2026-08-08,08:30:00,Low
84,2026-08-08 08:30:00+10:00,28,17,45,True,2026-08-08,08:30:00,Low
87,2026-08-08 08:30:00+10:00,2,0,2,True,2026-08-08,08:30:00,Low
131,2026-08-08 08:30:00+10:00,0,8,8,True,2026-08-08,08:30:00,Low
135,2026-08-08 08:30:00+10:00,10,11,21,True,2026-08-08,08:30:00,Low
140,2026-08-08 08:30:00+10:00,14,4,18,True,2026-08-08,08:30:00,Low
162,2026-08-08 08:30:00+10:00,24,13,37,True,2026-08-08,08:30:00,Low
165,2026-08-08 08:30:00+10:00,1,2,3,True,2026-08-08,08:30:00,Low
166,2026-08-08 08:30:00+10:00,2,0,2,True,2026-08-08,08:30:00,Low
167,2026-08-08 08:30:00+10:00,3,2,5,True,2026-08-08,08:30:00,Low
179,2026-08-08 08:30:00+10:00,2,3,5,True,2026-08-08,08:30:00,Low
184,2026-08-08 08:30:00+10:00,19,6,25,True,2026-08-08,08:30:00,Low
185,2026-08-08 08:30:00+10:00,5,16,21,True,2026-08-08,08:30:00,Low
9,2026-08-08 08:30:00+10:00,1,0,1,True,2026-08-08,08:30:00,Low
12,2026-08-08 08:30:00+10:00,1,2,3,True,2026-08-08,08:30:00,Low
30,2026-08-08 08:30:00+10:00,5,6,11,True,2026-08-08,08:30:00,Low
35,2026-08-08 08:30:00+10:00,7,8,15,True,2026-08-08,08:30:00,Low
48,2026-08-08 08:30:00+10:00,9,2,11,True,2026-08-08,08:30:00,Low
72,2026-08-08 08:30:00+10:00,0,5,5,True,2026-08-08,08:30:00,Low
76,2026-08-08 08:30:00+10:00,1,0,1,True,2026-08-08,08:30:00,Low
142,2026-08-08 08:30:00+10:00,19,21,40,True,2026-08-08,08:30:00,Low
161,2026-08-08 08:30:00+10:00,3,13,16,True,2026-08-08,08:30:00,Low
4,2026-08-08 08:29:00+10:00,3,2,5,True,2026-08-08,08:29:00,Low
6,2026-08-08 08:29:00+10:00,0,3,3,True,2026-08-08,08:29:00,Low
14,2026-08-08 08:29:00+10:00,1,0,1,True,2026-08-08,08:29:00,Low
31,2026-08-08 08:29:00+10:00,1,0,1,True,2026-08-08,08:29:00,Low
39,2026-08-08 08:29:00+10:00,1,1,2,True,2026-08-08,08:29:00,Low
41,2026-08-08 08:29:00+10:00,8,4,12,True,2026-08-08,08:29:00,Low
70,2026-08-08 08:29:00+10:00,3,1,4,True,2026-08-08,08:29:00,Low
181,2026-08-08 08:29:00+10:00,0,5,5,True,2026-08-08,08:29:00,Low
2,2026-08-08 08:29:00+10:00,1,0,1,True,2026-08-08,08:29:00,Low
35,2026-08-08 08:29:00+10:00,1,4,5,True,2026-08-08,08:29:00,Low
52,2026-08-08 08:29:00+10:00,0,1,1,True,2026-08-08,08:29:00,Low
53,2026-08-08 08:29:00+10:00,1,0,1,True,2026-08-08,08:29:00,Low
63,2026-08-08 08:29:00+10:00,3,0,3,True,2026-08-08,08:29:00,Low
68,2026-08-08 08:29:00+10:00,1,0,1,True,2026-08-08,08:29:00,Low
72,2026-08-08 08:29:00+10:00,3,0,3,True,2026-08-08,08:29:00,Low
79,2026-08-08 08:29:00+10:00,3,0,3,True,2026-08-08,08:29:00,Low
180,2026-08-08 08:29:00+10:00,0,2,2,True,2026-08-08,08:29:00,Low
3,2026-08-08 08:29:00+10:00,1,2,3,True,2026-08-08,08:29:00,Low
40,2026-08-08 08:29:00+10:00,4,1,5,True,2026-08-08,08:29:00,Low
50,2026-08-08 08:29:00+10:00,0,1,1,True,2026-08-08,08:29:00,Low
66,2026-08-08 08:29:00+10:00,1,0,1,True,2026-08-08,08:29:00,Low
1,2026-08-08 08:29:00+10:00,0,3,3,True,2026-08-08,08:29:00,Low
11,2026-08-08 08:29:00+10:00,3,0,3,True,2026-08-08,08:29:00,Low
24,2026-08-08 08:29:00+10:00,2,4,6,True,2026-08-08,08:29:00,Low
56,2026-08-08 08:29:00+10:00,1,0,1,True,2026-08-08,08:29:00,Low
85,2026-08-08 08:29:00+10:00,1,0,1,True,2026-08-08,08:29:00,Low
86,2026-08-08 08:29:00+10:00,1,2,3,True,2026-08-08,08:29:00,Low
187,2026-08-08 08:29:00+10:00,0,1,1,True,2026-08-08,08:29:00,Low
8,2026-08-08 08:29:00+10:00,4,8,12,True,2026-08-08,08:29:00,Low
29,2026-08-08 08:29:00+10:00,5,8,13,True,2026-08-08,08:29:00,Low
36,2026-08-08 08:29:00+10:00,0,1,1,True,2026-08-08,08:29:00,Low
61,2026-08-08 08:29:00+10:00,1,1,2,True,2026-08-08,08:29:00,Low
209,2026-08-08 08:29:00+10:00,7,2,9,True,2026-08-08,08:29:00,Low
12,2026-08-08 08:29:00+10:00,1,0,1,True,2026-08-08,08:29:00,Low
18,2026-08-08 08:29:00+10:00,0,1,1,True,2026-08-08,08:29:00,Low
19,2026-08-08 08:29:00+10:00,0,2,2,True,2026-08-08,08:29:00,Low
51,2026-08-08 08:29:00+10:00,1,0,1,True,2026-08-08,08:29:00,Low
67,2026-08-08 08:29:00+10:00,3,3,6,True,2026-08-08,08:29:00,Low
76,2026-08-08 08:29:00+10:00,1,1,2,True,2026-08-08,08:29:00,Low
39,2026-08-08 08:28:00+10:00,1,0,1,True,2026-08-08,08:28:00,Low
41,2026-08-08 08:28:00+10:00,3,1,4,True,2026-08-08,08:28:00,Low
50,2026-08-08 08:28:00+10:00,0,1,1,True,2026-08-08,08:28:00,Low
66,2026-08-08 08:28:00+10:00,1,1,2,True,2026-08-08,08:28:00,Low
69,2026-08-08 08:28:00+10:00,1,1,2,True,2026-08-08,08:28:00,Low
70,2026-08-08 08:28:00+10:00,4,2,6,True,2026-08-08,08:28:00,Low
181,2026-08-08 08:28:00+10:00,1,3,4,True,2026-08-08,08:28:00,Low
1,2026-08-08 08:28:00+10:00,2,0,2,True,2026-08-08,08:28:00,Low
2,2026-08-08 08:28:00+10:00,0,1,1,True,2026-08-08,08:28:00,Low
20,2026-08-08 08:28:00+10:00,0,5,5,True,2026-08-08,08:28:00,Low
35,2026-08-08 08:28:00+10:00,7,11,18,True,2026-08-08,08:28:00,Low
52,2026-08-08 08:28:00+10:00,1,0,1,True,2026-08-08,08:28:00,Low
53,2026-08-08 08:28:00+10:00,1,1,2,True,2026-08-08,08:28:00,Low
63,2026-08-08 08:28:00+10:00,0,2,2,True,2026-08-08,08:28:00,Low
180,2026-08-08 08:28:00+10:00,0,1,1,True,2026-08-08,08:28:00,Low
6,2026-08-08 08:28:00+10:00,0,4,4,True,2026-08-08,08:28:00,Low
14,2026-08-08 08:28:00+10:00,5,0,5,True,2026-08-08,08:28:00,Low
29,2026-08-08 08:28:00+10:00,0,1,1,True,2026-08-08,08:28:00,Low
87,2026-08-08 08:28:00+10:00,0,1,1,True,2026-08-08,08:28:00,Low
67,2026-08-08 08:28:00+10:00,2,3,5,True,2026-08-08,08:28:00,Low
72,2026-08-08 08:28:00+10:00,2,1,3,True,2026-08-08,08:28:00,Low
79,2026-08-08 08:28:00+10:00,2,0,2,True,2026-08-08,08:28:00,Low
3,2026-08-08 08:28:00+10:00,4,2,6,True,2026-08-08,08:28:00,Low
4,2026-08-08 08:28:00+10:00,5,0,5,True,2026-08-08,08:28:00,Low
8,2026-08-08 08:28:00+10:00,2,1,3,True,2026-08-08,08:28:00,Low
36,2026-08-08 08:28:00+10:00,4,0,4,True,2026-08-08,08:28:00,Low
40,2026-08-08 08:28:00+10:00,2,1,3,True,2026-08-08,08:28:00,Low
61,2026-08-08 08:28:00+10:00,1,1,2,True,2026-08-08,08:28:00,Low
209,2026-08-08 08:28:00+10:00,1,1,2,True,2026-08-08,08:28:00,Low
10,2026-08-08 08:28:00+10:00,1,0,1,True,2026-08-08,08:28:00,Low
11,2026-08-08 08:28:00+10:00,0,2,2,True,2026-08-08,08:28:00,Low
12,2026-08-08 08:28:00+10:00,2,1,3,True,2026-08-08,08:28:00,Low
24,2026-08-08 08:28:00+10:00,4,7,11,True,2026-08-08,08:28:00,Low
56,2026-08-08 08:28:00+10:00,2,2,4,True,2026-08-08,08:28:00,Low
68,2026-08-08 08:28:00+10:00,5,1,6,True,2026-08-08,08:28:00,Low
85,2026-08-08 08:28:00+10:00,0,1,1,True,2026-08-08,08:28:00,Low
86,2026-08-08 08:28:00+10:00,0,1,1,True,2026-08-08,08:28:00,Low
6,2026-08-08 08:27:00+10:00,2,2,4,True,2026-08-08,08:27:00,Low
8,2026-08-08 08:27:00+10:00,3,3,6,True,2026-08-08,08:27:00,Low
36,2026-08-08 08:27:00+10:00,0,1,1,True,2026-08-08,08:27:00,Low
69,2026-08-08 08:27:00+10:00,1,0,1,True,2026-08-08,08:27:00,Low
71,2026-08-08 08:27:00+10:00,1,0,1,True,2026-08-08,08:27:00,Low
2,2026-08-08 08:27:00+10:00,1,0,1,True,2026-08-08,08:27:00,Low
19,2026-08-08 08:27:00+10:00,1,0,1,True,2026-08-08,08:27:00,Low
51,2026-08-08 08:27:00+10:00,0,1,1,True,2026-08-08,08:27:00,Low
68,2026-08-08 08:27:00+10:00,1,1,2,True,2026-08-08,08:27:00,Low
79,2026-08-08 08:27:00+10:00,1,1,2,True,2026-08-08,08:27:00,Low
14,2026-08-08 08:27:00+10:00,1,0,1,True,2026-08-08,08:27:00,Low
29,2026-08-08 08:27:00+10:00,1,3,4,True,2026-08-08,08:27:00,Low
39,2026-08-08 08:27:00+10:00,3,1,4,True,2026-08-08,08:27:00,Low
42,2026-08-08 08:27:00+10:00,0,1,1,True,2026-08-08,08:27:00,Low
70,2026-08-08 08:27:00+10:00,1,0,1,True,2026-08-08,08:27:00,Low
87,2026-08-08 08:27:00+10:00,1,0,1,True,2026-08-08,08:27:00,Low
1,2026-08-08 08:27:00+10:00,1,1,2,True,2026-08-08,08:27:00,Low
53,2026-08-08 08:27:00+10:00,3,4,7,True,2026-08-08,08:27:00,Low
67,2026-08-08 08:27:00+10:00,0,9,9,True,2026-08-08,08:27:00,Low
72,2026-08-08 08:27:00+10:00,0,1,1,True,2026-08-08,08:27:00,Low
3,2026-08-08 08:27:00+10:00,4,3,7,True,2026-08-08,08:27:00,Low
4,2026-08-08 08:27:00+10:00,4,0,4,True,2026-08-08,08:27:00,Low
40,2026-08-08 08:27:00+10:00,0,1,1,True,2026-08-08,08:27:00,Low
41,2026-08-08 08:27:00+10:00,1,6,7,True,2026-08-08,08:27:00,Low
61,2026-08-08 08:27:00+10:00,4,2,6,True,2026-08-08,08:27:00,Low
66,2026-08-08 08:27:00+10:00,1,1,2,True,2026-08-08,08:27:00,Low
181,2026-08-08 08:27:00+10:00,3,3,6,True,2026-08-08,08:27:00,Low
209,2026-08-08 08:27:00+10:00,9,2,11,True,2026-08-08,08:27:00,Low
10,2026-08-08 08:27:00+10:00,1,2,3,True,2026-08-08,08:27:00,Low
12,2026-08-08 08:27:00+10:00,0,2,2,True,2026-08-08,08:27:00,Low
17,2026-08-08 08:27:00+10:00,4,1,5,True,2026-08-08,08:27:00,Low
24,2026-08-08 08:27:00+10:00,9,0,9,True,2026-08-08,08:27:00,Low
35,2026-08-08 08:27:00+10:00,10,13,23,True,2026-08-08,08:27:00,Low
56,2026-08-08 08:27:00+10:00,4,1,5,True,2026-08-08,08:27:00,Low
85,2026-08-08 08:27:00+10:00,1,0,1,True,2026-08-08,08:27:00,Low
86,2026-08-08 08:27:00+10:00,0,1,1,True,2026-08-08,08:27:00,Low
180,2026-08-08 08:27:00+10:00,3,1,4,True,2026-08-08,08:27:00,Low
187,2026-08-08 08:27:00+10:00,1,0,1,True,2026-08-08,08:27:00,Low
4,2026-08-08 08:26:00+10:00,3,3,6,True,2026-08-08,08:26:00,Low
6,2026-08-08 08:26:00+10:00,2,1,3,True,2026-08-08,08:26:00,Low
14,2026-08-08 08:26:00+10:00,1,4,5,True,2026-08-08,08:26:00,Low
36,2026-08-08 08:26:00+10:00,1,1,2,True,2026-08-08,08:26:00,Low
40,2026-08-08 08:26:00+10:00,1,1,2,True,2026-08-08,08:26:00,Low
41,2026-08-08 08:26:00+10:00,3,3,6,True,2026-08-08,08:26:00,Low
69,2026-08-08 08:26:00+10:00,1,0,1,True,2026-08-08,08:26:00,Low
181,2026-08-08 08:26:00+10:00,1,5,6,True,2026-08-08,08:26:00,Low
209,2026-08-08 08:26:00+10:00,0,5,5,True,2026-08-08,08:26:00,Low
2,2026-08-08 08:26:00+10:00,1,1,2,True,2026-08-08,08:26:00,Low
17,2026-08-08 08:26:00+10:00,1,1,2,True,2026-08-08,08:26:00,Low
24,2026-08-08 08:26:00+10:00,1,1,2,True,2026-08-08,08:26:00,Low
53,2026-08-08 08:26:00+10:00,1,0,1,True,2026-08-08,08:26:00,Low
56,2026-08-08 08:26:00+10:00,1,0,1,True,2026-08-08,08:26:00,Low
67,2026-08-08 08:26:00+10:00,1,0,1,True,2026-08-08,08:26:00,Low
66,2026-08-08 08:26:00+10:00,2,0,2,True,2026-08-08,08:26:00,Low
87,2026-08-08 08:26:00+10:00,0,1,1,True,2026-08-08,08:26:00,Low
1,2026-08-08 08:26:00+10:00,2,2,4,True,2026-08-08,08:26:00,Low
35,2026-08-08 08:26:00+10:00,8,2,10,True,2026-08-08,08:26:00,Low
63,2026-08-08 08:26:00+10:00,0,1,1,True,2026-08-08,08:26:00,Low
68,2026-08-08 08:26:00+10:00,1,0,1,True,2026-08-08,08:26:00,Low
86,2026-08-08 08:26:00+10:00,2,0,2,True,2026-08-08,08:26:00,Low
187,2026-08-08 08:26:00+10:00,2,0,2,True,2026-08-08,08:26:00,Low
3,2026-08-08 08:26:00+10:00,1,5,6,True,2026-08-08,08:26:00,Low
8,2026-08-08 08:26:00+10:00,2,0,2,True,2026-08-08,08:26:00,Low
29,2026-08-08 08:26:00+10:00,3,6,9,True,2026-08-08,08:26:00,Low
39,2026-08-08 08:26:00+10:00,0,2,2,True,2026-08-08,08:26:00,Low
42,2026-08-08 08:26:00+10:00,1,1,2,True,2026-08-08,08:26:00,Low
61,2026-08-08 08:26:00+10:00,1,4,5,True,2026-08-08,08:26:00,Low
70,2026-08-08 08:26:00+10:00,1,2,3,True,2026-08-08,08:26:00,Low
19,2026-08-08 08:26:00+10:00,1,0,1,True,2026-08-08,08:26:00,Low
62,2026-08-08 08:26:00+10:00,4,3,7,True,2026-08-08,08:26:00,Low
72,2026-08-08 08:26:00+10:00,2,0,2,True,2026-08-08,08:26:00,Low
21,2026-08-08 08:25:00+10:00,5,1,6,True,2026-08-08,08:25:00,Low
29,2026-08-08 08:25:00+10:00,1,1,2,True,2026-08-08,08:25:00,Low
39,2026-08-08 08:25:00+10:00,1,0,1,True,2026-08-08,08:25:00,Low
41,2026-08-08 08:25:00+10:00,2,1,3,True,2026-08-08,08:25:00,Low
44,2026-08-08 08:25:00+10:00,0,5,5,True,2026-08-08,08:25:00,Low
54,2026-08-08 08:25:00+10:00,1,1,2,True,2026-08-08,08:25:00,Low
66,2026-08-08 08:25:00+10:00,1,3,4,True,2026-08-08,08:25:00,Low
84,2026-08-08 08:25:00+10:00,18,9,27,True,2026-08-08,08:25:00,Low
118,2026-08-08 08:25:00+10:00,2,0,2,True,2026-08-08,08:25:00,Low
132,2026-08-08 08:25:00+10:00,4,0,4,True,2026-08-08,08:25:00,Low
134,2026-08-08 08:25:00+10:00,15,13,28,True,2026-08-08,08:25:00,Low
166,2026-08-08 08:25:00+10:00,3,2,5,True,2026-08-08,08:25:00,Low
179,2026-08-08 08:25:00+10:00,1,2,3,True,2026-08-08,08:25:00,Low
209,2026-08-08 08:25:00+10:00,3,2,5,True,2026-08-08,08:25:00,Low
1,2026-08-08 08:25:00+10:00,1,0,1,True,2026-08-08,08:25:00,Low
2,2026-08-08 08:25:00+10:00,1,2,3,True,2026-08-08,08:25:00,Low
11,2026-08-08 08:25:00+10:00,1,2,3,True,2026-08-08,08:25:00,Low
12,2026-08-08 08:25:00+10:00,2,2,4,True,2026-08-08,08:25:00,Low
25,2026-08-08 08:25:00+10:00,22,33,55,True,2026-08-08,08:25:00,Medium
68,2026-08-08 08:25:00+10:00,3,0,3,True,2026-08-08,08:25:00,Low
85,2026-08-08 08:25:00+10:00,0,2,2,True,2026-08-08,08:25:00,Low
109,2026-08-08 08:25:00+10:00,0,2,2,True,2026-08-08,08:25:00,Low
117,2026-08-08 08:25:00+10:00,4,0,4,True,2026-08-08,08:25:00,Low
136,2026-08-08 08:25:00+10:00,2,4,6,True,2026-08-08,08:25:00,Low
138,2026-08-08 08:25:00+10:00,0,1,1,True,2026-08-08,08:25:00,Low
139,2026-08-08 08:25:00+10:00,2,1,3,True,2026-08-08,08:25:00,Low
5,2026-08-08 08:25:00+10:00,11,11,22,True,2026-08-08,08:25:00,Low
14,2026-08-08 08:25:00+10:00,0,1,1,True,2026-08-08,08:25:00,Low
47,2026-08-08 08:25:00+10:00,8,4,12,True,2026-08-08,08:25:00,Low
69,2026-08-08 08:25:00+10:00,1,1,2,True,2026-08-08,08:25:00,Low
77,2026-08-08 08:25:00+10:00,12,5,17,True,2026-08-08,08:25:00,Low
131,2026-08-08 08:25:00+10:00,4,4,8,True,2026-08-08,08:25:00,Low
140,2026-08-08 08:25:00+10:00,5,1,6,True,2026-08-08,08:25:00,Low
143,2026-08-08 08:25:00+10:00,10,28,38,True,2026-08-08,08:25:00,Low
162,2026-08-08 08:25:00+10:00,16,8,24,True,2026-08-08,08:25:00,Low
167,2026-08-08 08:25:00+10:00,1,0,1,True,2026-08-08,08:25:00,Low
181,2026-08-08 08:25:00+10:00,0,4,4,True,2026-08-08,08:25:00,Low
182,2026-08-08 08:25:00+10:00,7,6,13,True,2026-08-08,08:25:00,Low
9,2026-08-08 08:25:00+10:00,1,0,1,True,2026-08-08,08:25:00,Low
17,2026-08-08 08:25:00+10:00,0,1,1,True,2026-08-08,08:25:00,Low
20,2026-08-08 08:25:00+10:00,2,3,5,True,2026-08-08,08:25:00,Low
23,2026-08-08 08:25:00+10:00,8,2,10,True,2026-08-08,08:25:00,Low
30,2026-08-08 08:25:00+10:00,3,8,11,True,2026-08-08,08:25:00,Low
35,2026-08-08 08:25:00+10:00,3,7,10,True,2026-08-08,08:25:00,Low
46,2026-08-08 08:25:00+10:00,1,2,3,True,2026-08-08,08:25:00,Low
49,2026-08-08 08:25:00+10:00,10,13,23,True,2026-08-08,08:25:00,Low
53,2026-08-08 08:25:00+10:00,0,1,1,True,2026-08-08,08:25:00,Low
58,2026-08-08 08:25:00+10:00,14,5,19,True,2026-08-08,08:25:00,Low
63,2026-08-08 08:25:00+10:00,1,0,1,True,2026-08-08,08:25:00,Low
67,2026-08-08 08:25:00+10:00,2,0,2,True,2026-08-08,08:25:00,Low
130,2026-08-08 08:25:00+10:00,9,2,11,True,2026-08-08,08:25:00,Low
141,2026-08-08 08:25:00+10:00,2,1,3,True,2026-08-08,08:25:00,Low
187,2026-08-08 08:25:00+10:00,2,1,3,True,2026-08-08,08:25:00,Low
3,2026-08-08 08:25:00+10:00,0,1,1,True,2026-08-08,08:25:00,Low
4,2026-08-08 08:25:00+10:00,3,2,5,True,2026-08-08,08:25:00,Low
8,2026-08-08 08:25:00+10:00,0,2,2,True,2026-08-08,08:25:00,Low
36,2026-08-08 08:25:00+10:00,1,0,1,True,2026-08-08,08:25:00,Low
37,2026-08-08 08:25:00+10:00,2,0,2,True,2026-08-08,08:25:00,Low
43,2026-08-08 08:25:00+10:00,2,4,6,True,2026-08-08,08:25:00,Low
45,2026-08-08 08:25:00+10:00,12,22,34,True,2026-08-08,08:25:00,Low
59,2026-08-08 08:25:00+10:00,7,3,10,True,2026-08-08,08:25:00,Low
61,2026-08-08 08:25:00+10:00,1,0,1,True,2026-08-08,08:25:00,Low
70,2026-08-08 08:25:00+10:00,1,0,1,True,2026-08-08,08:25:00,Low
107,2026-08-08 08:25:00+10:00,2,9,11,True,2026-08-08,08:25:00,Low
133,2026-08-08 08:25:00+10:00,22,15,37,True,2026-08-08,08:25:00,Low
135,2026-08-08 08:25:00+10:00,14,16,30,True,2026-08-08,08:25:00,Low
165,2026-08-08 08:25:00+10:00,1,0,1,True,2026-08-08,08:25:00,Low
184,2026-08-08 08:25:00+10:00,6,9,15,True,2026-08-08,08:25:00,Low
185,2026-08-08 08:25:00+10:00,8,11,19,True,2026-08-08,08:25:00,Low
24,2026-08-08 08:25:00+10:00,3,3,6,True,2026-08-08,08:25:00,Low
27,2026-08-08 08:25:00+10:00,8,5,13,True,2026-08-08,08:25:00,Low
48,2026-08-08 08:25:00+10:00,11,10,21,True,2026-08-08,08:25:00,Low
51,2026-08-08 08:25:00+10:00,2,0,2,True,2026-08-08,08:25:00,Low
56,2026-08-08 08:25:00+10:00,1,0,1,True,2026-08-08,08:25:00,Low
72,2026-08-08 08:25:00+10:00,1,2,3,True,2026-08-08,08:25:00,Low
79,2026-08-08 08:25:00+10:00,1,0,1,True,2026-08-08,08:25:00,Low
123,2026-08-08 08:25:00+10:00,0,3,3,True,2026-08-08,08:25:00,Low
137,2026-08-08 08:25:00+10:00,0,4,4,True,2026-08-08,08:25:00,Low
142,2026-08-08 08:25:00+10:00,30,14,44,True,2026-08-08,08:25:00,Low
161,2026-08-08 08:25:00+10:00,5,9,14,True,2026-08-08,08:25:00,Low
164,2026-08-08 08:25:00+10:00,3,0,3,True,2026-08-08,08:25:00,Low
50,2026-08-08 08:24:00+10:00,0,1,1,True,2026-08-08,08:24:00,Low
69,2026-08-08 08:24:00+10:00,0,2,2,True,2026-08-08,08:24:00,Low
53,2026-08-08 08:24:00+10:00,3,1,4,True,2026-08-08,08:24:00,Low
62,2026-08-08 08:24:00+10:00,1,0,1,True,2026-08-08,08:24:00,Low
68,2026-08-08 08:24:00+10:00,1,3,4,True,2026-08-08,08:24:00,Low
85,2026-08-08 08:24:00+10:00,1,0,1,True,2026-08-08,08:24:00,Low
86,2026-08-08 08:24:00+10:00,1,2,3,True,2026-08-08,08:24:00,Low
187,2026-08-08 08:24:00+10:00,0,3,3,True,2026-08-08,08:24:00,Low
4,2026-08-08 08:24:00+10:00,3,2,5,True,2026-08-08,08:24:00,Low
8,2026-08-08 08:24:00+10:00,2,4,6,True,2026-08-08,08:24:00,Low
14,2026-08-08 08:24:00+10:00,6,2,8,True,2026-08-08,08:24:00,Low
3,2026-08-08 08:24:00+10:00,0,2,2,True,2026-08-08,08:24:00,Low
6,2026-08-08 08:24:00+10:00,3,0,3,True,2026-08-08,08:24:00,Low
36,2026-08-08 08:24:00+10:00,2,0,2,True,2026-08-08,08:24:00,Low
66,2026-08-08 08:24:00+10:00,0,8,8,True,2026-08-08,08:24:00,Low
87,2026-08-08 08:24:00+10:00,2,0,2,True,2026-08-08,08:24:00,Low
209,2026-08-08 08:24:00+10:00,7,0,7,True,2026-08-08,08:24:00,Low
2,2026-08-08 08:24:00+10:00,4,3,7,True,2026-08-08,08:24:00,Low
9,2026-08-08 08:24:00+10:00,1,1,2,True,2026-08-08,08:24:00,Low
11,2026-08-08 08:24:00+10:00,0,1,1,True,2026-08-08,08:24:00,Low
12,2026-08-08 08:24:00+10:00,3,0,3,True,2026-08-08,08:24:00,Low
17,2026-08-08 08:24:00+10:00,1,0,1,True,2026-08-08,08:24:00,Low
20,2026-08-08 08:24:00+10:00,2,1,3,True,2026-08-08,08:24:00,Low
63,2026-08-08 08:24:00+10:00,1,0,1,True,2026-08-08,08:24:00,Low
67,2026-08-08 08:24:00+10:00,1,7,8,True,2026-08-08,08:24:00,Low
42,2026-08-08 08:24:00+10:00,1,0,1,True,2026-08-08,08:24:00,Low
61,2026-08-08 08:24:00+10:00,0,1,1,True,2026-08-08,08:24:00,Low
70,2026-08-08 08:24:00+10:00,0,2,2,True,2026-08-08,08:24:00,Low
1,2026-08-08 08:24:00+10:00,2,0,2,True,2026-08-08,08:24:00,Low
10,2026-08-08 08:24:00+10:00,1,1,2,True,2026-08-08,08:24:00,Low
24,2026-08-08 08:24:00+10:00,3,1,4,True,2026-08-08,08:24:00,Low
35,2026-08-08 08:24:00+10:00,4,12,16,True,2026-08-08,08:24:00,Low
72,2026-08-08 08:24:00+10:00,1,1,2,True,2026-08-08,08:24:00,Low
76,2026-08-08 08:24:00+10:00,0,1,1,True,2026-08-08,08:24:00,Low
79,2026-08-08 08:24:00+10:00,0,1,1,True,2026-08-08,08:24:00,Low
180,2026-08-08 08:24:00+10:00,0,1,1,True,2026-08-08,08:24:00,Low
29,2026-08-08 08:24:00+10:00,0,4,4,True,2026-08-08,08:24:00,Low
39,2026-08-08 08:24:00+10:00,0,1,1,True,2026-08-08,08:24:00,Low
40,2026-08-08 08:24:00+10:00,2,0,2,True,2026-08-08,08:24:00,Low
41,2026-08-08 08:24:00+10:00,7,6,13,True,2026-08-08,08:24:00,Low
61,2026-08-08 08:23:00+10:00,2,0,2,True,2026-08-08,08:23:00,Low
69,2026-08-08 08:23:00+10:00,2,2,4,True,2026-08-08,08:23:00,Low
75,2026-08-08 08:23:00+10:00,0,1,1,True,2026-08-08,08:23:00,Low
2,2026-08-08 08:23:00+10:00,1,1,2,True,2026-08-08,08:23:00,Low
9,2026-08-08 08:23:00+10:00,0,1,1,True,2026-08-08,08:23:00,Low
11,2026-08-08 08:23:00+10:00,2,0,2,True,2026-08-08,08:23:00,Low
17,2026-08-08 08:23:00+10:00,2,0,2,True,2026-08-08,08:23:00,Low
35,2026-08-08 08:23:00+10:00,9,22,31,True,2026-08-08,08:23:00,Low
67,2026-08-08 08:23:00+10:00,1,1,2,True,2026-08-08,08:23:00,Low
4,2026-08-08 08:23:00+10:00,5,1,6,True,2026-08-08,08:23:00,Low
8,2026-08-08 08:23:00+10:00,5,1,6,True,2026-08-08,08:23:00,Low
14,2026-08-08 08:23:00+10:00,1,0,1,True,2026-08-08,08:23:00,Low
3,2026-08-08 08:23:00+10:00,0,1,1,True,2026-08-08,08:23:00,Low
29,2026-08-08 08:23:00+10:00,0,6,6,True,2026-08-08,08:23:00,Low
31,2026-08-08 08:23:00+10:00,3,0,3,True,2026-08-08,08:23:00,Low
40,2026-08-08 08:23:00+10:00,0,3,3,True,2026-08-08,08:23:00,Low
50,2026-08-08 08:23:00+10:00,2,1,3,True,2026-08-08,08:23:00,Low
70,2026-08-08 08:23:00+10:00,1,0,1,True,2026-08-08,08:23:00,Low
181,2026-08-08 08:23:00+10:00,1,3,4,True,2026-08-08,08:23:00,Low
10,2026-08-08 08:23:00+10:00,2,0,2,True,2026-08-08,08:23:00,Low
12,2026-08-08 08:23:00+10:00,1,3,4,True,2026-08-08,08:23:00,Low
19,2026-08-08 08:23:00+10:00,1,0,1,True,2026-08-08,08:23:00,Low
24,2026-08-08 08:23:00+10:00,3,9,12,True,2026-08-08,08:23:00,Low
209,2026-08-08 08:23:00+10:00,3,0,3,True,2026-08-08,08:23:00,Low
1,2026-08-08 08:23:00+10:00,1,1,2,True,2026-08-08,08:23:00,Low
51,2026-08-08 08:23:00+10:00,1,2,3,True,2026-08-08,08:23:00,Low
53,2026-08-08 08:23:00+10:00,1,0,1,True,2026-08-08,08:23:00,Low
68,2026-08-08 08:23:00+10:00,1,3,4,True,2026-08-08,08:23:00,Low
76,2026-08-08 08:23:00+10:00,2,2,4,True,2026-08-08,08:23:00,Low
79,2026-08-08 08:23:00+10:00,1,1,2,True,2026-08-08,08:23:00,Low
85,2026-08-08 08:23:00+10:00,2,0,2,True,2026-08-08,08:23:00,Low
6,2026-08-08 08:23:00+10:00,0,1,1,True,2026-08-08,08:23:00,Low
39,2026-08-08 08:23:00+10:00,1,1,2,True,2026-08-08,08:23:00,Low
41,2026-08-08 08:23:00+10:00,8,4,12,True,2026-08-08,08:23:00,Low
50,2026-08-08 08:22:00+10:00,0,1,1,True,2026-08-08,08:22:00,Low
66,2026-08-08 08:22:00+10:00,2,4,6,True,2026-08-08,08:22:00,Low
70,2026-08-08 08:22:00+10:00,3,1,4,True,2026-08-08,08:22:00,Low
75,2026-08-08 08:22:00+10:00,0,2,2,True,2026-08-08,08:22:00,Low
2,2026-08-08 08:22:00+10:00,0,2,2,True,2026-08-08,08:22:00,Low
10,2026-08-08 08:22:00+10:00,1,0,1,True,2026-08-08,08:22:00,Low
12,2026-08-08 08:22:00+10:00,2,1,3,True,2026-08-08,08:22:00,Low
24,2026-08-08 08:22:00+10:00,0,6,6,True,2026-08-08,08:22:00,Low
35,2026-08-08 08:22:00+10:00,10,13,23,True,2026-08-08,08:22:00,Low
52,2026-08-08 08:22:00+10:00,1,0,1,True,2026-08-08,08:22:00,Low
53,2026-08-08 08:22:00+10:00,0,1,1,True,2026-08-08,08:22:00,Low
56,2026-08-08 08:22:00+10:00,3,1,4,True,2026-08-08,08:22:00,Low
62,2026-08-08 08:22:00+10:00,0,1,1,True,2026-08-08,08:22:00,Low
63,2026-08-08 08:22:00+10:00,0,1,1,True,2026-08-08,08:22:00,Low
67,2026-08-08 08:22:00+10:00,2,0,2,True,2026-08-08,08:22:00,Low
85,2026-08-08 08:22:00+10:00,2,0,2,True,2026-08-08,08:22:00,Low
8,2026-08-08 08:22:00+10:00,0,5,5,True,2026-08-08,08:22:00,Low
14,2026-08-08 08:22:00+10:00,3,1,4,True,2026-08-08,08:22:00,Low
36,2026-08-08 08:22:00+10:00,4,0,4,True,2026-08-08,08:22:00,Low
39,2026-08-08 08:22:00+10:00,1,0,1,True,2026-08-08,08:22:00,Low
61,2026-08-08 08:22:00+10:00,2,4,6,True,2026-08-08,08:22:00,Low
87,2026-08-08 08:22:00+10:00,1,0,1,True,2026-08-08,08:22:00,Low
72,2026-08-08 08:22:00+10:00,3,0,3,True,2026-08-08,08:22:00,Low
86,2026-08-08 08:22:00+10:00,2,0,2,True,2026-08-08,08:22:00,Low
187,2026-08-08 08:22:00+10:00,0,1,1,True,2026-08-08,08:22:00,Low
42,2026-08-08 08:22:00+10:00,0,2,2,True,2026-08-08,08:22:00,Low
69,2026-08-08 08:22:00+10:00,0,1,1,True,2026-08-08,08:22:00,Low
181,2026-08-08 08:22:00+10:00,3,0,3,True,2026-08-08,08:22:00,Low
209,2026-08-08 08:22:00+10:00,1,1,2,True,2026-08-08,08:22:00,Low
1,2026-08-08 08:22:00+10:00,3,0,3,True,2026-08-08,08:22:00,Low
19,2026-08-08 08:22:00+10:00,0,2,2,True,2026-08-08,08:22:00,Low
51,2026-08-08 08:22:00+10:00,2,1,3,True,2026-08-08,08:22:00,Low
68,2026-08-08 08:22:00+10:00,2,1,3,True,2026-08-08,08:22:00,Low
79,2026-08-08 08:22:00+10:00,0,1,1,True,2026-08-08,08:22:00,Low
3,2026-08-08 08:22:00+10:00,0,3,3,True,2026-08-08,08:22:00,Low
4,2026-08-08 08:22:00+10:00,4,1,5,True,2026-08-08,08:22:00,Low
6,2026-08-08 08:22:00+10:00,1,3,4,True,2026-08-08,08:22:00,Low
29,2026-08-08 08:22:00+10:00,0,1,1,True,2026-08-08,08:22:00,Low
40,2026-08-08 08:22:00+10:00,2,0,2,True,2026-08-08,08:22:00,Low
41,2026-08-08 08:22:00+10:00,6,1,7,True,2026-08-08,08:22:00,Low
209,2026-08-08 08:21:00+10:00,4,1,5,True,2026-08-08,08:21:00,Low
2,2026-08-08 08:21:00+10:00,0,3,3,True,2026-08-08,08:21:00,Low
17,2026-08-08 08:21:00+10:00,4,4,8,True,2026-08-08,08:21:00,Low
35,2026-08-08 08:21:00+10:00,5,6,11,True,2026-08-08,08:21:00,Low
53,2026-08-08 08:21:00+10:00,3,2,5,True,2026-08-08,08:21:00,Low
56,2026-08-08 08:21:00+10:00,1,2,3,True,2026-08-08,08:21:00,Low
62,2026-08-08 08:21:00+10:00,2,0,2,True,2026-08-08,08:21:00,Low
68,2026-08-08 08:21:00+10:00,2,1,3,True,2026-08-08,08:21:00,Low
79,2026-08-08 08:21:00+10:00,0,3,3,True,2026-08-08,08:21:00,Low
8,2026-08-08 08:21:00+10:00,1,0,1,True,2026-08-08,08:21:00,Low
36,2026-08-08 08:21:00+10:00,0,4,4,True,2026-08-08,08:21:00,Low
40,2026-08-08 08:21:00+10:00,0,2,2,True,2026-08-08,08:21:00,Low
29,2026-08-08 08:21:00+10:00,1,1,2,True,2026-08-08,08:21:00,Low
41,2026-08-08 08:21:00+10:00,8,6,14,True,2026-08-08,08:21:00,Low
181,2026-08-08 08:21:00+10:00,7,7,14,True,2026-08-08,08:21:00,Low
11,2026-08-08 08:21:00+10:00,2,2,4,True,2026-08-08,08:21:00,Low
24,2026-08-08 08:21:00+10:00,2,6,8,True,2026-08-08,08:21:00,Low
63,2026-08-08 08:21:00+10:00,1,0,1,True,2026-08-08,08:21:00,Low
67,2026-08-08 08:21:00+10:00,2,1,3,True,2026-08-08,08:21:00,Low
42,2026-08-08 08:21:00+10:00,0,1,1,True,2026-08-08,08:21:00,Low
61,2026-08-08 08:21:00+10:00,1,0,1,True,2026-08-08,08:21:00,Low
66,2026-08-08 08:21:00+10:00,2,4,6,True,2026-08-08,08:21:00,Low
9,2026-08-08 08:21:00+10:00,4,0,4,True,2026-08-08,08:21:00,Low
19,2026-08-08 08:21:00+10:00,2,0,2,True,2026-08-08,08:21:00,Low
20,2026-08-08 08:21:00+10:00,0,2,2,True,2026-08-08,08:21:00,Low
76,2026-08-08 08:21:00+10:00,1,0,1,True,2026-08-08,08:21:00,Low
85,2026-08-08 08:21:00+10:00,0,3,3,True,2026-08-08,08:21:00,Low
3,2026-08-08 08:21:00+10:00,6,1,7,True,2026-08-08,08:21:00,Low
4,2026-08-08 08:21:00+10:00,1,4,5,True,2026-08-08,08:21:00,Low
6,2026-08-08 08:21:00+10:00,2,4,6,True,2026-08-08,08:21:00,Low
14,2026-08-08 08:21:00+10:00,0,1,1,True,2026-08-08,08:21:00,Low
45,2026-08-08 08:20:00+10:00,0,2,2,True,2026-08-08,08:20:00,Low
75,2026-08-08 08:20:00+10:00,1,0,1,True,2026-08-08,08:20:00,Low
77,2026-08-08 08:20:00+10:00,8,13,21,True,2026-08-08,08:20:00,Low
107,2026-08-08 08:20:00+10:00,2,1,3,True,2026-08-08,08:20:00,Low
131,2026-08-08 08:20:00+10:00,3,7,10,True,2026-08-08,08:20:00,Low
132,2026-08-08 08:20:00+10:00,18,5,23,True,2026-08-08,08:20:00,Low
135,2026-08-08 08:20:00+10:00,13,10,23,True,2026-08-08,08:20:00,Low
166,2026-08-08 08:20:00+10:00,0,1,1,True,2026-08-08,08:20:00,Low
167,2026-08-08 08:20:00+10:00,2,3,5,True,2026-08-08,08:20:00,Low
181,2026-08-08 08:20:00+10:00,2,6,8,True,2026-08-08,08:20:00,Low
1,2026-08-08 08:20:00+10:00,1,2,3,True,2026-08-08,08:20:00,Low
2,2026-08-08 08:20:00+10:00,1,1,2,True,2026-08-08,08:20:00,Low
48,2026-08-08 08:20:00+10:00,4,14,18,True,2026-08-08,08:20:00,Low
49,2026-08-08 08:20:00+10:00,11,14,25,True,2026-08-08,08:20:00,Low
52,2026-08-08 08:20:00+10:00,0,3,3,True,2026-08-08,08:20:00,Low
53,2026-08-08 08:20:00+10:00,4,4,8,True,2026-08-08,08:20:00,Low
68,2026-08-08 08:20:00+10:00,1,3,4,True,2026-08-08,08:20:00,Low
76,2026-08-08 08:20:00+10:00,0,1,1,True,2026-08-08,08:20:00,Low
85,2026-08-08 08:20:00+10:00,1,1,2,True,2026-08-08,08:20:00,Low
139,2026-08-08 08:20:00+10:00,1,1,2,True,2026-08-08,08:20:00,Low
164,2026-08-08 08:20:00+10:00,7,0,7,True,2026-08-08,08:20:00,Low
4,2026-08-08 08:20:00+10:00,5,0,5,True,2026-08-08,08:20:00,Low
6,2026-08-08 08:20:00+10:00,2,1,3,True,2026-08-08,08:20:00,Low
8,2026-08-08 08:20:00+10:00,3,0,3,True,2026-08-08,08:20:00,Low
41,2026-08-08 08:20:00+10:00,11,9,20,True,2026-08-08,08:20:00,Low
14,2026-08-08 08:20:00+10:00,2,2,4,True,2026-08-08,08:20:00,Low
21,2026-08-08 08:20:00+10:00,5,0,5,True,2026-08-08,08:20:00,Low
36,2026-08-08 08:20:00+10:00,1,0,1,True,2026-08-08,08:20:00,Low
43,2026-08-08 08:20:00+10:00,1,1,2,True,2026-08-08,08:20:00,Low
54,2026-08-08 08:20:00+10:00,2,0,2,True,2026-08-08,08:20:00,Low
59,2026-08-08 08:20:00+10:00,8,9,17,True,2026-08-08,08:20:00,Low
84,2026-08-08 08:20:00+10:00,18,9,27,True,2026-08-08,08:20:00,Low
134,2026-08-08 08:20:00+10:00,18,13,31,True,2026-08-08,08:20:00,Low
140,2026-08-08 08:20:00+10:00,7,0,7,True,2026-08-08,08:20:00,Low
143,2026-08-08 08:20:00+10:00,5,23,28,True,2026-08-08,08:20:00,Low
184,2026-08-08 08:20:00+10:00,9,13,22,True,2026-08-08,08:20:00,Low
188,2026-08-08 08:20:00+10:00,0,1,1,True,2026-08-08,08:20:00,Low
209,2026-08-08 08:20:00+10:00,2,1,3,True,2026-08-08,08:20:00,Low
12,2026-08-08 08:20:00+10:00,3,0,3,True,2026-08-08,08:20:00,Low
17,2026-08-08 08:20:00+10:00,1,0,1,True,2026-08-08,08:20:00,Low
18,2026-08-08 08:20:00+10:00,0,1,1,True,2026-08-08,08:20:00,Low
23,2026-08-08 08:20:00+10:00,11,9,20,True,2026-08-08,08:20:00,Low
24,2026-08-08 08:20:00+10:00,6,5,11,True,2026-08-08,08:20:00,Low
30,2026-08-08 08:20:00+10:00,4,9,13,True,2026-08-08,08:20:00,Low
46,2026-08-08 08:20:00+10:00,0,2,2,True,2026-08-08,08:20:00,Low
51,2026-08-08 08:20:00+10:00,2,0,2,True,2026-08-08,08:20:00,Low
56,2026-08-08 08:20:00+10:00,3,1,4,True,2026-08-08,08:20:00,Low
58,2026-08-08 08:20:00+10:00,23,8,31,True,2026-08-08,08:20:00,Low
67,2026-08-08 08:20:00+10:00,1,0,1,True,2026-08-08,08:20:00,Low
123,2026-08-08 08:20:00+10:00,1,3,4,True,2026-08-08,08:20:00,Low
130,2026-08-08 08:20:00+10:00,8,0,8,True,2026-08-08,08:20:00,Low
136,2026-08-08 08:20:00+10:00,3,2,5,True,2026-08-08,08:20:00,Low
137,2026-08-08 08:20:00+10:00,0,1,1,True,2026-08-08,08:20:00,Low
141,2026-08-08 08:20:00+10:00,2,5,7,True,2026-08-08,08:20:00,Low
142,2026-08-08 08:20:00+10:00,17,38,55,True,2026-08-08,08:20:00,Medium
161,2026-08-08 08:20:00+10:00,3,7,10,True,2026-08-08,08:20:00,Low
187,2026-08-08 08:20:00+10:00,1,1,2,True,2026-08-08,08:20:00,Low
44,2026-08-08 08:20:00+10:00,1,1,2,True,2026-08-08,08:20:00,Low
47,2026-08-08 08:20:00+10:00,6,16,22,True,2026-08-08,08:20:00,Low
50,2026-08-08 08:20:00+10:00,1,2,3,True,2026-08-08,08:20:00,Low
61,2026-08-08 08:20:00+10:00,0,2,2,True,2026-08-08,08:20:00,Low
66,2026-08-08 08:20:00+10:00,1,0,1,True,2026-08-08,08:20:00,Low
69,2026-08-08 08:20:00+10:00,3,1,4,True,2026-08-08,08:20:00,Low
124,2026-08-08 08:20:00+10:00,2,1,3,True,2026-08-08,08:20:00,Low
133,2026-08-08 08:20:00+10:00,15,26,41,True,2026-08-08,08:20:00,Low
162,2026-08-08 08:20:00+10:00,11,13,24,True,2026-08-08,08:20:00,Low
165,2026-08-08 08:20:00+10:00,1,0,1,True,2026-08-08,08:20:00,Low
179,2026-08-08 08:20:00+10:00,6,1,7,True,2026-08-08,08:20:00,Low
182,2026-08-08 08:20:00+10:00,5,10,15,True,2026-08-08,08:20:00,Low
185,2026-08-08 08:20:00+10:00,4,9,13,True,2026-08-08,08:20:00,Low
11,2026-08-08 08:20:00+10:00,1,3,4,True,2026-08-08,08:20:00,Low
25,2026-08-08 08:20:00+10:00,18,33,51,True,2026-08-08,08:20:00,Medium
27,2026-08-08 08:20:00+10:00,10,12,22,True,2026-08-08,08:20:00,Low
35,2026-08-08 08:20:00+10:00,5,2,7,True,2026-08-08,08:20:00,Low
62,2026-08-08 08:20:00+10:00,2,0,2,True,2026-08-08,08:20:00,Low
72,2026-08-08 08:20:00+10:00,0,2,2,True,2026-08-08,08:20:00,Low
79,2026-08-08 08:20:00+10:00,5,1,6,True,2026-08-08,08:20:00,Low
109,2026-08-08 08:20:00+10:00,4,10,14,True,2026-08-08,08:20:00,Low
117,2026-08-08 08:20:00+10:00,2,5,7,True,2026-08-08,08:20:00,Low
5,2026-08-08 08:20:00+10:00,15,18,33,True,2026-08-08,08:20:00,Low
29,2026-08-08 08:20:00+10:00,1,1,2,True,2026-08-08,08:20:00,Low
31,2026-08-08 08:20:00+10:00,2,0,2,True,2026-08-08,08:20:00,Low
37,2026-08-08 08:20:00+10:00,5,0,5,True,2026-08-08,08:20:00,Low
39,2026-08-08 08:20:00+10:00,1,0,1,True,2026-08-08,08:20:00,Low
40,2026-08-08 08:20:00+10:00,1,4,5,True,2026-08-08,08:20:00,Low
50,2026-08-08 08:19:00+10:00,0,1,1,True,2026-08-08,08:19:00,Low
61,2026-08-08 08:19:00+10:00,1,4,5,True,2026-08-08,08:19:00,Low
181,2026-08-08 08:19:00+10:00,2,1,3,True,2026-08-08,08:19:00,Low
209,2026-08-08 08:19:00+10:00,1,3,4,True,2026-08-08,08:19:00,Low
1,2026-08-08 08:19:00+10:00,0,2,2,True,2026-08-08,08:19:00,Low
2,2026-08-08 08:19:00+10:00,1,0,1,True,2026-08-08,08:19:00,Low
12,2026-08-08 08:19:00+10:00,2,5,7,True,2026-08-08,08:19:00,Low
19,2026-08-08 08:19:00+10:00,0,1,1,True,2026-08-08,08:19:00,Low
24,2026-08-08 08:19:00+10:00,2,2,4,True,2026-08-08,08:19:00,Low
51,2026-08-08 08:19:00+10:00,5,0,5,True,2026-08-08,08:19:00,Low
67,2026-08-08 08:19:00+10:00,1,1,2,True,2026-08-08,08:19:00,Low
72,2026-08-08 08:19:00+10:00,0,3,3,True,2026-08-08,08:19:00,Low
4,2026-08-08 08:19:00+10:00,1,2,3,True,2026-08-08,08:19:00,Low
6,2026-08-08 08:19:00+10:00,1,4,5,True,2026-08-08,08:19:00,Low
36,2026-08-08 08:19:00+10:00,1,0,1,True,2026-08-08,08:19:00,Low
3,2026-08-08 08:19:00+10:00,0,4,4,True,2026-08-08,08:19:00,Low
29,2026-08-08 08:19:00+10:00,1,1,2,True,2026-08-08,08:19:00,Low
42,2026-08-08 08:19:00+10:00,1,0,1,True,2026-08-08,08:19:00,Low
66,2026-08-08 08:19:00+10:00,1,3,4,True,2026-08-08,08:19:00,Low
70,2026-08-08 08:19:00+10:00,0,2,2,True,2026-08-08,08:19:00,Low
87,2026-08-08 08:19:00+10:00,1,0,1,True,2026-08-08,08:19:00,Low
9,2026-08-08 08:19:00+10:00,0,2,2,True,2026-08-08,08:19:00,Low
18,2026-08-08 08:19:00+10:00,0,1,1,True,2026-08-08,08:19:00,Low
76,2026-08-08 08:19:00+10:00,1,0,1,True,2026-08-08,08:19:00,Low
180,2026-08-08 08:19:00+10:00,0,1,1,True,2026-08-08,08:19:00,Low
17,2026-08-08 08:19:00+10:00,2,1,3,True,2026-08-08,08:19:00,Low
35,2026-08-08 08:19:00+10:00,6,5,11,True,2026-08-08,08:19:00,Low
53,2026-08-08 08:19:00+10:00,0,2,2,True,2026-08-08,08:19:00,Low
56,2026-08-08 08:19:00+10:00,7,0,7,True,2026-08-08,08:19:00,Low
68,2026-08-08 08:19:00+10:00,1,2,3,True,2026-08-08,08:19:00,Low
79,2026-08-08 08:19:00+10:00,1,1,2,True,2026-08-08,08:19:00,Low
86,2026-08-08 08:19:00+10:00,3,1,4,True,2026-08-08,08:19:00,Low
187,2026-08-08 08:19:00+10:00,4,0,4,True,2026-08-08,08:19:00,Low
14,2026-08-08 08:19:00+10:00,0,1,1,True,2026-08-08,08:19:00,Low
41,2026-08-08 08:19:00+10:00,7,2,9,True,2026-08-08,08:19:00,Low
61,2026-08-08 08:18:00+10:00,0,1,1,True,2026-08-08,08:18:00,Low
69,2026-08-08 08:18:00+10:00,0,1,1,True,2026-08-08,08:18:00,Low
87,2026-08-08 08:18:00+10:00,2,1,3,True,2026-08-08,08:18:00,Low
9,2026-08-08 08:18:00+10:00,0,1,1,True,2026-08-08,08:18:00,Low
10,2026-08-08 08:18:00+10:00,0,1,1,True,2026-08-08,08:18:00,Low
11,2026-08-08 08:18:00+10:00,0,1,1,True,2026-08-08,08:18:00,Low
17,2026-08-08 08:18:00+10:00,1,0,1,True,2026-08-08,08:18:00,Low
62,2026-08-08 08:18:00+10:00,0,1,1,True,2026-08-08,08:18:00,Low
67,2026-08-08 08:18:00+10:00,4,4,8,True,2026-08-08,08:18:00,Low
3,2026-08-08 08:18:00+10:00,0,8,8,True,2026-08-08,08:18:00,Low
40,2026-08-08 08:18:00+10:00,2,0,2,True,2026-08-08,08:18:00,Low
14,2026-08-08 08:18:00+10:00,2,1,3,True,2026-08-08,08:18:00,Low
29,2026-08-08 08:18:00+10:00,1,0,1,True,2026-08-08,08:18:00,Low
41,2026-08-08 08:18:00+10:00,6,5,11,True,2026-08-08,08:18:00,Low
12,2026-08-08 08:18:00+10:00,1,0,1,True,2026-08-08,08:18:00,Low
56,2026-08-08 08:18:00+10:00,3,1,4,True,2026-08-08,08:18:00,Low
63,2026-08-08 08:18:00+10:00,0,2,2,True,2026-08-08,08:18:00,Low
68,2026-08-08 08:18:00+10:00,4,0,4,True,2026-08-08,08:18:00,Low
187,2026-08-08 08:18:00+10:00,1,1,2,True,2026-08-08,08:18:00,Low
50,2026-08-08 08:18:00+10:00,1,0,1,True,2026-08-08,08:18:00,Low
66,2026-08-08 08:18:00+10:00,0,2,2,True,2026-08-08,08:18:00,Low
75,2026-08-08 08:18:00+10:00,2,1,3,True,2026-08-08,08:18:00,Low
181,2026-08-08 08:18:00+10:00,1,5,6,True,2026-08-08,08:18:00,Low
209,2026-08-08 08:18:00+10:00,5,1,6,True,2026-08-08,08:18:00,Low
1,2026-08-08 08:18:00+10:00,0,2,2,True,2026-08-08,08:18:00,Low
2,2026-08-08 08:18:00+10:00,1,4,5,True,2026-08-08,08:18:00,Low
19,2026-08-08 08:18:00+10:00,1,0,1,True,2026-08-08,08:18:00,Low
24,2026-08-08 08:18:00+10:00,4,2,6,True,2026-08-08,08:18:00,Low
35,2026-08-08 08:18:00+10:00,1,2,3,True,2026-08-08,08:18:00,Low
4,2026-08-08 08:18:00+10:00,7,4,11,True,2026-08-08,08:18:00,Low
8,2026-08-08 08:18:00+10:00,0,2,2,True,2026-08-08,08:18:00,Low
39,2026-08-08 08:18:00+10:00,1,0,1,True,2026-08-08,08:18:00,Low
42,2026-08-08 08:17:00+10:00,0,2,2,True,2026-08-08,08:17:00,Low
66,2026-08-08 08:17:00+10:00,0,3,3,True,2026-08-08,08:17:00,Low
70,2026-08-08 08:17:00+10:00,0,2,2,True,2026-08-08,08:17:00,Low
209,2026-08-08 08:17:00+10:00,1,2,3,True,2026-08-08,08:17:00,Low
35,2026-08-08 08:17:00+10:00,5,7,12,True,2026-08-08,08:17:00,Low
53,2026-08-08 08:17:00+10:00,4,1,5,True,2026-08-08,08:17:00,Low
72,2026-08-08 08:17:00+10:00,0,1,1,True,2026-08-08,08:17:00,Low
79,2026-08-08 08:17:00+10:00,1,1,2,True,2026-08-08,08:17:00,Low
3,2026-08-08 08:17:00+10:00,1,2,3,True,2026-08-08,08:17:00,Low
6,2026-08-08 08:17:00+10:00,2,2,4,True,2026-08-08,08:17:00,Low
8,2026-08-08 08:17:00+10:00,1,1,2,True,2026-08-08,08:17:00,Low
29,2026-08-08 08:17:00+10:00,2,3,5,True,2026-08-08,08:17:00,Low
36,2026-08-08 08:17:00+10:00,0,1,1,True,2026-08-08,08:17:00,Low
40,2026-08-08 08:17:00+10:00,0,1,1,True,2026-08-08,08:17:00,Low
41,2026-08-08 08:17:00+10:00,9,8,17,True,2026-08-08,08:17:00,Low
50,2026-08-08 08:17:00+10:00,0,1,1,True,2026-08-08,08:17:00,Low
1,2026-08-08 08:17:00+10:00,1,4,5,True,2026-08-08,08:17:00,Low
2,2026-08-08 08:17:00+10:00,2,4,6,True,2026-08-08,08:17:00,Low
9,2026-08-08 08:17:00+10:00,0,1,1,True,2026-08-08,08:17:00,Low
24,2026-08-08 08:17:00+10:00,2,10,12,True,2026-08-08,08:17:00,Low
52,2026-08-08 08:17:00+10:00,1,2,3,True,2026-08-08,08:17:00,Low
56,2026-08-08 08:17:00+10:00,1,0,1,True,2026-08-08,08:17:00,Low
62,2026-08-08 08:17:00+10:00,1,1,2,True,2026-08-08,08:17:00,Low
76,2026-08-08 08:17:00+10:00,1,0,1,True,2026-08-08,08:17:00,Low
61,2026-08-08 08:17:00+10:00,1,1,2,True,2026-08-08,08:17:00,Low
69,2026-08-08 08:17:00+10:00,1,4,5,True,2026-08-08,08:17:00,Low
87,2026-08-08 08:17:00+10:00,0,2,2,True,2026-08-08,08:17:00,Low
181,2026-08-08 08:17:00+10:00,0,5,5,True,2026-08-08,08:17:00,Low
12,2026-08-08 08:17:00+10:00,3,0,3,True,2026-08-08,08:17:00,Low
17,2026-08-08 08:17:00+10:00,3,1,4,True,2026-08-08,08:17:00,Low
67,2026-08-08 08:17:00+10:00,2,4,6,True,2026-08-08,08:17:00,Low
4,2026-08-08 08:17:00+10:00,3,5,8,True,2026-08-08,08:17:00,Low
69,2026-08-08 08:16:00+10:00,0,1,1,True,2026-08-08,08:16:00,Low
75,2026-08-08 08:16:00+10:00,1,0,1,True,2026-08-08,08:16:00,Low
181,2026-08-08 08:16:00+10:00,0,1,1,True,2026-08-08,08:16:00,Low
209,2026-08-08 08:16:00+10:00,10,4,14,True,2026-08-08,08:16:00,Low
1,2026-08-08 08:16:00+10:00,5,1,6,True,2026-08-08,08:16:00,Low
12,2026-08-08 08:16:00+10:00,2,1,3,True,2026-08-08,08:16:00,Low
35,2026-08-08 08:16:00+10:00,8,9,17,True,2026-08-08,08:16:00,Low
53,2026-08-08 08:16:00+10:00,0,3,3,True,2026-08-08,08:16:00,Low
67,2026-08-08 08:16:00+10:00,0,2,2,True,2026-08-08,08:16:00,Low
68,2026-08-08 08:16:00+10:00,0,1,1,True,2026-08-08,08:16:00,Low
3,2026-08-08 08:16:00+10:00,0,4,4,True,2026-08-08,08:16:00,Low
6,2026-08-08 08:16:00+10:00,4,0,4,True,2026-08-08,08:16:00,Low
8,2026-08-08 08:16:00+10:00,2,0,2,True,2026-08-08,08:16:00,Low
29,2026-08-08 08:16:00+10:00,1,2,3,True,2026-08-08,08:16:00,Low
41,2026-08-08 08:16:00+10:00,12,4,16,True,2026-08-08,08:16:00,Low
42,2026-08-08 08:16:00+10:00,1,0,1,True,2026-08-08,08:16:00,Low
50,2026-08-08 08:16:00+10:00,0,1,1,True,2026-08-08,08:16:00,Low
66,2026-08-08 08:16:00+10:00,1,0,1,True,2026-08-08,08:16:00,Low
87,2026-08-08 08:16:00+10:00,0,1,1,True,2026-08-08,08:16:00,Low
9,2026-08-08 08:16:00+10:00,0,1,1,True,2026-08-08,08:16:00,Low
17,2026-08-08 08:16:00+10:00,1,5,6,True,2026-08-08,08:16:00,Low
24,2026-08-08 08:16:00+10:00,10,1,11,True,2026-08-08,08:16:00,Low
72,2026-08-08 08:16:00+10:00,1,0,1,True,2026-08-08,08:16:00,Low
79,2026-08-08 08:16:00+10:00,1,2,3,True,2026-08-08,08:16:00,Low
85,2026-08-08 08:16:00+10:00,0,1,1,True,2026-08-08,08:16:00,Low
187,2026-08-08 08:16:00+10:00,0,3,3,True,2026-08-08,08:16:00,Low
61,2026-08-08 08:16:00+10:00,1,1,2,True,2026-08-08,08:16:00,Low
2,2026-08-08 08:16:00+10:00,0,3,3,True,2026-08-08,08:16:00,Low
18,2026-08-08 08:16:00+10:00,0,1,1,True,2026-08-08,08:16:00,Low
19,2026-08-08 08:16:00+10:00,1,1,2,True,2026-08-08,08:16:00,Low
63,2026-08-08 08:16:00+10:00,1,3,4,True,2026-08-08,08:16:00,Low
4,2026-08-08 08:16:00+10:00,2,2,4,True,2026-08-08,08:16:00,Low
14,2026-08-08 08:16:00+10:00,3,1,4,True,2026-08-08,08:16:00,Low
36,2026-08-08 08:16:00+10:00,1,0,1,True,2026-08-08,08:16:00,Low
40,2026-08-08 08:16:00+10:00,0,1,1,True,2026-08-08,08:16:00,Low
43,2026-08-08 08:15:00+10:00,5,3,8,True,2026-08-08,08:15:00,Low
45,2026-08-08 08:15:00+10:00,10,13,23,True,2026-08-08,08:15:00,Low
70,2026-08-08 08:15:00+10:00,0,1,1,True,2026-08-08,08:15:00,Low
133,2026-08-08 08:15:00+10:00,23,22,45,True,2026-08-08,08:15:00,Low
140,2026-08-08 08:15:00+10:00,8,2,10,True,2026-08-08,08:15:00,Low
179,2026-08-08 08:15:00+10:00,3,2,5,True,2026-08-08,08:15:00,Low
10,2026-08-08 08:15:00+10:00,1,0,1,True,2026-08-08,08:15:00,Low
12,2026-08-08 08:15:00+10:00,1,1,2,True,2026-08-08,08:15:00,Low
25,2026-08-08 08:15:00+10:00,7,30,37,True,2026-08-08,08:15:00,Low
30,2026-08-08 08:15:00+10:00,6,4,10,True,2026-08-08,08:15:00,Low
46,2026-08-08 08:15:00+10:00,3,1,4,True,2026-08-08,08:15:00,Low
48,2026-08-08 08:15:00+10:00,8,4,12,True,2026-08-08,08:15:00,Low
49,2026-08-08 08:15:00+10:00,20,7,27,True,2026-08-08,08:15:00,Low
53,2026-08-08 08:15:00+10:00,0,2,2,True,2026-08-08,08:15:00,Low
63,2026-08-08 08:15:00+10:00,1,0,1,True,2026-08-08,08:15:00,Low
136,2026-08-08 08:15:00+10:00,3,1,4,True,2026-08-08,08:15:00,Low
14,2026-08-08 08:15:00+10:00,0,1,1,True,2026-08-08,08:15:00,Low
3,2026-08-08 08:15:00+10:00,2,2,4,True,2026-08-08,08:15:00,Low
5,2026-08-08 08:15:00+10:00,13,17,30,True,2026-08-08,08:15:00,Low
21,2026-08-08 08:15:00+10:00,2,4,6,True,2026-08-08,08:15:00,Low
39,2026-08-08 08:15:00+10:00,0,1,1,True,2026-08-08,08:15:00,Low
41,2026-08-08 08:15:00+10:00,2,2,4,True,2026-08-08,08:15:00,Low
44,2026-08-08 08:15:00+10:00,5,1,6,True,2026-08-08,08:15:00,Low
47,2026-08-08 08:15:00+10:00,6,6,12,True,2026-08-08,08:15:00,Low
50,2026-08-08 08:15:00+10:00,1,0,1,True,2026-08-08,08:15:00,Low
54,2026-08-08 08:15:00+10:00,1,1,2,True,2026-08-08,08:15:00,Low
59,2026-08-08 08:15:00+10:00,6,8,14,True,2026-08-08,08:15:00,Low
69,2026-08-08 08:15:00+10:00,2,0,2,True,2026-08-08,08:15:00,Low
87,2026-08-08 08:15:00+10:00,0,1,1,True,2026-08-08,08:15:00,Low
107,2026-08-08 08:15:00+10:00,2,7,9,True,2026-08-08,08:15:00,Low
131,2026-08-08 08:15:00+10:00,0,7,7,True,2026-08-08,08:15:00,Low
134,2026-08-08 08:15:00+10:00,14,14,28,True,2026-08-08,08:15:00,Low
162,2026-08-08 08:15:00+10:00,16,13,29,True,2026-08-08,08:15:00,Low
165,2026-08-08 08:15:00+10:00,1,3,4,True,2026-08-08,08:15:00,Low
167,2026-08-08 08:15:00+10:00,0,3,3,True,2026-08-08,08:15:00,Low
184,2026-08-08 08:15:00+10:00,11,3,14,True,2026-08-08,08:15:00,Low
185,2026-08-08 08:15:00+10:00,9,6,15,True,2026-08-08,08:15:00,Low
188,2026-08-08 08:15:00+10:00,0,4,4,True,2026-08-08,08:15:00,Low
209,2026-08-08 08:15:00+10:00,8,1,9,True,2026-08-08,08:15:00,Low
1,2026-08-08 08:15:00+10:00,1,0,1,True,2026-08-08,08:15:00,Low
17,2026-08-08 08:15:00+10:00,0,1,1,True,2026-08-08,08:15:00,Low
18,2026-08-08 08:15:00+10:00,0,1,1,True,2026-08-08,08:15:00,Low
27,2026-08-08 08:15:00+10:00,3,9,12,True,2026-08-08,08:15:00,Low
56,2026-08-08 08:15:00+10:00,1,0,1,True,2026-08-08,08:15:00,Low
58,2026-08-08 08:15:00+10:00,8,6,14,True,2026-08-08,08:15:00,Low
68,2026-08-08 08:15:00+10:00,0,2,2,True,2026-08-08,08:15:00,Low
79,2026-08-08 08:15:00+10:00,2,0,2,True,2026-08-08,08:15:00,Low
109,2026-08-08 08:15:00+10:00,0,10,10,True,2026-08-08,08:15:00,Low
117,2026-08-08 08:15:00+10:00,2,0,2,True,2026-08-08,08:15:00,Low
130,2026-08-08 08:15:00+10:00,3,2,5,True,2026-08-08,08:15:00,Low
137,2026-08-08 08:15:00+10:00,3,0,3,True,2026-08-08,08:15:00,Low
142,2026-08-08 08:15:00+10:00,18,16,34,True,2026-08-08,08:15:00,Low
42,2026-08-08 08:15:00+10:00,2,0,2,True,2026-08-08,08:15:00,Low
61,2026-08-08 08:15:00+10:00,2,1,3,True,2026-08-08,08:15:00,Low
66,2026-08-08 08:15:00+10:00,1,0,1,True,2026-08-08,08:15:00,Low
77,2026-08-08 08:15:00+10:00,8,5,13,True,2026-08-08,08:15:00,Low
84,2026-08-08 08:15:00+10:00,16,14,30,True,2026-08-08,08:15:00,Low
132,2026-08-08 08:15:00+10:00,7,8,15,True,2026-08-08,08:15:00,Low
135,2026-08-08 08:15:00+10:00,16,13,29,True,2026-08-08,08:15:00,Low
143,2026-08-08 08:15:00+10:00,2,11,13,True,2026-08-08,08:15:00,Low
166,2026-08-08 08:15:00+10:00,2,1,3,True,2026-08-08,08:15:00,Low
181,2026-08-08 08:15:00+10:00,4,7,11,True,2026-08-08,08:15:00,Low
182,2026-08-08 08:15:00+10:00,6,4,10,True,2026-08-08,08:15:00,Low
2,2026-08-08 08:15:00+10:00,1,0,1,True,2026-08-08,08:15:00,Low
11,2026-08-08 08:15:00+10:00,2,3,5,True,2026-08-08,08:15:00,Low
23,2026-08-08 08:15:00+10:00,2,13,15,True,2026-08-08,08:15:00,Low
24,2026-08-08 08:15:00+10:00,4,8,12,True,2026-08-08,08:15:00,Low
35,2026-08-08 08:15:00+10:00,7,10,17,True,2026-08-08,08:15:00,Low
67,2026-08-08 08:15:00+10:00,4,2,6,True,2026-08-08,08:15:00,Low
76,2026-08-08 08:15:00+10:00,1,0,1,True,2026-08-08,08:15:00,Low
85,2026-08-08 08:15:00+10:00,0,2,2,True,2026-08-08,08:15:00,Low
123,2026-08-08 08:15:00+10:00,1,4,5,True,2026-08-08,08:15:00,Low
139,2026-08-08 08:15:00+10:00,1,1,2,True,2026-08-08,08:15:00,Low
141,2026-08-08 08:15:00+10:00,2,4,6,True,2026-08-08,08:15:00,Low
161,2026-08-08 08:15:00+10:00,5,3,8,True,2026-08-08,08:15:00,Low
164,2026-08-08 08:15:00+10:00,3,2,5,True,2026-08-08,08:15:00,Low
4,2026-08-08 08:15:00+10:00,1,1,2,True,2026-08-08,08:15:00,Low
6,2026-08-08 08:15:00+10:00,2,0,2,True,2026-08-08,08:15:00,Low
29,2026-08-08 08:15:00+10:00,1,1,2,True,2026-08-08,08:15:00,Low
31,2026-08-08 08:15:00+10:00,0,1,1,True,2026-08-08,08:15:00,Low
36,2026-08-08 08:15:00+10:00,2,0,2,True,2026-08-08,08:15:00,Low
37,2026-08-08 08:15:00+10:00,3,0,3,True,2026-08-08,08:15:00,Low
40,2026-08-08 08:15:00+10:00,1,0,1,True,2026-08-08,08:15:00,Low
66,2026-08-08 08:14:00+10:00,2,1,3,True,2026-08-08,08:14:00,Low
2,2026-08-08 08:14:00+10:00,2,0,2,True,2026-08-08,08:14:00,Low
9,2026-08-08 08:14:00+10:00,0,2,2,True,2026-08-08,08:14:00,Low
11,2026-08-08 08:14:00+10:00,0,4,4,True,2026-08-08,08:14:00,Low
12,2026-08-08 08:14:00+10:00,2,0,2,True,2026-08-08,08:14:00,Low
35,2026-08-08 08:14:00+10:00,13,3,16,True,2026-08-08,08:14:00,Low
52,2026-08-08 08:14:00+10:00,2,0,2,True,2026-08-08,08:14:00,Low
4,2026-08-08 08:14:00+10:00,0,1,1,True,2026-08-08,08:14:00,Low
3,2026-08-08 08:14:00+10:00,2,2,4,True,2026-08-08,08:14:00,Low
8,2026-08-08 08:14:00+10:00,0,3,3,True,2026-08-08,08:14:00,Low
14,2026-08-08 08:14:00+10:00,2,1,3,True,2026-08-08,08:14:00,Low
29,2026-08-08 08:14:00+10:00,1,2,3,True,2026-08-08,08:14:00,Low
31,2026-08-08 08:14:00+10:00,1,0,1,True,2026-08-08,08:14:00,Low
41,2026-08-08 08:14:00+10:00,7,2,9,True,2026-08-08,08:14:00,Low
42,2026-08-08 08:14:00+10:00,1,3,4,True,2026-08-08,08:14:00,Low
61,2026-08-08 08:14:00+10:00,0,1,1,True,2026-08-08,08:14:00,Low
181,2026-08-08 08:14:00+10:00,0,2,2,True,2026-08-08,08:14:00,Low
20,2026-08-08 08:14:00+10:00,0,1,1,True,2026-08-08,08:14:00,Low
24,2026-08-08 08:14:00+10:00,6,0,6,True,2026-08-08,08:14:00,Low
53,2026-08-08 08:14:00+10:00,1,1,2,True,2026-08-08,08:14:00,Low
67,2026-08-08 08:14:00+10:00,0,6,6,True,2026-08-08,08:14:00,Low
72,2026-08-08 08:14:00+10:00,2,0,2,True,2026-08-08,08:14:00,Low
79,2026-08-08 08:14:00+10:00,1,4,5,True,2026-08-08,08:14:00,Low
180,2026-08-08 08:14:00+10:00,2,0,2,True,2026-08-08,08:14:00,Low
87,2026-08-08 08:14:00+10:00,0,1,1,True,2026-08-08,08:14:00,Low
209,2026-08-08 08:14:00+10:00,2,6,8,True,2026-08-08,08:14:00,Low
1,2026-08-08 08:14:00+10:00,0,2,2,True,2026-08-08,08:14:00,Low
18,2026-08-08 08:14:00+10:00,0,3,3,True,2026-08-08,08:14:00,Low
56,2026-08-08 08:14:00+10:00,7,0,7,True,2026-08-08,08:14:00,Low
63,2026-08-08 08:14:00+10:00,0,2,2,True,2026-08-08,08:14:00,Low
76,2026-08-08 08:14:00+10:00,0,2,2,True,2026-08-08,08:14:00,Low
85,2026-08-08 08:14:00+10:00,2,2,4,True,2026-08-08,08:14:00,Low
187,2026-08-08 08:14:00+10:00,1,0,1,True,2026-08-08,08:14:00,Low
6,2026-08-08 08:14:00+10:00,2,0,2,True,2026-08-08,08:14:00,Low
61,2026-08-08 08:13:00+10:00,0,1,1,True,2026-08-08,08:13:00,Low
1,2026-08-08 08:13:00+10:00,1,0,1,True,2026-08-08,08:13:00,Low
67,2026-08-08 08:13:00+10:00,0,4,4,True,2026-08-08,08:13:00,Low
14,2026-08-08 08:13:00+10:00,5,0,5,True,2026-08-08,08:13:00,Low
39,2026-08-08 08:13:00+10:00,0,1,1,True,2026-08-08,08:13:00,Low
41,2026-08-08 08:13:00+10:00,2,7,9,True,2026-08-08,08:13:00,Low
4,2026-08-08 08:13:00+10:00,3,0,3,True,2026-08-08,08:13:00,Low
66,2026-08-08 08:13:00+10:00,1,2,3,True,2026-08-08,08:13:00,Low
181,2026-08-08 08:13:00+10:00,0,2,2,True,2026-08-08,08:13:00,Low
35,2026-08-08 08:13:00+10:00,14,7,21,True,2026-08-08,08:13:00,Low
53,2026-08-08 08:13:00+10:00,1,1,2,True,2026-08-08,08:13:00,Low
63,2026-08-08 08:13:00+10:00,2,0,2,True,2026-08-08,08:13:00,Low
72,2026-08-08 08:13:00+10:00,1,0,1,True,2026-08-08,08:13:00,Low
76,2026-08-08 08:13:00+10:00,0,1,1,True,2026-08-08,08:13:00,Low
85,2026-08-08 08:13:00+10:00,1,0,1,True,2026-08-08,08:13:00,Low
86,2026-08-08 08:13:00+10:00,1,0,1,True,2026-08-08,08:13:00,Low
11,2026-08-08 08:13:00+10:00,1,0,1,True,2026-08-08,08:13:00,Low
12,2026-08-08 08:13:00+10:00,2,2,4,True,2026-08-08,08:13:00,Low
17,2026-08-08 08:13:00+10:00,2,2,4,True,2026-08-08,08:13:00,Low
24,2026-08-08 08:13:00+10:00,7,3,10,True,2026-08-08,08:13:00,Low
56,2026-08-08 08:13:00+10:00,2,1,3,True,2026-08-08,08:13:00,Low
68,2026-08-08 08:13:00+10:00,2,0,2,True,2026-08-08,08:13:00,Low
180,2026-08-08 08:13:00+10:00,3,0,3,True,2026-08-08,08:13:00,Low
3,2026-08-08 08:13:00+10:00,4,5,9,True,2026-08-08,08:13:00,Low
8,2026-08-08 08:13:00+10:00,1,0,1,True,2026-08-08,08:13:00,Low
29,2026-08-08 08:13:00+10:00,1,2,3,True,2026-08-08,08:13:00,Low
31,2026-08-08 08:13:00+10:00,1,1,2,True,2026-08-08,08:13:00,Low
40,2026-08-08 08:13:00+10:00,0,1,1,True,2026-08-08,08:13:00,Low
61,2026-08-08 08:12:00+10:00,0,1,1,True,2026-08-08,08:12:00,Low
66,2026-08-08 08:12:00+10:00,0,1,1,True,2026-08-08,08:12:00,Low
1,2026-08-08 08:12:00+10:00,2,0,2,True,2026-08-08,08:12:00,Low
19,2026-08-08 08:12:00+10:00,0,1,1,True,2026-08-08,08:12:00,Low
24,2026-08-08 08:12:00+10:00,12,0,12,True,2026-08-08,08:12:00,Low
56,2026-08-08 08:12:00+10:00,1,1,2,True,2026-08-08,08:12:00,Low
67,2026-08-08 08:12:00+10:00,0,4,4,True,2026-08-08,08:12:00,Low
3,2026-08-08 08:12:00+10:00,0,2,2,True,2026-08-08,08:12:00,Low
29,2026-08-08 08:12:00+10:00,1,2,3,True,2026-08-08,08:12:00,Low
6,2026-08-08 08:12:00+10:00,2,1,3,True,2026-08-08,08:12:00,Low
14,2026-08-08 08:12:00+10:00,6,0,6,True,2026-08-08,08:12:00,Low
36,2026-08-08 08:12:00+10:00,0,1,1,True,2026-08-08,08:12:00,Low
41,2026-08-08 08:12:00+10:00,7,7,14,True,2026-08-08,08:12:00,Low
75,2026-08-08 08:12:00+10:00,1,0,1,True,2026-08-08,08:12:00,Low
12,2026-08-08 08:12:00+10:00,1,1,2,True,2026-08-08,08:12:00,Low
18,2026-08-08 08:12:00+10:00,0,1,1,True,2026-08-08,08:12:00,Low
20,2026-08-08 08:12:00+10:00,1,0,1,True,2026-08-08,08:12:00,Low
35,2026-08-08 08:12:00+10:00,4,4,8,True,2026-08-08,08:12:00,Low
53,2026-08-08 08:12:00+10:00,1,3,4,True,2026-08-08,08:12:00,Low
187,2026-08-08 08:12:00+10:00,0,1,1,True,2026-08-08,08:12:00,Low
50,2026-08-08 08:12:00+10:00,1,0,1,True,2026-08-08,08:12:00,Low
181,2026-08-08 08:12:00+10:00,3,1,4,True,2026-08-08,08:12:00,Low
209,2026-08-08 08:12:00+10:00,3,2,5,True,2026-08-08,08:12:00,Low
52,2026-08-08 08:12:00+10:00,0,2,2,True,2026-08-08,08:12:00,Low
63,2026-08-08 08:12:00+10:00,1,2,3,True,2026-08-08,08:12:00,Low
68,2026-08-08 08:12:00+10:00,2,0,2,True,2026-08-08,08:12:00,Low
72,2026-08-08 08:12:00+10:00,0,1,1,True,2026-08-08,08:12:00,Low
180,2026-08-08 08:12:00+10:00,1,0,1,True,2026-08-08,08:12:00,Low
4,2026-08-08 08:12:00+10:00,2,2,4,True,2026-08-08,08:12:00,Low
8,2026-08-08 08:12:00+10:00,2,5,7,True,2026-08-08,08:12:00,Low
61,2026-08-08 08:11:00+10:00,0,1,1,True,2026-08-08,08:11:00,Low
69,2026-08-08 08:11:00+10:00,0,1,1,True,2026-08-08,08:11:00,Low
70,2026-08-08 08:11:00+10:00,0,2,2,True,2026-08-08,08:11:00,Low
181,2026-08-08 08:11:00+10:00,4,1,5,True,2026-08-08,08:11:00,Low
1,2026-08-08 08:11:00+10:00,0,1,1,True,2026-08-08,08:11:00,Low
35,2026-08-08 08:11:00+10:00,14,4,18,True,2026-08-08,08:11:00,Low
67,2026-08-08 08:11:00+10:00,2,0,2,True,2026-08-08,08:11:00,Low
68,2026-08-08 08:11:00+10:00,1,5,6,True,2026-08-08,08:11:00,Low
72,2026-08-08 08:11:00+10:00,1,0,1,True,2026-08-08,08:11:00,Low
79,2026-08-08 08:11:00+10:00,2,2,4,True,2026-08-08,08:11:00,Low
180,2026-08-08 08:11:00+10:00,1,0,1,True,2026-08-08,08:11:00,Low
40,2026-08-08 08:11:00+10:00,0,4,4,True,2026-08-08,08:11:00,Low
41,2026-08-08 08:11:00+10:00,6,1,7,True,2026-08-08,08:11:00,Low
3,2026-08-08 08:11:00+10:00,1,0,1,True,2026-08-08,08:11:00,Low
6,2026-08-08 08:11:00+10:00,0,3,3,True,2026-08-08,08:11:00,Low
29,2026-08-08 08:11:00+10:00,2,3,5,True,2026-08-08,08:11:00,Low
39,2026-08-08 08:11:00+10:00,1,0,1,True,2026-08-08,08:11:00,Low
12,2026-08-08 08:11:00+10:00,0,1,1,True,2026-08-08,08:11:00,Low
17,2026-08-08 08:11:00+10:00,1,1,2,True,2026-08-08,08:11:00,Low
24,2026-08-08 08:11:00+10:00,6,6,12,True,2026-08-08,08:11:00,Low
52,2026-08-08 08:11:00+10:00,0,2,2,True,2026-08-08,08:11:00,Low
63,2026-08-08 08:11:00+10:00,0,2,2,True,2026-08-08,08:11:00,Low
85,2026-08-08 08:11:00+10:00,0,1,1,True,2026-08-08,08:11:00,Low
75,2026-08-08 08:11:00+10:00,2,0,2,True,2026-08-08,08:11:00,Low
209,2026-08-08 08:11:00+10:00,0,3,3,True,2026-08-08,08:11:00,Low
2,2026-08-08 08:11:00+10:00,1,1,2,True,2026-08-08,08:11:00,Low
9,2026-08-08 08:11:00+10:00,0,1,1,True,2026-08-08,08:11:00,Low
10,2026-08-08 08:11:00+10:00,0,1,1,True,2026-08-08,08:11:00,Low
11,2026-08-08 08:11:00+10:00,3,0,3,True,2026-08-08,08:11:00,Low
18,2026-08-08 08:11:00+10:00,2,0,2,True,2026-08-08,08:11:00,Low
187,2026-08-08 08:11:00+10:00,0,1,1,True,2026-08-08,08:11:00,Low
4,2026-08-08 08:11:00+10:00,3,0,3,True,2026-08-08,08:11:00,Low
14,2026-08-08 08:11:00+10:00,3,1,4,True,2026-08-08,08:11:00,Low
45,2026-08-08 08:10:00+10:00,1,7,8,True,2026-08-08,08:10:00,Low
59,2026-08-08 08:10:00+10:00,5,9,14,True,2026-08-08,08:10:00,Low
66,2026-08-08 08:10:00+10:00,3,2,5,True,2026-08-08,08:10:00,Low
77,2026-08-08 08:10:00+10:00,3,12,15,True,2026-08-08,08:10:00,Low
107,2026-08-08 08:10:00+10:00,1,1,2,True,2026-08-08,08:10:00,Low
118,2026-08-08 08:10:00+10:00,0,1,1,True,2026-08-08,08:10:00,Low
134,2026-08-08 08:10:00+10:00,20,15,35,True,2026-08-08,08:10:00,Low
167,2026-08-08 08:10:00+10:00,0,5,5,True,2026-08-08,08:10:00,Low
179,2026-08-08 08:10:00+10:00,2,3,5,True,2026-08-08,08:10:00,Low
181,2026-08-08 08:10:00+10:00,3,0,3,True,2026-08-08,08:10:00,Low
185,2026-08-08 08:10:00+10:00,12,13,25,True,2026-08-08,08:10:00,Low
2,2026-08-08 08:10:00+10:00,1,0,1,True,2026-08-08,08:10:00,Low
18,2026-08-08 08:10:00+10:00,0,1,1,True,2026-08-08,08:10:00,Low
25,2026-08-08 08:10:00+10:00,9,40,49,True,2026-08-08,08:10:00,Low
30,2026-08-08 08:10:00+10:00,2,6,8,True,2026-08-08,08:10:00,Low
48,2026-08-08 08:10:00+10:00,5,5,10,True,2026-08-08,08:10:00,Low
56,2026-08-08 08:10:00+10:00,1,0,1,True,2026-08-08,08:10:00,Low
58,2026-08-08 08:10:00+10:00,34,6,40,True,2026-08-08,08:10:00,Low
86,2026-08-08 08:10:00+10:00,1,1,2,True,2026-08-08,08:10:00,Low
117,2026-08-08 08:10:00+10:00,5,6,11,True,2026-08-08,08:10:00,Low
130,2026-08-08 08:10:00+10:00,9,4,13,True,2026-08-08,08:10:00,Low
136,2026-08-08 08:10:00+10:00,1,2,3,True,2026-08-08,08:10:00,Low
139,2026-08-08 08:10:00+10:00,0,1,1,True,2026-08-08,08:10:00,Low
14,2026-08-08 08:10:00+10:00,0,1,1,True,2026-08-08,08:10:00,Low
21,2026-08-08 08:10:00+10:00,6,2,8,True,2026-08-08,08:10:00,Low
36,2026-08-08 08:10:00+10:00,0,2,2,True,2026-08-08,08:10:00,Low
37,2026-08-08 08:10:00+10:00,2,4,6,True,2026-08-08,08:10:00,Low
40,2026-08-08 08:10:00+10:00,4,0,4,True,2026-08-08,08:10:00,Low
5,2026-08-08 08:10:00+10:00,11,11,22,True,2026-08-08,08:10:00,Low
31,2026-08-08 08:10:00+10:00,1,0,1,True,2026-08-08,08:10:00,Low
44,2026-08-08 08:10:00+10:00,0,1,1,True,2026-08-08,08:10:00,Low
50,2026-08-08 08:10:00+10:00,1,0,1,True,2026-08-08,08:10:00,Low
54,2026-08-08 08:10:00+10:00,2,6,8,True,2026-08-08,08:10:00,Low
61,2026-08-08 08:10:00+10:00,0,2,2,True,2026-08-08,08:10:00,Low
84,2026-08-08 08:10:00+10:00,14,8,22,True,2026-08-08,08:10:00,Low
135,2026-08-08 08:10:00+10:00,14,8,22,True,2026-08-08,08:10:00,Low
140,2026-08-08 08:10:00+10:00,1,4,5,True,2026-08-08,08:10:00,Low
143,2026-08-08 08:10:00+10:00,3,14,17,True,2026-08-08,08:10:00,Low
166,2026-08-08 08:10:00+10:00,4,3,7,True,2026-08-08,08:10:00,Low
1,2026-08-08 08:10:00+10:00,0,1,1,True,2026-08-08,08:10:00,Low
12,2026-08-08 08:10:00+10:00,5,0,5,True,2026-08-08,08:10:00,Low
17,2026-08-08 08:10:00+10:00,0,2,2,True,2026-08-08,08:10:00,Low
23,2026-08-08 08:10:00+10:00,6,10,16,True,2026-08-08,08:10:00,Low
27,2026-08-08 08:10:00+10:00,5,1,6,True,2026-08-08,08:10:00,Low
49,2026-08-08 08:10:00+10:00,4,5,9,True,2026-08-08,08:10:00,Low
52,2026-08-08 08:10:00+10:00,0,1,1,True,2026-08-08,08:10:00,Low
53,2026-08-08 08:10:00+10:00,4,1,5,True,2026-08-08,08:10:00,Low
62,2026-08-08 08:10:00+10:00,0,2,2,True,2026-08-08,08:10:00,Low
63,2026-08-08 08:10:00+10:00,2,1,3,True,2026-08-08,08:10:00,Low
68,2026-08-08 08:10:00+10:00,1,2,3,True,2026-08-08,08:10:00,Low
85,2026-08-08 08:10:00+10:00,0,1,1,True,2026-08-08,08:10:00,Low
123,2026-08-08 08:10:00+10:00,2,0,2,True,2026-08-08,08:10:00,Low
137,2026-08-08 08:10:00+10:00,2,1,3,True,2026-08-08,08:10:00,Low
141,2026-08-08 08:10:00+10:00,5,1,6,True,2026-08-08,08:10:00,Low
142,2026-08-08 08:10:00+10:00,20,19,39,True,2026-08-08,08:10:00,Low
164,2026-08-08 08:10:00+10:00,2,5,7,True,2026-08-08,08:10:00,Low
187,2026-08-08 08:10:00+10:00,1,2,3,True,2026-08-08,08:10:00,Low
42,2026-08-08 08:10:00+10:00,0,2,2,True,2026-08-08,08:10:00,Low
43,2026-08-08 08:10:00+10:00,1,0,1,True,2026-08-08,08:10:00,Low
47,2026-08-08 08:10:00+10:00,13,14,27,True,2026-08-08,08:10:00,Low
69,2026-08-08 08:10:00+10:00,0,2,2,True,2026-08-08,08:10:00,Low
70,2026-08-08 08:10:00+10:00,0,1,1,True,2026-08-08,08:10:00,Low
131,2026-08-08 08:10:00+10:00,0,6,6,True,2026-08-08,08:10:00,Low
132,2026-08-08 08:10:00+10:00,9,3,12,True,2026-08-08,08:10:00,Low
133,2026-08-08 08:10:00+10:00,13,20,33,True,2026-08-08,08:10:00,Low
162,2026-08-08 08:10:00+10:00,10,4,14,True,2026-08-08,08:10:00,Low
165,2026-08-08 08:10:00+10:00,0,2,2,True,2026-08-08,08:10:00,Low
182,2026-08-08 08:10:00+10:00,16,3,19,True,2026-08-08,08:10:00,Low
184,2026-08-08 08:10:00+10:00,18,7,25,True,2026-08-08,08:10:00,Low
188,2026-08-08 08:10:00+10:00,1,2,3,True,2026-08-08,08:10:00,Low
209,2026-08-08 08:10:00+10:00,3,1,4,True,2026-08-08,08:10:00,Low
11,2026-08-08 08:10:00+10:00,1,1,2,True,2026-08-08,08:10:00,Low
24,2026-08-08 08:10:00+10:00,6,6,12,True,2026-08-08,08:10:00,Low
35,2026-08-08 08:10:00+10:00,2,3,5,True,2026-08-08,08:10:00,Low
51,2026-08-08 08:10:00+10:00,1,1,2,True,2026-08-08,08:10:00,Low
67,2026-08-08 08:10:00+10:00,7,0,7,True,2026-08-08,08:10:00,Low
72,2026-08-08 08:10:00+10:00,0,2,2,True,2026-08-08,08:10:00,Low
79,2026-08-08 08:10:00+10:00,1,0,1,True,2026-08-08,08:10:00,Low
109,2026-08-08 08:10:00+10:00,6,5,11,True,2026-08-08,08:10:00,Low
161,2026-08-08 08:10:00+10:00,4,4,8,True,2026-08-08,08:10:00,Low
180,2026-08-08 08:10:00+10:00,0,1,1,True,2026-08-08,08:10:00,Low
3,2026-08-08 08:10:00+10:00,0,4,4,True,2026-08-08,08:10:00,Low
4,2026-08-08 08:10:00+10:00,4,5,9,True,2026-08-08,08:10:00,Low
29,2026-08-08 08:10:00+10:00,2,4,6,True,2026-08-08,08:10:00,Low
41,2026-08-08 08:10:00+10:00,11,2,13,True,2026-08-08,08:10:00,Low
209,2026-08-08 08:09:00+10:00,5,3,8,True,2026-08-08,08:09:00,Low
19,2026-08-08 08:09:00+10:00,0,1,1,True,2026-08-08,08:09:00,Low
24,2026-08-08 08:09:00+10:00,1,0,1,True,2026-08-08,08:09:00,Low
53,2026-08-08 08:09:00+10:00,1,2,3,True,2026-08-08,08:09:00,Low
56,2026-08-08 08:09:00+10:00,5,0,5,True,2026-08-08,08:09:00,Low
79,2026-08-08 08:09:00+10:00,0,1,1,True,2026-08-08,08:09:00,Low
86,2026-08-08 08:09:00+10:00,0,1,1,True,2026-08-08,08:09:00,Low
6,2026-08-08 08:09:00+10:00,1,0,1,True,2026-08-08,08:09:00,Low
8,2026-08-08 08:09:00+10:00,2,0,2,True,2026-08-08,08:09:00,Low
39,2026-08-08 08:09:00+10:00,0,1,1,True,2026-08-08,08:09:00,Low
40,2026-08-08 08:09:00+10:00,5,0,5,True,2026-08-08,08:09:00,Low
4,2026-08-08 08:09:00+10:00,5,5,10,True,2026-08-08,08:09:00,Low
14,2026-08-08 08:09:00+10:00,3,1,4,True,2026-08-08,08:09:00,Low
29,2026-08-08 08:09:00+10:00,1,1,2,True,2026-08-08,08:09:00,Low
31,2026-08-08 08:09:00+10:00,0,1,1,True,2026-08-08,08:09:00,Low
36,2026-08-08 08:09:00+10:00,0,3,3,True,2026-08-08,08:09:00,Low
41,2026-08-08 08:09:00+10:00,2,0,2,True,2026-08-08,08:09:00,Low
42,2026-08-08 08:09:00+10:00,0,4,4,True,2026-08-08,08:09:00,Low
50,2026-08-08 08:09:00+10:00,0,1,1,True,2026-08-08,08:09:00,Low
61,2026-08-08 08:09:00+10:00,1,1,2,True,2026-08-08,08:09:00,Low
69,2026-08-08 08:09:00+10:00,1,0,1,True,2026-08-08,08:09:00,Low
75,2026-08-08 08:09:00+10:00,0,2,2,True,2026-08-08,08:09:00,Low
87,2026-08-08 08:09:00+10:00,1,0,1,True,2026-08-08,08:09:00,Low
181,2026-08-08 08:09:00+10:00,0,3,3,True,2026-08-08,08:09:00,Low
9,2026-08-08 08:09:00+10:00,0,1,1,True,2026-08-08,08:09:00,Low
17,2026-08-08 08:09:00+10:00,0,1,1,True,2026-08-08,08:09:00,Low
51,2026-08-08 08:09:00+10:00,3,0,3,True,2026-08-08,08:09:00,Low
67,2026-08-08 08:09:00+10:00,2,3,5,True,2026-08-08,08:09:00,Low
180,2026-08-08 08:09:00+10:00,2,0,2,True,2026-08-08,08:09:00,Low
3,2026-08-08 08:09:00+10:00,0,1,1,True,2026-08-08,08:09:00,Low
66,2026-08-08 08:09:00+10:00,1,0,1,True,2026-08-08,08:09:00,Low
12,2026-08-08 08:09:00+10:00,0,2,2,True,2026-08-08,08:09:00,Low
35,2026-08-08 08:09:00+10:00,8,5,13,True,2026-08-08,08:09:00,Low
52,2026-08-08 08:09:00+10:00,3,0,3,True,2026-08-08,08:09:00,Low
63,2026-08-08 08:09:00+10:00,0,2,2,True,2026-08-08,08:09:00,Low
68,2026-08-08 08:09:00+10:00,1,0,1,True,2026-08-08,08:09:00,Low
85,2026-08-08 08:09:00+10:00,1,0,1,True,2026-08-08,08:09:00,Low
187,2026-08-08 08:09:00+10:00,1,1,2,True,2026-08-08,08:09:00,Low
61,2026-08-08 08:08:00+10:00,0,1,1,True,2026-08-08,08:08:00,Low
70,2026-08-08 08:08:00+10:00,0,1,1,True,2026-08-08,08:08:00,Low
1,2026-08-08 08:08:00+10:00,3,0,3,True,2026-08-08,08:08:00,Low
11,2026-08-08 08:08:00+10:00,0,1,1,True,2026-08-08,08:08:00,Low
18,2026-08-08 08:08:00+10:00,0,1,1,True,2026-08-08,08:08:00,Low
24,2026-08-08 08:08:00+10:00,8,0,8,True,2026-08-08,08:08:00,Low
63,2026-08-08 08:08:00+10:00,0,1,1,True,2026-08-08,08:08:00,Low
67,2026-08-08 08:08:00+10:00,8,2,10,True,2026-08-08,08:08:00,Low
79,2026-08-08 08:08:00+10:00,1,0,1,True,2026-08-08,08:08:00,Low
187,2026-08-08 08:08:00+10:00,0,3,3,True,2026-08-08,08:08:00,Low
3,2026-08-08 08:08:00+10:00,1,1,2,True,2026-08-08,08:08:00,Low
14,2026-08-08 08:08:00+10:00,1,3,4,True,2026-08-08,08:08:00,Low
40,2026-08-08 08:08:00+10:00,1,0,1,True,2026-08-08,08:08:00,Low
4,2026-08-08 08:08:00+10:00,1,2,3,True,2026-08-08,08:08:00,Low
6,2026-08-08 08:08:00+10:00,0,1,1,True,2026-08-08,08:08:00,Low
31,2026-08-08 08:08:00+10:00,0,1,1,True,2026-08-08,08:08:00,Low
41,2026-08-08 08:08:00+10:00,3,3,6,True,2026-08-08,08:08:00,Low
9,2026-08-08 08:08:00+10:00,3,2,5,True,2026-08-08,08:08:00,Low
12,2026-08-08 08:08:00+10:00,3,1,4,True,2026-08-08,08:08:00,Low
17,2026-08-08 08:08:00+10:00,0,1,1,True,2026-08-08,08:08:00,Low
20,2026-08-08 08:08:00+10:00,0,2,2,True,2026-08-08,08:08:00,Low
35,2026-08-08 08:08:00+10:00,3,12,15,True,2026-08-08,08:08:00,Low
68,2026-08-08 08:08:00+10:00,0,2,2,True,2026-08-08,08:08:00,Low
29,2026-08-08 08:08:00+10:00,1,1,2,True,2026-08-08,08:08:00,Low
39,2026-08-08 08:08:00+10:00,1,1,2,True,2026-08-08,08:08:00,Low
69,2026-08-08 08:08:00+10:00,2,0,2,True,2026-08-08,08:08:00,Low
75,2026-08-08 08:08:00+10:00,0,3,3,True,2026-08-08,08:08:00,Low
181,2026-08-08 08:08:00+10:00,4,3,7,True,2026-08-08,08:08:00,Low
209,2026-08-08 08:08:00+10:00,2,0,2,True,2026-08-08,08:08:00,Low
53,2026-08-08 08:08:00+10:00,2,1,3,True,2026-08-08,08:08:00,Low
56,2026-08-08 08:08:00+10:00,1,0,1,True,2026-08-08,08:08:00,Low
76,2026-08-08 08:08:00+10:00,1,0,1,True,2026-08-08,08:08:00,Low
85,2026-08-08 08:08:00+10:00,0,1,1,True,2026-08-08,08:08:00,Low
41,2026-08-08 08:07:00+10:00,7,6,13,True,2026-08-08,08:07:00,Low
66,2026-08-08 08:07:00+10:00,1,1,2,True,2026-08-08,08:07:00,Low
69,2026-08-08 08:07:00+10:00,4,3,7,True,2026-08-08,08:07:00,Low
181,2026-08-08 08:07:00+10:00,3,2,5,True,2026-08-08,08:07:00,Low
1,2026-08-08 08:07:00+10:00,2,0,2,True,2026-08-08,08:07:00,Low
11,2026-08-08 08:07:00+10:00,0,1,1,True,2026-08-08,08:07:00,Low
24,2026-08-08 08:07:00+10:00,3,0,3,True,2026-08-08,08:07:00,Low
35,2026-08-08 08:07:00+10:00,11,10,21,True,2026-08-08,08:07:00,Low
51,2026-08-08 08:07:00+10:00,1,0,1,True,2026-08-08,08:07:00,Low
8,2026-08-08 08:07:00+10:00,6,2,8,True,2026-08-08,08:07:00,Low
6,2026-08-08 08:07:00+10:00,1,1,2,True,2026-08-08,08:07:00,Low
14,2026-08-08 08:07:00+10:00,0,1,1,True,2026-08-08,08:07:00,Low
29,2026-08-08 08:07:00+10:00,0,3,3,True,2026-08-08,08:07:00,Low
31,2026-08-08 08:07:00+10:00,0,1,1,True,2026-08-08,08:07:00,Low
61,2026-08-08 08:07:00+10:00,1,0,1,True,2026-08-08,08:07:00,Low
70,2026-08-08 08:07:00+10:00,2,0,2,True,2026-08-08,08:07:00,Low
10,2026-08-08 08:07:00+10:00,0,1,1,True,2026-08-08,08:07:00,Low
68,2026-08-08 08:07:00+10:00,4,2,6,True,2026-08-08,08:07:00,Low
76,2026-08-08 08:07:00+10:00,1,0,1,True,2026-08-08,08:07:00,Low
187,2026-08-08 08:07:00+10:00,0,1,1,True,2026-08-08,08:07:00,Low
3,2026-08-08 08:07:00+10:00,4,1,5,True,2026-08-08,08:07:00,Low
4,2026-08-08 08:07:00+10:00,1,2,3,True,2026-08-08,08:07:00,Low
36,2026-08-08 08:07:00+10:00,1,2,3,True,2026-08-08,08:07:00,Low
209,2026-08-08 08:07:00+10:00,3,0,3,True,2026-08-08,08:07:00,Low
17,2026-08-08 08:07:00+10:00,1,0,1,True,2026-08-08,08:07:00,Low
19,2026-08-08 08:07:00+10:00,0,2,2,True,2026-08-08,08:07:00,Low
53,2026-08-08 08:07:00+10:00,3,4,7,True,2026-08-08,08:07:00,Low
67,2026-08-08 08:07:00+10:00,0,3,3,True,2026-08-08,08:07:00,Low
72,2026-08-08 08:07:00+10:00,0,1,1,True,2026-08-08,08:07:00,Low
79,2026-08-08 08:07:00+10:00,5,1,6,True,2026-08-08,08:07:00,Low
85,2026-08-08 08:07:00+10:00,0,3,3,True,2026-08-08,08:07:00,Low
41,2026-08-08 08:06:00+10:00,4,3,7,True,2026-08-08,08:06:00,Low
70,2026-08-08 08:06:00+10:00,1,0,1,True,2026-08-08,08:06:00,Low
12,2026-08-08 08:06:00+10:00,5,0,5,True,2026-08-08,08:06:00,Low
24,2026-08-08 08:06:00+10:00,5,1,6,True,2026-08-08,08:06:00,Low
52,2026-08-08 08:06:00+10:00,0,3,3,True,2026-08-08,08:06:00,Low
56,2026-08-08 08:06:00+10:00,3,1,4,True,2026-08-08,08:06:00,Low
79,2026-08-08 08:06:00+10:00,2,0,2,True,2026-08-08,08:06:00,Low
6,2026-08-08 08:06:00+10:00,2,2,4,True,2026-08-08,08:06:00,Low
14,2026-08-08 08:06:00+10:00,0,1,1,True,2026-08-08,08:06:00,Low
29,2026-08-08 08:06:00+10:00,1,3,4,True,2026-08-08,08:06:00,Low
3,2026-08-08 08:06:00+10:00,3,2,5,True,2026-08-08,08:06:00,Low
4,2026-08-08 08:06:00+10:00,2,0,2,True,2026-08-08,08:06:00,Low
8,2026-08-08 08:06:00+10:00,1,2,3,True,2026-08-08,08:06:00,Low
31,2026-08-08 08:06:00+10:00,0,1,1,True,2026-08-08,08:06:00,Low
40,2026-08-08 08:06:00+10:00,4,2,6,True,2026-08-08,08:06:00,Low
209,2026-08-08 08:06:00+10:00,2,1,3,True,2026-08-08,08:06:00,Low
1,2026-08-08 08:06:00+10:00,0,2,2,True,2026-08-08,08:06:00,Low
9,2026-08-08 08:06:00+10:00,1,0,1,True,2026-08-08,08:06:00,Low
17,2026-08-08 08:06:00+10:00,1,7,8,True,2026-08-08,08:06:00,Low
18,2026-08-08 08:06:00+10:00,1,1,2,True,2026-08-08,08:06:00,Low
20,2026-08-08 08:06:00+10:00,3,0,3,True,2026-08-08,08:06:00,Low
63,2026-08-08 08:06:00+10:00,0,1,1,True,2026-08-08,08:06:00,Low
187,2026-08-08 08:06:00+10:00,0,4,4,True,2026-08-08,08:06:00,Low
69,2026-08-08 08:06:00+10:00,1,4,5,True,2026-08-08,08:06:00,Low
181,2026-08-08 08:06:00+10:00,2,2,4,True,2026-08-08,08:06:00,Low
11,2026-08-08 08:06:00+10:00,2,0,2,True,2026-08-08,08:06:00,Low
35,2026-08-08 08:06:00+10:00,4,6,10,True,2026-08-08,08:06:00,Low
53,2026-08-08 08:06:00+10:00,0,4,4,True,2026-08-08,08:06:00,Low
67,2026-08-08 08:06:00+10:00,3,5,8,True,2026-08-08,08:06:00,Low
85,2026-08-08 08:06:00+10:00,3,0,3,True,2026-08-08,08:06:00,Low
43,2026-08-08 08:05:00+10:00,2,5,7,True,2026-08-08,08:05:00,Low
59,2026-08-08 08:05:00+10:00,7,7,14,True,2026-08-08,08:05:00,Low
61,2026-08-08 08:05:00+10:00,4,2,6,True,2026-08-08,08:05:00,Low
69,2026-08-08 08:05:00+10:00,2,2,4,True,2026-08-08,08:05:00,Low
107,2026-08-08 08:05:00+10:00,2,4,6,True,2026-08-08,08:05:00,Low
131,2026-08-08 08:05:00+10:00,2,6,8,True,2026-08-08,08:05:00,Low
165,2026-08-08 08:05:00+10:00,2,0,2,True,2026-08-08,08:05:00,Low
167,2026-08-08 08:05:00+10:00,1,4,5,True,2026-08-08,08:05:00,Low
184,2026-08-08 08:05:00+10:00,3,12,15,True,2026-08-08,08:05:00,Low
1,2026-08-08 08:05:00+10:00,1,3,4,True,2026-08-08,08:05:00,Low
11,2026-08-08 08:05:00+10:00,2,0,2,True,2026-08-08,08:05:00,Low
30,2026-08-08 08:05:00+10:00,1,3,4,True,2026-08-08,08:05:00,Low
35,2026-08-08 08:05:00+10:00,6,2,8,True,2026-08-08,08:05:00,Low
53,2026-08-08 08:05:00+10:00,1,1,2,True,2026-08-08,08:05:00,Low
62,2026-08-08 08:05:00+10:00,1,0,1,True,2026-08-08,08:05:00,Low
109,2026-08-08 08:05:00+10:00,2,13,15,True,2026-08-08,08:05:00,Low
141,2026-08-08 08:05:00+10:00,1,0,1,True,2026-08-08,08:05:00,Low
3,2026-08-08 08:05:00+10:00,1,2,3,True,2026-08-08,08:05:00,Low
37,2026-08-08 08:05:00+10:00,0,1,1,True,2026-08-08,08:05:00,Low
40,2026-08-08 08:05:00+10:00,0,2,2,True,2026-08-08,08:05:00,Low
14,2026-08-08 08:05:00+10:00,2,3,5,True,2026-08-08,08:05:00,Low
21,2026-08-08 08:05:00+10:00,2,1,3,True,2026-08-08,08:05:00,Low
41,2026-08-08 08:05:00+10:00,3,3,6,True,2026-08-08,08:05:00,Low
45,2026-08-08 08:05:00+10:00,7,18,25,True,2026-08-08,08:05:00,Low
66,2026-08-08 08:05:00+10:00,2,1,3,True,2026-08-08,08:05:00,Low
77,2026-08-08 08:05:00+10:00,8,9,17,True,2026-08-08,08:05:00,Low
133,2026-08-08 08:05:00+10:00,21,19,40,True,2026-08-08,08:05:00,Low
134,2026-08-08 08:05:00+10:00,8,10,18,True,2026-08-08,08:05:00,Low
140,2026-08-08 08:05:00+10:00,2,0,2,True,2026-08-08,08:05:00,Low
162,2026-08-08 08:05:00+10:00,14,5,19,True,2026-08-08,08:05:00,Low
166,2026-08-08 08:05:00+10:00,1,2,3,True,2026-08-08,08:05:00,Low
179,2026-08-08 08:05:00+10:00,2,2,4,True,2026-08-08,08:05:00,Low
181,2026-08-08 08:05:00+10:00,1,6,7,True,2026-08-08,08:05:00,Low
182,2026-08-08 08:05:00+10:00,3,7,10,True,2026-08-08,08:05:00,Low
185,2026-08-08 08:05:00+10:00,3,8,11,True,2026-08-08,08:05:00,Low
188,2026-08-08 08:05:00+10:00,1,0,1,True,2026-08-08,08:05:00,Low
9,2026-08-08 08:05:00+10:00,2,1,3,True,2026-08-08,08:05:00,Low
18,2026-08-08 08:05:00+10:00,0,1,1,True,2026-08-08,08:05:00,Low
19,2026-08-08 08:05:00+10:00,4,0,4,True,2026-08-08,08:05:00,Low
23,2026-08-08 08:05:00+10:00,8,8,16,True,2026-08-08,08:05:00,Low
24,2026-08-08 08:05:00+10:00,6,8,14,True,2026-08-08,08:05:00,Low
25,2026-08-08 08:05:00+10:00,10,15,25,True,2026-08-08,08:05:00,Low
48,2026-08-08 08:05:00+10:00,1,9,10,True,2026-08-08,08:05:00,Low
56,2026-08-08 08:05:00+10:00,6,2,8,True,2026-08-08,08:05:00,Low
85,2026-08-08 08:05:00+10:00,1,0,1,True,2026-08-08,08:05:00,Low
117,2026-08-08 08:05:00+10:00,2,5,7,True,2026-08-08,08:05:00,Low
130,2026-08-08 08:05:00+10:00,4,1,5,True,2026-08-08,08:05:00,Low
142,2026-08-08 08:05:00+10:00,20,20,40,True,2026-08-08,08:05:00,Low
180,2026-08-08 08:05:00+10:00,5,0,5,True,2026-08-08,08:05:00,Low
4,2026-08-08 08:05:00+10:00,2,2,4,True,2026-08-08,08:05:00,Low
5,2026-08-08 08:05:00+10:00,5,12,17,True,2026-08-08,08:05:00,Low
6,2026-08-08 08:05:00+10:00,1,1,2,True,2026-08-08,08:05:00,Low
29,2026-08-08 08:05:00+10:00,2,7,9,True,2026-08-08,08:05:00,Low
36,2026-08-08 08:05:00+10:00,0,1,1,True,2026-08-08,08:05:00,Low
44,2026-08-08 08:05:00+10:00,1,5,6,True,2026-08-08,08:05:00,Low
47,2026-08-08 08:05:00+10:00,7,8,15,True,2026-08-08,08:05:00,Low
54,2026-08-08 08:05:00+10:00,2,1,3,True,2026-08-08,08:05:00,Low
84,2026-08-08 08:05:00+10:00,32,4,36,True,2026-08-08,08:05:00,Low
132,2026-08-08 08:05:00+10:00,2,5,7,True,2026-08-08,08:05:00,Low
135,2026-08-08 08:05:00+10:00,8,13,21,True,2026-08-08,08:05:00,Low
143,2026-08-08 08:05:00+10:00,4,16,20,True,2026-08-08,08:05:00,Low
209,2026-08-08 08:05:00+10:00,1,3,4,True,2026-08-08,08:05:00,Low
12,2026-08-08 08:05:00+10:00,1,1,2,True,2026-08-08,08:05:00,Low
27,2026-08-08 08:05:00+10:00,4,6,10,True,2026-08-08,08:05:00,Low
46,2026-08-08 08:05:00+10:00,1,0,1,True,2026-08-08,08:05:00,Low
49,2026-08-08 08:05:00+10:00,9,9,18,True,2026-08-08,08:05:00,Low
58,2026-08-08 08:05:00+10:00,27,3,30,True,2026-08-08,08:05:00,Low
67,2026-08-08 08:05:00+10:00,1,4,5,True,2026-08-08,08:05:00,Low
72,2026-08-08 08:05:00+10:00,0,2,2,True,2026-08-08,08:05:00,Low
76,2026-08-08 08:05:00+10:00,0,1,1,True,2026-08-08,08:05:00,Low
136,2026-08-08 08:05:00+10:00,0,4,4,True,2026-08-08,08:05:00,Low
137,2026-08-08 08:05:00+10:00,1,1,2,True,2026-08-08,08:05:00,Low
139,2026-08-08 08:05:00+10:00,1,0,1,True,2026-08-08,08:05:00,Low
161,2026-08-08 08:05:00+10:00,2,0,2,True,2026-08-08,08:05:00,Low
164,2026-08-08 08:05:00+10:00,2,1,3,True,2026-08-08,08:05:00,Low
181,2026-08-08 08:04:00+10:00,0,2,2,True,2026-08-08,08:04:00,Low
24,2026-08-08 08:04:00+10:00,1,4,5,True,2026-08-08,08:04:00,Low
67,2026-08-08 08:04:00+10:00,0,1,1,True,2026-08-08,08:04:00,Low
85,2026-08-08 08:04:00+10:00,0,1,1,True,2026-08-08,08:04:00,Low
4,2026-08-08 08:04:00+10:00,4,1,5,True,2026-08-08,08:04:00,Low
6,2026-08-08 08:04:00+10:00,1,3,4,True,2026-08-08,08:04:00,Low
8,2026-08-08 08:04:00+10:00,2,0,2,True,2026-08-08,08:04:00,Low
66,2026-08-08 08:04:00+10:00,1,1,2,True,2026-08-08,08:04:00,Low
87,2026-08-08 08:04:00+10:00,0,1,1,True,2026-08-08,08:04:00,Low
1,2026-08-08 08:04:00+10:00,2,0,2,True,2026-08-08,08:04:00,Low
9,2026-08-08 08:04:00+10:00,0,2,2,True,2026-08-08,08:04:00,Low
11,2026-08-08 08:04:00+10:00,4,0,4,True,2026-08-08,08:04:00,Low
17,2026-08-08 08:04:00+10:00,2,3,5,True,2026-08-08,08:04:00,Low
62,2026-08-08 08:04:00+10:00,0,1,1,True,2026-08-08,08:04:00,Low
68,2026-08-08 08:04:00+10:00,1,1,2,True,2026-08-08,08:04:00,Low
72,2026-08-08 08:04:00+10:00,1,0,1,True,2026-08-08,08:04:00,Low
76,2026-08-08 08:04:00+10:00,1,0,1,True,2026-08-08,08:04:00,Low
79,2026-08-08 08:04:00+10:00,0,1,1,True,2026-08-08,08:04:00,Low
3,2026-08-08 08:04:00+10:00,2,0,2,True,2026-08-08,08:04:00,Low
36,2026-08-08 08:04:00+10:00,2,0,2,True,2026-08-08,08:04:00,Low
61,2026-08-08 08:04:00+10:00,0,2,2,True,2026-08-08,08:04:00,Low
209,2026-08-08 08:04:00+10:00,3,0,3,True,2026-08-08,08:04:00,Low
10,2026-08-08 08:04:00+10:00,1,3,4,True,2026-08-08,08:04:00,Low
12,2026-08-08 08:04:00+10:00,3,1,4,True,2026-08-08,08:04:00,Low
35,2026-08-08 08:04:00+10:00,4,5,9,True,2026-08-08,08:04:00,Low
53,2026-08-08 08:04:00+10:00,5,0,5,True,2026-08-08,08:04:00,Low
66,2026-08-08 08:03:00+10:00,0,2,2,True,2026-08-08,08:03:00,Low
75,2026-08-08 08:03:00+10:00,0,1,1,True,2026-08-08,08:03:00,Low
209,2026-08-08 08:03:00+10:00,5,1,6,True,2026-08-08,08:03:00,Low
1,2026-08-08 08:03:00+10:00,0,1,1,True,2026-08-08,08:03:00,Low
12,2026-08-08 08:03:00+10:00,3,1,4,True,2026-08-08,08:03:00,Low
18,2026-08-08 08:03:00+10:00,3,0,3,True,2026-08-08,08:03:00,Low
62,2026-08-08 08:03:00+10:00,0,1,1,True,2026-08-08,08:03:00,Low
72,2026-08-08 08:03:00+10:00,1,0,1,True,2026-08-08,08:03:00,Low
3,2026-08-08 08:03:00+10:00,2,1,3,True,2026-08-08,08:03:00,Low
40,2026-08-08 08:03:00+10:00,0,1,1,True,2026-08-08,08:03:00,Low
61,2026-08-08 08:03:00+10:00,1,0,1,True,2026-08-08,08:03:00,Low
2,2026-08-08 08:03:00+10:00,0,1,1,True,2026-08-08,08:03:00,Low
17,2026-08-08 08:03:00+10:00,2,1,3,True,2026-08-08,08:03:00,Low
19,2026-08-08 08:03:00+10:00,0,1,1,True,2026-08-08,08:03:00,Low
24,2026-08-08 08:03:00+10:00,2,0,2,True,2026-08-08,08:03:00,Low
35,2026-08-08 08:03:00+10:00,6,4,10,True,2026-08-08,08:03:00,Low
63,2026-08-08 08:03:00+10:00,0,3,3,True,2026-08-08,08:03:00,Low
6,2026-08-08 08:03:00+10:00,1,0,1,True,2026-08-08,08:03:00,Low
29,2026-08-08 08:03:00+10:00,0,1,1,True,2026-08-08,08:03:00,Low
39,2026-08-08 08:03:00+10:00,1,0,1,True,2026-08-08,08:03:00,Low
181,2026-08-08 08:03:00+10:00,1,4,5,True,2026-08-08,08:03:00,Low
9,2026-08-08 08:03:00+10:00,2,0,2,True,2026-08-08,08:03:00,Low
11,2026-08-08 08:03:00+10:00,0,4,4,True,2026-08-08,08:03:00,Low
51,2026-08-08 08:03:00+10:00,1,0,1,True,2026-08-08,08:03:00,Low
67,2026-08-08 08:03:00+10:00,1,4,5,True,2026-08-08,08:03:00,Low
68,2026-08-08 08:03:00+10:00,3,3,6,True,2026-08-08,08:03:00,Low
76,2026-08-08 08:03:00+10:00,0,1,1,True,2026-08-08,08:03:00,Low
79,2026-08-08 08:03:00+10:00,0,1,1,True,2026-08-08,08:03:00,Low
66,2026-08-08 08:02:00+10:00,0,3,3,True,2026-08-08,08:02:00,Low
209,2026-08-08 08:02:00+10:00,9,0,9,True,2026-08-08,08:02:00,Low
1,2026-08-08 08:02:00+10:00,1,0,1,True,2026-08-08,08:02:00,Low
17,2026-08-08 08:02:00+10:00,4,0,4,True,2026-08-08,08:02:00,Low
35,2026-08-08 08:02:00+10:00,5,6,11,True,2026-08-08,08:02:00,Low
67,2026-08-08 08:02:00+10:00,4,0,4,True,2026-08-08,08:02:00,Low
79,2026-08-08 08:02:00+10:00,2,0,2,True,2026-08-08,08:02:00,Low
85,2026-08-08 08:02:00+10:00,1,1,2,True,2026-08-08,08:02:00,Low
3,2026-08-08 08:02:00+10:00,5,0,5,True,2026-08-08,08:02:00,Low
6,2026-08-08 08:02:00+10:00,1,2,3,True,2026-08-08,08:02:00,Low
29,2026-08-08 08:02:00+10:00,2,1,3,True,2026-08-08,08:02:00,Low
61,2026-08-08 08:02:00+10:00,1,0,1,True,2026-08-08,08:02:00,Low
70,2026-08-08 08:02:00+10:00,1,0,1,True,2026-08-08,08:02:00,Low
181,2026-08-08 08:02:00+10:00,0,1,1,True,2026-08-08,08:02:00,Low
11,2026-08-08 08:02:00+10:00,1,0,1,True,2026-08-08,08:02:00,Low
19,2026-08-08 08:02:00+10:00,1,0,1,True,2026-08-08,08:02:00,Low
4,2026-08-08 08:02:00+10:00,4,2,6,True,2026-08-08,08:02:00,Low
8,2026-08-08 08:02:00+10:00,3,0,3,True,2026-08-08,08:02:00,Low
40,2026-08-08 08:02:00+10:00,0,1,1,True,2026-08-08,08:02:00,Low
69,2026-08-08 08:02:00+10:00,2,2,4,True,2026-08-08,08:02:00,Low
75,2026-08-08 08:02:00+10:00,0,1,1,True,2026-08-08,08:02:00,Low
2,2026-08-08 08:02:00+10:00,0,1,1,True,2026-08-08,08:02:00,Low
9,2026-08-08 08:02:00+10:00,1,0,1,True,2026-08-08,08:02:00,Low
10,2026-08-08 08:02:00+10:00,1,0,1,True,2026-08-08,08:02:00,Low
24,2026-08-08 08:02:00+10:00,2,5,7,True,2026-08-08,08:02:00,Low
51,2026-08-08 08:02:00+10:00,0,1,1,True,2026-08-08,08:02:00,Low
63,2026-08-08 08:02:00+10:00,0,2,2,True,2026-08-08,08:02:00,Low
76,2026-08-08 08:02:00+10:00,1,0,1,True,2026-08-08,08:02:00,Low
61,2026-08-08 08:01:00+10:00,1,5,6,True,2026-08-08,08:01:00,Low
9,2026-08-08 08:01:00+10:00,1,0,1,True,2026-08-08,08:01:00,Low
24,2026-08-08 08:01:00+10:00,5,0,5,True,2026-08-08,08:01:00,Low
35,2026-08-08 08:01:00+10:00,10,5,15,True,2026-08-08,08:01:00,Low
67,2026-08-08 08:01:00+10:00,3,0,3,True,2026-08-08,08:01:00,Low
3,2026-08-08 08:01:00+10:00,3,1,4,True,2026-08-08,08:01:00,Low
40,2026-08-08 08:01:00+10:00,0,1,1,True,2026-08-08,08:01:00,Low
66,2026-08-08 08:01:00+10:00,2,0,2,True,2026-08-08,08:01:00,Low
75,2026-08-08 08:01:00+10:00,0,3,3,True,2026-08-08,08:01:00,Low
11,2026-08-08 08:01:00+10:00,1,0,1,True,2026-08-08,08:01:00,Low
4,2026-08-08 08:01:00+10:00,2,1,3,True,2026-08-08,08:01:00,Low
6,2026-08-08 08:01:00+10:00,0,1,1,True,2026-08-08,08:01:00,Low
8,2026-08-08 08:01:00+10:00,1,3,4,True,2026-08-08,08:01:00,Low
29,2026-08-08 08:01:00+10:00,0,2,2,True,2026-08-08,08:01:00,Low
69,2026-08-08 08:01:00+10:00,1,2,3,True,2026-08-08,08:01:00,Low
71,2026-08-08 08:01:00+10:00,0,1,1,True,2026-08-08,08:01:00,Low
1,2026-08-08 08:01:00+10:00,0,1,1,True,2026-08-08,08:01:00,Low
10,2026-08-08 08:01:00+10:00,1,0,1,True,2026-08-08,08:01:00,Low
12,2026-08-08 08:01:00+10:00,3,2,5,True,2026-08-08,08:01:00,Low
17,2026-08-08 08:01:00+10:00,0,1,1,True,2026-08-08,08:01:00,Low
18,2026-08-08 08:01:00+10:00,1,0,1,True,2026-08-08,08:01:00,Low
53,2026-08-08 08:01:00+10:00,0,1,1,True,2026-08-08,08:01:00,Low
62,2026-08-08 08:01:00+10:00,1,0,1,True,2026-08-08,08:01:00,Low
63,2026-08-08 08:01:00+10:00,1,0,1,True,2026-08-08,08:01:00,Low
76,2026-08-08 08:01:00+10:00,1,0,1,True,2026-08-08,08:01:00,Low
47,2026-08-08 08:00:00+10:00,7,11,18,True,2026-08-08,08:00:00,Low
54,2026-08-08 08:00:00+10:00,0,2,2,True,2026-08-08,08:00:00,Low
61,2026-08-08 08:00:00+10:00,0,2,2,True,2026-08-08,08:00:00,Low
66,2026-08-08 08:00:00+10:00,3,1,4,True,2026-08-08,08:00:00,Low
69,2026-08-08 08:00:00+10:00,1,0,1,True,2026-08-08,08:00:00,Low
70,2026-08-08 08:00:00+10:00,0,1,1,True,2026-08-08,08:00:00,Low
162,2026-08-08 08:00:00+10:00,14,6,20,True,2026-08-08,08:00:00,Low
182,2026-08-08 08:00:00+10:00,4,3,7,True,2026-08-08,08:00:00,Low
185,2026-08-08 08:00:00+10:00,3,9,12,True,2026-08-08,08:00:00,Low
188,2026-08-08 08:00:00+10:00,0,1,1,True,2026-08-08,08:00:00,Low
209,2026-08-08 08:00:00+10:00,3,0,3,True,2026-08-08,08:00:00,Low
24,2026-08-08 08:00:00+10:00,7,3,10,True,2026-08-08,08:00:00,Low
46,2026-08-08 08:00:00+10:00,1,0,1,True,2026-08-08,08:00:00,Low
49,2026-08-08 08:00:00+10:00,3,8,11,True,2026-08-08,08:00:00,Low
85,2026-08-08 08:00:00+10:00,1,1,2,True,2026-08-08,08:00:00,Low
123,2026-08-08 08:00:00+10:00,1,0,1,True,2026-08-08,08:00:00,Low
5,2026-08-08 08:00:00+10:00,9,17,26,True,2026-08-08,08:00:00,Low
8,2026-08-08 08:00:00+10:00,2,2,4,True,2026-08-08,08:00:00,Low
29,2026-08-08 08:00:00+10:00,1,3,4,True,2026-08-08,08:00:00,Low
84,2026-08-08 08:00:00+10:00,18,10,28,True,2026-08-08,08:00:00,Low
87,2026-08-08 08:00:00+10:00,1,0,1,True,2026-08-08,08:00:00,Low
107,2026-08-08 08:00:00+10:00,3,3,6,True,2026-08-08,08:00:00,Low
135,2026-08-08 08:00:00+10:00,9,26,35,True,2026-08-08,08:00:00,Low
140,2026-08-08 08:00:00+10:00,4,2,6,True,2026-08-08,08:00:00,Low
167,2026-08-08 08:00:00+10:00,1,1,2,True,2026-08-08,08:00:00,Low
179,2026-08-08 08:00:00+10:00,5,0,5,True,2026-08-08,08:00:00,Low
181,2026-08-08 08:00:00+10:00,2,1,3,True,2026-08-08,08:00:00,Low
184,2026-08-08 08:00:00+10:00,2,6,8,True,2026-08-08,08:00:00,Low
12,2026-08-08 08:00:00+10:00,2,1,3,True,2026-08-08,08:00:00,Low
17,2026-08-08 08:00:00+10:00,1,0,1,True,2026-08-08,08:00:00,Low
25,2026-08-08 08:00:00+10:00,11,28,39,True,2026-08-08,08:00:00,Low
58,2026-08-08 08:00:00+10:00,16,8,24,True,2026-08-08,08:00:00,Low
67,2026-08-08 08:00:00+10:00,2,2,4,True,2026-08-08,08:00:00,Low
68,2026-08-08 08:00:00+10:00,1,4,5,True,2026-08-08,08:00:00,Low
76,2026-08-08 08:00:00+10:00,1,0,1,True,2026-08-08,08:00:00,Low
79,2026-08-08 08:00:00+10:00,3,0,3,True,2026-08-08,08:00:00,Low
109,2026-08-08 08:00:00+10:00,0,12,12,True,2026-08-08,08:00:00,Low
117,2026-08-08 08:00:00+10:00,3,3,6,True,2026-08-08,08:00:00,Low
130,2026-08-08 08:00:00+10:00,4,1,5,True,2026-08-08,08:00:00,Low
141,2026-08-08 08:00:00+10:00,3,1,4,True,2026-08-08,08:00:00,Low
3,2026-08-08 08:00:00+10:00,2,2,4,True,2026-08-08,08:00:00,Low
4,2026-08-08 08:00:00+10:00,2,1,3,True,2026-08-08,08:00:00,Low
6,2026-08-08 08:00:00+10:00,2,0,2,True,2026-08-08,08:00:00,Low
36,2026-08-08 08:00:00+10:00,0,2,2,True,2026-08-08,08:00:00,Low
37,2026-08-08 08:00:00+10:00,0,3,3,True,2026-08-08,08:00:00,Low
43,2026-08-08 08:00:00+10:00,4,0,4,True,2026-08-08,08:00:00,Low
44,2026-08-08 08:00:00+10:00,1,0,1,True,2026-08-08,08:00:00,Low
45,2026-08-08 08:00:00+10:00,2,15,17,True,2026-08-08,08:00:00,Low
59,2026-08-08 08:00:00+10:00,18,8,26,True,2026-08-08,08:00:00,Low
77,2026-08-08 08:00:00+10:00,5,5,10,True,2026-08-08,08:00:00,Low
118,2026-08-08 08:00:00+10:00,1,0,1,True,2026-08-08,08:00:00,Low
131,2026-08-08 08:00:00+10:00,3,4,7,True,2026-08-08,08:00:00,Low
132,2026-08-08 08:00:00+10:00,8,2,10,True,2026-08-08,08:00:00,Low
133,2026-08-08 08:00:00+10:00,23,23,46,True,2026-08-08,08:00:00,Low
134,2026-08-08 08:00:00+10:00,25,16,41,True,2026-08-08,08:00:00,Low
143,2026-08-08 08:00:00+10:00,10,23,33,True,2026-08-08,08:00:00,Low
165,2026-08-08 08:00:00+10:00,1,2,3,True,2026-08-08,08:00:00,Low
166,2026-08-08 08:00:00+10:00,0,1,1,True,2026-08-08,08:00:00,Low
2,2026-08-08 08:00:00+10:00,1,0,1,True,2026-08-08,08:00:00,Low
10,2026-08-08 08:00:00+10:00,1,0,1,True,2026-08-08,08:00:00,Low
11,2026-08-08 08:00:00+10:00,3,3,6,True,2026-08-08,08:00:00,Low
23,2026-08-08 08:00:00+10:00,5,2,7,True,2026-08-08,08:00:00,Low
27,2026-08-08 08:00:00+10:00,1,3,4,True,2026-08-08,08:00:00,Low
30,2026-08-08 08:00:00+10:00,4,1,5,True,2026-08-08,08:00:00,Low
35,2026-08-08 08:00:00+10:00,6,11,17,True,2026-08-08,08:00:00,Low
48,2026-08-08 08:00:00+10:00,4,4,8,True,2026-08-08,08:00:00,Low
53,2026-08-08 08:00:00+10:00,1,1,2,True,2026-08-08,08:00:00,Low
136,2026-08-08 08:00:00+10:00,2,4,6,True,2026-08-08,08:00:00,Low
137,2026-08-08 08:00:00+10:00,4,1,5,True,2026-08-08,08:00:00,Low
139,2026-08-08 08:00:00+10:00,6,0,6,True,2026-08-08,08:00:00,Low
142,2026-08-08 08:00:00+10:00,29,15,44,True,2026-08-08,08:00:00,Low
161,2026-08-08 08:00:00+10:00,3,8,11,True,2026-08-08,08:00:00,Low
164,2026-08-08 08:00:00+10:00,6,1,7,True,2026-08-08,08:00:00,Low
42,2026-08-08 07:59:00+10:00,1,0,1,True,2026-08-08,07:59:00,Low
50,2026-08-08 07:59:00+10:00,0,1,1,True,2026-08-08,07:59:00,Low
61,2026-08-08 07:59:00+10:00,0,1,1,True,2026-08-08,07:59:00,Low
66,2026-08-08 07:59:00+10:00,0,1,1,True,2026-08-08,07:59:00,Low
70,2026-08-08 07:59:00+10:00,1,0,1,True,2026-08-08,07:59:00,Low
1,2026-08-08 07:59:00+10:00,0,1,1,True,2026-08-08,07:59:00,Low
9,2026-08-08 07:59:00+10:00,1,0,1,True,2026-08-08,07:59:00,Low
24,2026-08-08 07:59:00+10:00,2,4,6,True,2026-08-08,07:59:00,Low
35,2026-08-08 07:59:00+10:00,6,1,7,True,2026-08-08,07:59:00,Low
76,2026-08-08 07:59:00+10:00,1,0,1,True,2026-08-08,07:59:00,Low
79,2026-08-08 07:59:00+10:00,4,0,4,True,2026-08-08,07:59:00,Low
4,2026-08-08 07:59:00+10:00,1,1,2,True,2026-08-08,07:59:00,Low
8,2026-08-08 07:59:00+10:00,2,2,4,True,2026-08-08,07:59:00,Low
14,2026-08-08 07:59:00+10:00,3,0,3,True,2026-08-08,07:59:00,Low
69,2026-08-08 07:59:00+10:00,3,1,4,True,2026-08-08,07:59:00,Low
87,2026-08-08 07:59:00+10:00,1,0,1,True,2026-08-08,07:59:00,Low
17,2026-08-08 07:59:00+10:00,2,0,2,True,2026-08-08,07:59:00,Low
18,2026-08-08 07:59:00+10:00,0,1,1,True,2026-08-08,07:59:00,Low
51,2026-08-08 07:59:00+10:00,1,0,1,True,2026-08-08,07:59:00,Low
53,2026-08-08 07:59:00+10:00,0,2,2,True,2026-08-08,07:59:00,Low
56,2026-08-08 07:59:00+10:00,2,1,3,True,2026-08-08,07:59:00,Low
68,2026-08-08 07:59:00+10:00,3,0,3,True,2026-08-08,07:59:00,Low
180,2026-08-08 07:59:00+10:00,1,0,1,True,2026-08-08,07:59:00,Low
3,2026-08-08 07:59:00+10:00,2,2,4,True,2026-08-08,07:59:00,Low
6,2026-08-08 07:59:00+10:00,0,1,1,True,2026-08-08,07:59:00,Low
29,2026-08-08 07:59:00+10:00,3,0,3,True,2026-08-08,07:59:00,Low
75,2026-08-08 07:59:00+10:00,0,1,1,True,2026-08-08,07:59:00,Low
181,2026-08-08 07:59:00+10:00,3,3,6,True,2026-08-08,07:59:00,Low
209,2026-08-08 07:59:00+10:00,5,0,5,True,2026-08-08,07:59:00,Low
2,2026-08-08 07:59:00+10:00,1,0,1,True,2026-08-08,07:59:00,Low
10,2026-08-08 07:59:00+10:00,0,1,1,True,2026-08-08,07:59:00,Low
11,2026-08-08 07:59:00+10:00,1,0,1,True,2026-08-08,07:59:00,Low
12,2026-08-08 07:59:00+10:00,0,1,1,True,2026-08-08,07:59:00,Low
20,2026-08-08 07:59:00+10:00,4,0,4,True,2026-08-08,07:59:00,Low
67,2026-08-08 07:59:00+10:00,1,1,2,True,2026-08-08,07:59:00,Low
1,2026-08-08 07:58:00+10:00,0,3,3,True,2026-08-08,07:58:00,Low
10,2026-08-08 07:58:00+10:00,1,0,1,True,2026-08-08,07:58:00,Low
11,2026-08-08 07:58:00+10:00,2,1,3,True,2026-08-08,07:58:00,Low
35,2026-08-08 07:58:00+10:00,7,4,11,True,2026-08-08,07:58:00,Low
53,2026-08-08 07:58:00+10:00,1,0,1,True,2026-08-08,07:58:00,Low
79,2026-08-08 07:58:00+10:00,2,0,2,True,2026-08-08,07:58:00,Low
180,2026-08-08 07:58:00+10:00,2,0,2,True,2026-08-08,07:58:00,Low
36,2026-08-08 07:58:00+10:00,3,0,3,True,2026-08-08,07:58:00,Low
8,2026-08-08 07:58:00+10:00,0,2,2,True,2026-08-08,07:58:00,Low
29,2026-08-08 07:58:00+10:00,0,3,3,True,2026-08-08,07:58:00,Low
39,2026-08-08 07:58:00+10:00,0,5,5,True,2026-08-08,07:58:00,Low
66,2026-08-08 07:58:00+10:00,2,2,4,True,2026-08-08,07:58:00,Low
71,2026-08-08 07:58:00+10:00,1,0,1,True,2026-08-08,07:58:00,Low
209,2026-08-08 07:58:00+10:00,2,0,2,True,2026-08-08,07:58:00,Low
2,2026-08-08 07:58:00+10:00,0,3,3,True,2026-08-08,07:58:00,Low
9,2026-08-08 07:58:00+10:00,1,0,1,True,2026-08-08,07:58:00,Low
17,2026-08-08 07:58:00+10:00,0,1,1,True,2026-08-08,07:58:00,Low
51,2026-08-08 07:58:00+10:00,1,1,2,True,2026-08-08,07:58:00,Low
68,2026-08-08 07:58:00+10:00,2,2,4,True,2026-08-08,07:58:00,Low
76,2026-08-08 07:58:00+10:00,1,0,1,True,2026-08-08,07:58:00,Low
3,2026-08-08 07:58:00+10:00,2,2,4,True,2026-08-08,07:58:00,Low
6,2026-08-08 07:58:00+10:00,1,2,3,True,2026-08-08,07:58:00,Low
42,2026-08-08 07:58:00+10:00,1,0,1,True,2026-08-08,07:58:00,Low
61,2026-08-08 07:58:00+10:00,1,0,1,True,2026-08-08,07:58:00,Low
70,2026-08-08 07:58:00+10:00,1,1,2,True,2026-08-08,07:58:00,Low
181,2026-08-08 07:58:00+10:00,0,2,2,True,2026-08-08,07:58:00,Low
24,2026-08-08 07:58:00+10:00,4,1,5,True,2026-08-08,07:58:00,Low
62,2026-08-08 07:58:00+10:00,1,0,1,True,2026-08-08,07:58:00,Low
63,2026-08-08 07:58:00+10:00,2,3,5,True,2026-08-08,07:58:00,Low
67,2026-08-08 07:58:00+10:00,0,2,2,True,2026-08-08,07:58:00,Low
85,2026-08-08 07:58:00+10:00,1,0,1,True,2026-08-08,07:58:00,Low
10,2026-08-08 07:57:00+10:00,1,0,1,True,2026-08-08,07:57:00,Low
11,2026-08-08 07:57:00+10:00,0,1,1,True,2026-08-08,07:57:00,Low
19,2026-08-08 07:57:00+10:00,0,1,1,True,2026-08-08,07:57:00,Low
76,2026-08-08 07:57:00+10:00,1,0,1,True,2026-08-08,07:57:00,Low
180,2026-08-08 07:57:00+10:00,0,2,2,True,2026-08-08,07:57:00,Low
3,2026-08-08 07:57:00+10:00,0,1,1,True,2026-08-08,07:57:00,Low
40,2026-08-08 07:57:00+10:00,0,2,2,True,2026-08-08,07:57:00,Low
4,2026-08-08 07:57:00+10:00,1,1,2,True,2026-08-08,07:57:00,Low
8,2026-08-08 07:57:00+10:00,2,1,3,True,2026-08-08,07:57:00,Low
14,2026-08-08 07:57:00+10:00,1,0,1,True,2026-08-08,07:57:00,Low
39,2026-08-08 07:57:00+10:00,0,2,2,True,2026-08-08,07:57:00,Low
61,2026-08-08 07:57:00+10:00,1,2,3,True,2026-08-08,07:57:00,Low
71,2026-08-08 07:57:00+10:00,1,0,1,True,2026-08-08,07:57:00,Low
87,2026-08-08 07:57:00+10:00,1,0,1,True,2026-08-08,07:57:00,Low
2,2026-08-08 07:57:00+10:00,1,4,5,True,2026-08-08,07:57:00,Low
12,2026-08-08 07:57:00+10:00,0,2,2,True,2026-08-08,07:57:00,Low
24,2026-08-08 07:57:00+10:00,1,1,2,True,2026-08-08,07:57:00,Low
35,2026-08-08 07:57:00+10:00,9,4,13,True,2026-08-08,07:57:00,Low
53,2026-08-08 07:57:00+10:00,2,0,2,True,2026-08-08,07:57:00,Low
56,2026-08-08 07:57:00+10:00,1,0,1,True,2026-08-08,07:57:00,Low
67,2026-08-08 07:57:00+10:00,1,1,2,True,2026-08-08,07:57:00,Low
79,2026-08-08 07:57:00+10:00,1,1,2,True,2026-08-08,07:57:00,Low
86,2026-08-08 07:57:00+10:00,1,0,1,True,2026-08-08,07:57:00,Low
75,2026-08-08 07:57:00+10:00,2,0,2,True,2026-08-08,07:57:00,Low
181,2026-08-08 07:57:00+10:00,1,0,1,True,2026-08-08,07:57:00,Low
209,2026-08-08 07:57:00+10:00,4,0,4,True,2026-08-08,07:57:00,Low
1,2026-08-08 07:57:00+10:00,2,1,3,True,2026-08-08,07:57:00,Low
17,2026-08-08 07:57:00+10:00,1,0,1,True,2026-08-08,07:57:00,Low
18,2026-08-08 07:57:00+10:00,1,0,1,True,2026-08-08,07:57:00,Low
62,2026-08-08 07:57:00+10:00,0,1,1,True,2026-08-08,07:57:00,Low
50,2026-08-08 07:56:00+10:00,2,1,3,True,2026-08-08,07:56:00,Low
209,2026-08-08 07:56:00+10:00,0,2,2,True,2026-08-08,07:56:00,Low
10,2026-08-08 07:56:00+10:00,1,1,2,True,2026-08-08,07:56:00,Low
19,2026-08-08 07:56:00+10:00,1,0,1,True,2026-08-08,07:56:00,Low
56,2026-08-08 07:56:00+10:00,0,1,1,True,2026-08-08,07:56:00,Low
31,2026-08-08 07:56:00+10:00,1,0,1,True,2026-08-08,07:56:00,Low
36,2026-08-08 07:56:00+10:00,1,0,1,True,2026-08-08,07:56:00,Low
61,2026-08-08 07:56:00+10:00,0,1,1,True,2026-08-08,07:56:00,Low
181,2026-08-08 07:56:00+10:00,0,4,4,True,2026-08-08,07:56:00,Low
12,2026-08-08 07:56:00+10:00,1,0,1,True,2026-08-08,07:56:00,Low
24,2026-08-08 07:56:00+10:00,3,7,10,True,2026-08-08,07:56:00,Low
51,2026-08-08 07:56:00+10:00,2,0,2,True,2026-08-08,07:56:00,Low
62,2026-08-08 07:56:00+10:00,1,0,1,True,2026-08-08,07:56:00,Low
67,2026-08-08 07:56:00+10:00,2,1,3,True,2026-08-08,07:56:00,Low
68,2026-08-08 07:56:00+10:00,0,1,1,True,2026-08-08,07:56:00,Low
85,2026-08-08 07:56:00+10:00,0,2,2,True,2026-08-08,07:56:00,Low
86,2026-08-08 07:56:00+10:00,2,0,2,True,2026-08-08,07:56:00,Low
4,2026-08-08 07:56:00+10:00,7,1,8,True,2026-08-08,07:56:00,Low
8,2026-08-08 07:56:00+10:00,0,3,3,True,2026-08-08,07:56:00,Low
29,2026-08-08 07:56:00+10:00,0,5,5,True,2026-08-08,07:56:00,Low
39,2026-08-08 07:56:00+10:00,0,3,3,True,2026-08-08,07:56:00,Low
66,2026-08-08 07:56:00+10:00,0,1,1,True,2026-08-08,07:56:00,Low
9,2026-08-08 07:56:00+10:00,0,1,1,True,2026-08-08,07:56:00,Low
18,2026-08-08 07:56:00+10:00,0,1,1,True,2026-08-08,07:56:00,Low
20,2026-08-08 07:56:00+10:00,0,1,1,True,2026-08-08,07:56:00,Low
35,2026-08-08 07:56:00+10:00,12,10,22,True,2026-08-08,07:56:00,Low
63,2026-08-08 07:56:00+10:00,1,0,1,True,2026-08-08,07:56:00,Low
72,2026-08-08 07:56:00+10:00,0,3,3,True,2026-08-08,07:56:00,Low
123,2026-08-08 07:55:00+10:00,0,4,4,True,2026-08-08,07:55:00,Low
47,2026-08-08 07:55:00+10:00,4,12,16,True,2026-08-08,07:55:00,Low
59,2026-08-08 07:55:00+10:00,9,9,18,True,2026-08-08,07:55:00,Low
134,2026-08-08 07:55:00+10:00,17,12,29,True,2026-08-08,07:55:00,Low
162,2026-08-08 07:55:00+10:00,14,11,25,True,2026-08-08,07:55:00,Low
165,2026-08-08 07:55:00+10:00,0,1,1,True,2026-08-08,07:55:00,Low
1,2026-08-08 07:55:00+10:00,0,2,2,True,2026-08-08,07:55:00,Low
18,2026-08-08 07:55:00+10:00,1,1,2,True,2026-08-08,07:55:00,Low
25,2026-08-08 07:55:00+10:00,7,15,22,True,2026-08-08,07:55:00,Low
35,2026-08-08 07:55:00+10:00,13,3,16,True,2026-08-08,07:55:00,Low
46,2026-08-08 07:55:00+10:00,2,2,4,True,2026-08-08,07:55:00,Low
48,2026-08-08 07:55:00+10:00,3,8,11,True,2026-08-08,07:55:00,Low
49,2026-08-08 07:55:00+10:00,7,8,15,True,2026-08-08,07:55:00,Low
53,2026-08-08 07:55:00+10:00,0,4,4,True,2026-08-08,07:55:00,Low
58,2026-08-08 07:55:00+10:00,16,4,20,True,2026-08-08,07:55:00,Low
72,2026-08-08 07:55:00+10:00,1,0,1,True,2026-08-08,07:55:00,Low
117,2026-08-08 07:55:00+10:00,5,3,8,True,2026-08-08,07:55:00,Low
137,2026-08-08 07:55:00+10:00,1,2,3,True,2026-08-08,07:55:00,Low
142,2026-08-08 07:55:00+10:00,31,15,46,True,2026-08-08,07:55:00,Low
5,2026-08-08 07:55:00+10:00,9,13,22,True,2026-08-08,07:55:00,Low
8,2026-08-08 07:55:00+10:00,3,1,4,True,2026-08-08,07:55:00,Low
21,2026-08-08 07:55:00+10:00,9,0,9,True,2026-08-08,07:55:00,Low
37,2026-08-08 07:55:00+10:00,1,0,1,True,2026-08-08,07:55:00,Low
3,2026-08-08 07:55:00+10:00,0,2,2,True,2026-08-08,07:55:00,Low
4,2026-08-08 07:55:00+10:00,4,1,5,True,2026-08-08,07:55:00,Low
40,2026-08-08 07:55:00+10:00,3,0,3,True,2026-08-08,07:55:00,Low
42,2026-08-08 07:55:00+10:00,2,0,2,True,2026-08-08,07:55:00,Low
50,2026-08-08 07:55:00+10:00,0,1,1,True,2026-08-08,07:55:00,Low
61,2026-08-08 07:55:00+10:00,1,0,1,True,2026-08-08,07:55:00,Low
66,2026-08-08 07:55:00+10:00,0,4,4,True,2026-08-08,07:55:00,Low
75,2026-08-08 07:55:00+10:00,1,0,1,True,2026-08-08,07:55:00,Low
118,2026-08-08 07:55:00+10:00,1,0,1,True,2026-08-08,07:55:00,Low
133,2026-08-08 07:55:00+10:00,16,13,29,True,2026-08-08,07:55:00,Low
135,2026-08-08 07:55:00+10:00,23,14,37,True,2026-08-08,07:55:00,Low
140,2026-08-08 07:55:00+10:00,2,0,2,True,2026-08-08,07:55:00,Low
179,2026-08-08 07:55:00+10:00,1,1,2,True,2026-08-08,07:55:00,Low
181,2026-08-08 07:55:00+10:00,3,3,6,True,2026-08-08,07:55:00,Low
182,2026-08-08 07:55:00+10:00,7,3,10,True,2026-08-08,07:55:00,Low
9,2026-08-08 07:55:00+10:00,0,1,1,True,2026-08-08,07:55:00,Low
12,2026-08-08 07:55:00+10:00,0,3,3,True,2026-08-08,07:55:00,Low
23,2026-08-08 07:55:00+10:00,9,1,10,True,2026-08-08,07:55:00,Low
27,2026-08-08 07:55:00+10:00,2,0,2,True,2026-08-08,07:55:00,Low
67,2026-08-08 07:55:00+10:00,1,1,2,True,2026-08-08,07:55:00,Low
68,2026-08-08 07:55:00+10:00,0,1,1,True,2026-08-08,07:55:00,Low
109,2026-08-08 07:55:00+10:00,4,3,7,True,2026-08-08,07:55:00,Low
130,2026-08-08 07:55:00+10:00,15,1,16,True,2026-08-08,07:55:00,Low
139,2026-08-08 07:55:00+10:00,3,0,3,True,2026-08-08,07:55:00,Low
141,2026-08-08 07:55:00+10:00,2,2,4,True,2026-08-08,07:55:00,Low
161,2026-08-08 07:55:00+10:00,2,6,8,True,2026-08-08,07:55:00,Low
14,2026-08-08 07:55:00+10:00,1,0,1,True,2026-08-08,07:55:00,Low
29,2026-08-08 07:55:00+10:00,1,0,1,True,2026-08-08,07:55:00,Low
43,2026-08-08 07:55:00+10:00,1,0,1,True,2026-08-08,07:55:00,Low
45,2026-08-08 07:55:00+10:00,6,3,9,True,2026-08-08,07:55:00,Low
54,2026-08-08 07:55:00+10:00,4,1,5,True,2026-08-08,07:55:00,Low
69,2026-08-08 07:55:00+10:00,0,1,1,True,2026-08-08,07:55:00,Low
71,2026-08-08 07:55:00+10:00,0,1,1,True,2026-08-08,07:55:00,Low
77,2026-08-08 07:55:00+10:00,9,6,15,True,2026-08-08,07:55:00,Low
84,2026-08-08 07:55:00+10:00,18,12,30,True,2026-08-08,07:55:00,Low
107,2026-08-08 07:55:00+10:00,0,9,9,True,2026-08-08,07:55:00,Low
131,2026-08-08 07:55:00+10:00,1,4,5,True,2026-08-08,07:55:00,Low
132,2026-08-08 07:55:00+10:00,6,1,7,True,2026-08-08,07:55:00,Low
143,2026-08-08 07:55:00+10:00,2,7,9,True,2026-08-08,07:55:00,Low
167,2026-08-08 07:55:00+10:00,1,2,3,True,2026-08-08,07:55:00,Low
184,2026-08-08 07:55:00+10:00,10,10,20,True,2026-08-08,07:55:00,Low
185,2026-08-08 07:55:00+10:00,3,6,9,True,2026-08-08,07:55:00,Low
188,2026-08-08 07:55:00+10:00,0,1,1,True,2026-08-08,07:55:00,Low
209,2026-08-08 07:55:00+10:00,1,1,2,True,2026-08-08,07:55:00,Low
11,2026-08-08 07:55:00+10:00,1,4,5,True,2026-08-08,07:55:00,Low
17,2026-08-08 07:55:00+10:00,0,1,1,True,2026-08-08,07:55:00,Low
24,2026-08-08 07:55:00+10:00,0,2,2,True,2026-08-08,07:55:00,Low
30,2026-08-08 07:55:00+10:00,3,8,11,True,2026-08-08,07:55:00,Low
51,2026-08-08 07:55:00+10:00,1,0,1,True,2026-08-08,07:55:00,Low
56,2026-08-08 07:55:00+10:00,1,0,1,True,2026-08-08,07:55:00,Low
86,2026-08-08 07:55:00+10:00,0,3,3,True,2026-08-08,07:55:00,Low
136,2026-08-08 07:55:00+10:00,2,1,3,True,2026-08-08,07:55:00,Low
164,2026-08-08 07:55:00+10:00,4,1,5,True,2026-08-08,07:55:00,Low
180,2026-08-08 07:55:00+10:00,1,1,2,True,2026-08-08,07:55:00,Low
53,2026-08-08 07:54:00+10:00,3,0,3,True,2026-08-08,07:54:00,Low
56,2026-08-08 07:54:00+10:00,3,0,3,True,2026-08-08,07:54:00,Low
72,2026-08-08 07:54:00+10:00,0,2,2,True,2026-08-08,07:54:00,Low
85,2026-08-08 07:54:00+10:00,1,0,1,True,2026-08-08,07:54:00,Low
31,2026-08-08 07:54:00+10:00,1,0,1,True,2026-08-08,07:54:00,Low
66,2026-08-08 07:54:00+10:00,0,1,1,True,2026-08-08,07:54:00,Low
69,2026-08-08 07:54:00+10:00,0,1,1,True,2026-08-08,07:54:00,Low
181,2026-08-08 07:54:00+10:00,0,4,4,True,2026-08-08,07:54:00,Low
209,2026-08-08 07:54:00+10:00,2,0,2,True,2026-08-08,07:54:00,Low
1,2026-08-08 07:54:00+10:00,0,1,1,True,2026-08-08,07:54:00,Low
12,2026-08-08 07:54:00+10:00,1,1,2,True,2026-08-08,07:54:00,Low
35,2026-08-08 07:54:00+10:00,3,7,10,True,2026-08-08,07:54:00,Low
180,2026-08-08 07:54:00+10:00,1,0,1,True,2026-08-08,07:54:00,Low
3,2026-08-08 07:54:00+10:00,2,0,2,True,2026-08-08,07:54:00,Low
4,2026-08-08 07:54:00+10:00,3,1,4,True,2026-08-08,07:54:00,Low
14,2026-08-08 07:54:00+10:00,1,2,3,True,2026-08-08,07:54:00,Low
36,2026-08-08 07:54:00+10:00,1,0,1,True,2026-08-08,07:54:00,Low
75,2026-08-08 07:54:00+10:00,0,1,1,True,2026-08-08,07:54:00,Low
2,2026-08-08 07:54:00+10:00,0,2,2,True,2026-08-08,07:54:00,Low
9,2026-08-08 07:54:00+10:00,0,1,1,True,2026-08-08,07:54:00,Low
11,2026-08-08 07:54:00+10:00,1,0,1,True,2026-08-08,07:54:00,Low
17,2026-08-08 07:54:00+10:00,0,1,1,True,2026-08-08,07:54:00,Low
24,2026-08-08 07:54:00+10:00,2,4,6,True,2026-08-08,07:54:00,Low
67,2026-08-08 07:54:00+10:00,1,5,6,True,2026-08-08,07:54:00,Low
68,2026-08-08 07:54:00+10:00,0,1,1,True,2026-08-08,07:54:00,Low
76,2026-08-08 07:54:00+10:00,1,0,1,True,2026-08-08,07:54:00,Low
86,2026-08-08 07:54:00+10:00,1,0,1,True,2026-08-08,07:54:00,Low
8,2026-08-08 07:54:00+10:00,1,3,4,True,2026-08-08,07:54:00,Low
29,2026-08-08 07:54:00+10:00,6,0,6,True,2026-08-08,07:54:00,Low
40,2026-08-08 07:54:00+10:00,0,1,1,True,2026-08-08,07:54:00,Low
69,2026-08-08 07:53:00+10:00,2,0,2,True,2026-08-08,07:53:00,Low
70,2026-08-08 07:53:00+10:00,0,1,1,True,2026-08-08,07:53:00,Low
71,2026-08-08 07:53:00+10:00,2,0,2,True,2026-08-08,07:53:00,Low
75,2026-08-08 07:53:00+10:00,0,1,1,True,2026-08-08,07:53:00,Low
9,2026-08-08 07:53:00+10:00,0,2,2,True,2026-08-08,07:53:00,Low
68,2026-08-08 07:53:00+10:00,2,0,2,True,2026-08-08,07:53:00,Low
3,2026-08-08 07:53:00+10:00,2,0,2,True,2026-08-08,07:53:00,Low
6,2026-08-08 07:53:00+10:00,0,2,2,True,2026-08-08,07:53:00,Low
40,2026-08-08 07:53:00+10:00,1,0,1,True,2026-08-08,07:53:00,Low
42,2026-08-08 07:53:00+10:00,0,1,1,True,2026-08-08,07:53:00,Low
181,2026-08-08 07:53:00+10:00,0,4,4,True,2026-08-08,07:53:00,Low
12,2026-08-08 07:53:00+10:00,1,0,1,True,2026-08-08,07:53:00,Low
24,2026-08-08 07:53:00+10:00,8,0,8,True,2026-08-08,07:53:00,Low
35,2026-08-08 07:53:00+10:00,6,4,10,True,2026-08-08,07:53:00,Low
67,2026-08-08 07:53:00+10:00,3,1,4,True,2026-08-08,07:53:00,Low
4,2026-08-08 07:53:00+10:00,4,1,5,True,2026-08-08,07:53:00,Low
10,2026-08-08 07:53:00+10:00,0,1,1,True,2026-08-08,07:53:00,Low
17,2026-08-08 07:53:00+10:00,1,0,1,True,2026-08-08,07:53:00,Low
53,2026-08-08 07:53:00+10:00,1,1,2,True,2026-08-08,07:53:00,Low
56,2026-08-08 07:53:00+10:00,1,1,2,True,2026-08-08,07:53:00,Low
63,2026-08-08 07:53:00+10:00,3,0,3,True,2026-08-08,07:53:00,Low
14,2026-08-08 07:53:00+10:00,1,0,1,True,2026-08-08,07:53:00,Low
29,2026-08-08 07:53:00+10:00,0,1,1,True,2026-08-08,07:53:00,Low
50,2026-08-08 07:53:00+10:00,0,1,1,True,2026-08-08,07:53:00,Low
87,2026-08-08 07:52:00+10:00,0,1,1,True,2026-08-08,07:52:00,Low
209,2026-08-08 07:52:00+10:00,2,3,5,True,2026-08-08,07:52:00,Low
9,2026-08-08 07:52:00+10:00,0,2,2,True,2026-08-08,07:52:00,Low
11,2026-08-08 07:52:00+10:00,1,0,1,True,2026-08-08,07:52:00,Low
17,2026-08-08 07:52:00+10:00,0,1,1,True,2026-08-08,07:52:00,Low
53,2026-08-08 07:52:00+10:00,3,8,11,True,2026-08-08,07:52:00,Low
56,2026-08-08 07:52:00+10:00,2,0,2,True,2026-08-08,07:52:00,Low
67,2026-08-08 07:52:00+10:00,1,1,2,True,2026-08-08,07:52:00,Low
79,2026-08-08 07:52:00+10:00,3,1,4,True,2026-08-08,07:52:00,Low
180,2026-08-08 07:52:00+10:00,1,1,2,True,2026-08-08,07:52:00,Low
29,2026-08-08 07:52:00+10:00,0,3,3,True,2026-08-08,07:52:00,Low
61,2026-08-08 07:52:00+10:00,1,0,1,True,2026-08-08,07:52:00,Low
66,2026-08-08 07:52:00+10:00,1,1,2,True,2026-08-08,07:52:00,Low
181,2026-08-08 07:52:00+10:00,0,4,4,True,2026-08-08,07:52:00,Low
18,2026-08-08 07:52:00+10:00,1,0,1,True,2026-08-08,07:52:00,Low
35,2026-08-08 07:52:00+10:00,8,7,15,True,2026-08-08,07:52:00,Low
42,2026-08-08 07:52:00+10:00,0,1,1,True,2026-08-08,07:52:00,Low
50,2026-08-08 07:52:00+10:00,2,0,2,True,2026-08-08,07:52:00,Low
1,2026-08-08 07:52:00+10:00,0,1,1,True,2026-08-08,07:52:00,Low
12,2026-08-08 07:52:00+10:00,1,0,1,True,2026-08-08,07:52:00,Low
24,2026-08-08 07:52:00+10:00,3,0,3,True,2026-08-08,07:52:00,Low
63,2026-08-08 07:52:00+10:00,0,1,1,True,2026-08-08,07:52:00,Low
86,2026-08-08 07:52:00+10:00,2,0,2,True,2026-08-08,07:52:00,Low
3,2026-08-08 07:52:00+10:00,1,0,1,True,2026-08-08,07:52:00,Low
4,2026-08-08 07:52:00+10:00,7,0,7,True,2026-08-08,07:52:00,Low
75,2026-08-08 07:51:00+10:00,1,0,1,True,2026-08-08,07:51:00,Low
2,2026-08-08 07:51:00+10:00,1,1,2,True,2026-08-08,07:51:00,Low
10,2026-08-08 07:51:00+10:00,0,1,1,True,2026-08-08,07:51:00,Low
12,2026-08-08 07:51:00+10:00,1,0,1,True,2026-08-08,07:51:00,Low
76,2026-08-08 07:51:00+10:00,0,1,1,True,2026-08-08,07:51:00,Low
70,2026-08-08 07:51:00+10:00,3,0,3,True,2026-08-08,07:51:00,Low
181,2026-08-08 07:51:00+10:00,2,5,7,True,2026-08-08,07:51:00,Low
209,2026-08-08 07:51:00+10:00,2,3,5,True,2026-08-08,07:51:00,Low
17,2026-08-08 07:51:00+10:00,1,0,1,True,2026-08-08,07:51:00,Low
24,2026-08-08 07:51:00+10:00,2,0,2,True,2026-08-08,07:51:00,Low
53,2026-08-08 07:51:00+10:00,1,1,2,True,2026-08-08,07:51:00,Low
62,2026-08-08 07:51:00+10:00,0,1,1,True,2026-08-08,07:51:00,Low
63,2026-08-08 07:51:00+10:00,0,1,1,True,2026-08-08,07:51:00,Low
85,2026-08-08 07:51:00+10:00,1,0,1,True,2026-08-08,07:51:00,Low
180,2026-08-08 07:51:00+10:00,2,0,2,True,2026-08-08,07:51:00,Low
6,2026-08-08 07:51:00+10:00,1,0,1,True,2026-08-08,07:51:00,Low
36,2026-08-08 07:51:00+10:00,1,0,1,True,2026-08-08,07:51:00,Low
40,2026-08-08 07:51:00+10:00,3,1,4,True,2026-08-08,07:51:00,Low
69,2026-08-08 07:51:00+10:00,0,1,1,True,2026-08-08,07:51:00,Low
71,2026-08-08 07:51:00+10:00,0,1,1,True,2026-08-08,07:51:00,Low
35,2026-08-08 07:51:00+10:00,2,2,4,True,2026-08-08,07:51:00,Low
67,2026-08-08 07:51:00+10:00,3,2,5,True,2026-08-08,07:51:00,Low
72,2026-08-08 07:51:00+10:00,2,0,2,True,2026-08-08,07:51:00,Low
4,2026-08-08 07:51:00+10:00,2,1,3,True,2026-08-08,07:51:00,Low
75,2026-08-08 07:50:00+10:00,1,0,1,True,2026-08-08,07:50:00,Low
77,2026-08-08 07:50:00+10:00,11,4,15,True,2026-08-08,07:50:00,Low
134,2026-08-08 07:50:00+10:00,5,25,30,True,2026-08-08,07:50:00,Low
135,2026-08-08 07:50:00+10:00,0,11,11,True,2026-08-08,07:50:00,Low
143,2026-08-08 07:50:00+10:00,3,18,21,True,2026-08-08,07:50:00,Low
182,2026-08-08 07:50:00+10:00,7,10,17,True,2026-08-08,07:50:00,Low
184,2026-08-08 07:50:00+10:00,7,5,12,True,2026-08-08,07:50:00,Low
17,2026-08-08 07:50:00+10:00,2,0,2,True,2026-08-08,07:50:00,Low
20,2026-08-08 07:50:00+10:00,0,1,1,True,2026-08-08,07:50:00,Low
24,2026-08-08 07:50:00+10:00,1,4,5,True,2026-08-08,07:50:00,Low
27,2026-08-08 07:50:00+10:00,6,5,11,True,2026-08-08,07:50:00,Low
35,2026-08-08 07:50:00+10:00,1,2,3,True,2026-08-08,07:50:00,Low
56,2026-08-08 07:50:00+10:00,0,1,1,True,2026-08-08,07:50:00,Low
67,2026-08-08 07:50:00+10:00,2,0,2,True,2026-08-08,07:50:00,Low
117,2026-08-08 07:50:00+10:00,2,1,3,True,2026-08-08,07:50:00,Low
139,2026-08-08 07:50:00+10:00,0,3,3,True,2026-08-08,07:50:00,Low
164,2026-08-08 07:50:00+10:00,5,3,8,True,2026-08-08,07:50:00,Low
5,2026-08-08 07:50:00+10:00,17,13,30,True,2026-08-08,07:50:00,Low
6,2026-08-08 07:50:00+10:00,0,2,2,True,2026-08-08,07:50:00,Low
8,2026-08-08 07:50:00+10:00,1,2,3,True,2026-08-08,07:50:00,Low
14,2026-08-08 07:50:00+10:00,0,1,1,True,2026-08-08,07:50:00,Low
36,2026-08-08 07:50:00+10:00,0,2,2,True,2026-08-08,07:50:00,Low
47,2026-08-08 07:50:00+10:00,4,8,12,True,2026-08-08,07:50:00,Low
70,2026-08-08 07:50:00+10:00,0,1,1,True,2026-08-08,07:50:00,Low
107,2026-08-08 07:50:00+10:00,4,3,7,True,2026-08-08,07:50:00,Low
132,2026-08-08 07:50:00+10:00,8,5,13,True,2026-08-08,07:50:00,Low
140,2026-08-08 07:50:00+10:00,4,0,4,True,2026-08-08,07:50:00,Low
162,2026-08-08 07:50:00+10:00,12,4,16,True,2026-08-08,07:50:00,Low
179,2026-08-08 07:50:00+10:00,0,2,2,True,2026-08-08,07:50:00,Low
185,2026-08-08 07:50:00+10:00,4,4,8,True,2026-08-08,07:50:00,Low
11,2026-08-08 07:50:00+10:00,2,2,4,True,2026-08-08,07:50:00,Low
19,2026-08-08 07:50:00+10:00,0,3,3,True,2026-08-08,07:50:00,Low
23,2026-08-08 07:50:00+10:00,4,3,7,True,2026-08-08,07:50:00,Low
25,2026-08-08 07:50:00+10:00,15,30,45,True,2026-08-08,07:50:00,Low
51,2026-08-08 07:50:00+10:00,0,3,3,True,2026-08-08,07:50:00,Low
63,2026-08-08 07:50:00+10:00,2,0,2,True,2026-08-08,07:50:00,Low
79,2026-08-08 07:50:00+10:00,0,1,1,True,2026-08-08,07:50:00,Low
141,2026-08-08 07:50:00+10:00,3,6,9,True,2026-08-08,07:50:00,Low
180,2026-08-08 07:50:00+10:00,2,0,2,True,2026-08-08,07:50:00,Low
29,2026-08-08 07:50:00+10:00,2,1,3,True,2026-08-08,07:50:00,Low
43,2026-08-08 07:50:00+10:00,3,0,3,True,2026-08-08,07:50:00,Low
54,2026-08-08 07:50:00+10:00,2,3,5,True,2026-08-08,07:50:00,Low
59,2026-08-08 07:50:00+10:00,7,5,12,True,2026-08-08,07:50:00,Low
61,2026-08-08 07:50:00+10:00,0,1,1,True,2026-08-08,07:50:00,Low
66,2026-08-08 07:50:00+10:00,1,5,6,True,2026-08-08,07:50:00,Low
84,2026-08-08 07:50:00+10:00,16,13,29,True,2026-08-08,07:50:00,Low
131,2026-08-08 07:50:00+10:00,1,0,1,True,2026-08-08,07:50:00,Low
133,2026-08-08 07:50:00+10:00,15,24,39,True,2026-08-08,07:50:00,Low
165,2026-08-08 07:50:00+10:00,0,1,1,True,2026-08-08,07:50:00,Low
167,2026-08-08 07:50:00+10:00,2,2,4,True,2026-08-08,07:50:00,Low
181,2026-08-08 07:50:00+10:00,2,2,4,True,2026-08-08,07:50:00,Low
188,2026-08-08 07:50:00+10:00,0,1,1,True,2026-08-08,07:50:00,Low
209,2026-08-08 07:50:00+10:00,1,2,3,True,2026-08-08,07:50:00,Low
1,2026-08-08 07:50:00+10:00,1,0,1,True,2026-08-08,07:50:00,Low
2,2026-08-08 07:50:00+10:00,1,0,1,True,2026-08-08,07:50:00,Low
30,2026-08-08 07:50:00+10:00,4,3,7,True,2026-08-08,07:50:00,Low
46,2026-08-08 07:50:00+10:00,1,0,1,True,2026-08-08,07:50:00,Low
48,2026-08-08 07:50:00+10:00,5,3,8,True,2026-08-08,07:50:00,Low
49,2026-08-08 07:50:00+10:00,1,1,2,True,2026-08-08,07:50:00,Low
53,2026-08-08 07:50:00+10:00,3,0,3,True,2026-08-08,07:50:00,Low
58,2026-08-08 07:50:00+10:00,21,5,26,True,2026-08-08,07:50:00,Low
62,2026-08-08 07:50:00+10:00,1,0,1,True,2026-08-08,07:50:00,Low
68,2026-08-08 07:50:00+10:00,0,1,1,True,2026-08-08,07:50:00,Low
109,2026-08-08 07:50:00+10:00,4,1,5,True,2026-08-08,07:50:00,Low
123,2026-08-08 07:50:00+10:00,1,0,1,True,2026-08-08,07:50:00,Low
130,2026-08-08 07:50:00+10:00,13,1,14,True,2026-08-08,07:50:00,Low
136,2026-08-08 07:50:00+10:00,6,4,10,True,2026-08-08,07:50:00,Low
137,2026-08-08 07:50:00+10:00,2,1,3,True,2026-08-08,07:50:00,Low
142,2026-08-08 07:50:00+10:00,23,12,35,True,2026-08-08,07:50:00,Low
161,2026-08-08 07:50:00+10:00,11,7,18,True,2026-08-08,07:50:00,Low
3,2026-08-08 07:50:00+10:00,1,2,3,True,2026-08-08,07:50:00,Low
4,2026-08-08 07:50:00+10:00,0,4,4,True,2026-08-08,07:50:00,Low
21,2026-08-08 07:50:00+10:00,4,0,4,True,2026-08-08,07:50:00,Low
37,2026-08-08 07:50:00+10:00,3,1,4,True,2026-08-08,07:50:00,Low
45,2026-08-08 07:50:00+10:00,5,6,11,True,2026-08-08,07:50:00,Low
50,2026-08-08 07:50:00+10:00,0,2,2,True,2026-08-08,07:50:00,Low
66,2026-08-08 07:49:00+10:00,0,2,2,True,2026-08-08,07:49:00,Low
1,2026-08-08 07:49:00+10:00,3,4,7,True,2026-08-08,07:49:00,Low
12,2026-08-08 07:49:00+10:00,3,1,4,True,2026-08-08,07:49:00,Low
19,2026-08-08 07:49:00+10:00,0,1,1,True,2026-08-08,07:49:00,Low
14,2026-08-08 07:49:00+10:00,1,0,1,True,2026-08-08,07:49:00,Low
39,2026-08-08 07:49:00+10:00,1,0,1,True,2026-08-08,07:49:00,Low
69,2026-08-08 07:49:00+10:00,1,0,1,True,2026-08-08,07:49:00,Low
181,2026-08-08 07:49:00+10:00,0,1,1,True,2026-08-08,07:49:00,Low
209,2026-08-08 07:49:00+10:00,1,2,3,True,2026-08-08,07:49:00,Low
2,2026-08-08 07:49:00+10:00,0,3,3,True,2026-08-08,07:49:00,Low
9,2026-08-08 07:49:00+10:00,1,0,1,True,2026-08-08,07:49:00,Low
11,2026-08-08 07:49:00+10:00,0,2,2,True,2026-08-08,07:49:00,Low
35,2026-08-08 07:49:00+10:00,8,7,15,True,2026-08-08,07:49:00,Low
6,2026-08-08 07:49:00+10:00,1,2,3,True,2026-08-08,07:49:00,Low
8,2026-08-08 07:49:00+10:00,1,1,2,True,2026-08-08,07:49:00,Low
29,2026-08-08 07:49:00+10:00,0,2,2,True,2026-08-08,07:49:00,Low
36,2026-08-08 07:49:00+10:00,0,1,1,True,2026-08-08,07:49:00,Low
17,2026-08-08 07:49:00+10:00,0,1,1,True,2026-08-08,07:49:00,Low
24,2026-08-08 07:49:00+10:00,4,0,4,True,2026-08-08,07:49:00,Low
56,2026-08-08 07:49:00+10:00,0,1,1,True,2026-08-08,07:49:00,Low
62,2026-08-08 07:49:00+10:00,3,0,3,True,2026-08-08,07:49:00,Low
63,2026-08-08 07:49:00+10:00,1,0,1,True,2026-08-08,07:49:00,Low
67,2026-08-08 07:49:00+10:00,0,2,2,True,2026-08-08,07:49:00,Low
68,2026-08-08 07:49:00+10:00,1,2,3,True,2026-08-08,07:49:00,Low
76,2026-08-08 07:49:00+10:00,1,0,1,True,2026-08-08,07:49:00,Low
85,2026-08-08 07:49:00+10:00,2,0,2,True,2026-08-08,07:49:00,Low
180,2026-08-08 07:49:00+10:00,2,0,2,True,2026-08-08,07:49:00,Low
3,2026-08-08 07:49:00+10:00,0,3,3,True,2026-08-08,07:49:00,Low
87,2026-08-08 07:48:00+10:00,1,0,1,True,2026-08-08,07:48:00,Low
181,2026-08-08 07:48:00+10:00,0,1,1,True,2026-08-08,07:48:00,Low
9,2026-08-08 07:48:00+10:00,2,1,3,True,2026-08-08,07:48:00,Low
20,2026-08-08 07:48:00+10:00,0,1,1,True,2026-08-08,07:48:00,Low
24,2026-08-08 07:48:00+10:00,3,0,3,True,2026-08-08,07:48:00,Low
51,2026-08-08 07:48:00+10:00,0,1,1,True,2026-08-08,07:48:00,Low
63,2026-08-08 07:48:00+10:00,3,1,4,True,2026-08-08,07:48:00,Low
67,2026-08-08 07:48:00+10:00,3,1,4,True,2026-08-08,07:48:00,Low
76,2026-08-08 07:48:00+10:00,1,0,1,True,2026-08-08,07:48:00,Low
3,2026-08-08 07:48:00+10:00,0,2,2,True,2026-08-08,07:48:00,Low
4,2026-08-08 07:48:00+10:00,1,2,3,True,2026-08-08,07:48:00,Low
6,2026-08-08 07:48:00+10:00,0,2,2,True,2026-08-08,07:48:00,Low
29,2026-08-08 07:48:00+10:00,2,1,3,True,2026-08-08,07:48:00,Low
61,2026-08-08 07:48:00+10:00,0,1,1,True,2026-08-08,07:48:00,Low
66,2026-08-08 07:48:00+10:00,0,3,3,True,2026-08-08,07:48:00,Low
70,2026-08-08 07:48:00+10:00,0,1,1,True,2026-08-08,07:48:00,Low
75,2026-08-08 07:48:00+10:00,1,0,1,True,2026-08-08,07:48:00,Low
19,2026-08-08 07:48:00+10:00,1,0,1,True,2026-08-08,07:48:00,Low
62,2026-08-08 07:48:00+10:00,1,0,1,True,2026-08-08,07:48:00,Low
209,2026-08-08 07:48:00+10:00,0,1,1,True,2026-08-08,07:48:00,Low
1,2026-08-08 07:48:00+10:00,3,0,3,True,2026-08-08,07:48:00,Low
2,2026-08-08 07:48:00+10:00,1,0,1,True,2026-08-08,07:48:00,Low
35,2026-08-08 07:48:00+10:00,7,4,11,True,2026-08-08,07:48:00,Low
56,2026-08-08 07:48:00+10:00,1,1,2,True,2026-08-08,07:48:00,Low
72,2026-08-08 07:48:00+10:00,3,0,3,True,2026-08-08,07:48:00,Low
8,2026-08-08 07:48:00+10:00,1,1,2,True,2026-08-08,07:48:00,Low
36,2026-08-08 07:48:00+10:00,0,3,3,True,2026-08-08,07:48:00,Low
9,2026-08-08 07:47:00+10:00,0,2,2,True,2026-08-08,07:47:00,Low
35,2026-08-08 07:47:00+10:00,10,1,11,True,2026-08-08,07:47:00,Low
53,2026-08-08 07:47:00+10:00,0,4,4,True,2026-08-08,07:47:00,Low
68,2026-08-08 07:47:00+10:00,4,1,5,True,2026-08-08,07:47:00,Low
3,2026-08-08 07:47:00+10:00,1,1,2,True,2026-08-08,07:47:00,Low
61,2026-08-08 07:47:00+10:00,0,1,1,True,2026-08-08,07:47:00,Low
181,2026-08-08 07:47:00+10:00,0,1,1,True,2026-08-08,07:47:00,Low
2,2026-08-08 07:47:00+10:00,2,3,5,True,2026-08-08,07:47:00,Low
18,2026-08-08 07:47:00+10:00,0,1,1,True,2026-08-08,07:47:00,Low
52,2026-08-08 07:47:00+10:00,2,0,2,True,2026-08-08,07:47:00,Low
63,2026-08-08 07:47:00+10:00,0,2,2,True,2026-08-08,07:47:00,Low
76,2026-08-08 07:47:00+10:00,1,0,1,True,2026-08-08,07:47:00,Low
79,2026-08-08 07:47:00+10:00,0,3,3,True,2026-08-08,07:47:00,Low
29,2026-08-08 07:47:00+10:00,0,1,1,True,2026-08-08,07:47:00,Low
40,2026-08-08 07:47:00+10:00,0,1,1,True,2026-08-08,07:47:00,Low
70,2026-08-08 07:47:00+10:00,1,2,3,True,2026-08-08,07:47:00,Low
209,2026-08-08 07:47:00+10:00,5,1,6,True,2026-08-08,07:47:00,Low
1,2026-08-08 07:47:00+10:00,1,0,1,True,2026-08-08,07:47:00,Low
12,2026-08-08 07:47:00+10:00,0,2,2,True,2026-08-08,07:47:00,Low
20,2026-08-08 07:47:00+10:00,0,1,1,True,2026-08-08,07:47:00,Low
24,2026-08-08 07:47:00+10:00,2,6,8,True,2026-08-08,07:47:00,Low
62,2026-08-08 07:47:00+10:00,2,0,2,True,2026-08-08,07:47:00,Low
86,2026-08-08 07:47:00+10:00,2,1,3,True,2026-08-08,07:47:00,Low
180,2026-08-08 07:47:00+10:00,1,0,1,True,2026-08-08,07:47:00,Low
187,2026-08-08 07:47:00+10:00,2,2,4,True,2026-08-08,07:47:00,Low
4,2026-08-08 07:47:00+10:00,1,1,2,True,2026-08-08,07:47:00,Low
6,2026-08-08 07:47:00+10:00,0,3,3,True,2026-08-08,07:47:00,Low
42,2026-08-08 07:47:00+10:00,1,0,1,True,2026-08-08,07:47:00,Low
66,2026-08-08 07:46:00+10:00,0,1,1,True,2026-08-08,07:46:00,Low
69,2026-08-08 07:46:00+10:00,2,0,2,True,2026-08-08,07:46:00,Low
181,2026-08-08 07:46:00+10:00,2,3,5,True,2026-08-08,07:46:00,Low
209,2026-08-08 07:46:00+10:00,0,1,1,True,2026-08-08,07:46:00,Low
12,2026-08-08 07:46:00+10:00,1,3,4,True,2026-08-08,07:46:00,Low
17,2026-08-08 07:46:00+10:00,0,1,1,True,2026-08-08,07:46:00,Low
19,2026-08-08 07:46:00+10:00,0,2,2,True,2026-08-08,07:46:00,Low
63,2026-08-08 07:46:00+10:00,1,2,3,True,2026-08-08,07:46:00,Low
67,2026-08-08 07:46:00+10:00,2,2,4,True,2026-08-08,07:46:00,Low
79,2026-08-08 07:46:00+10:00,1,0,1,True,2026-08-08,07:46:00,Low
3,2026-08-08 07:46:00+10:00,0,1,1,True,2026-08-08,07:46:00,Low
8,2026-08-08 07:46:00+10:00,0,2,2,True,2026-08-08,07:46:00,Low
36,2026-08-08 07:46:00+10:00,3,5,8,True,2026-08-08,07:46:00,Low
35,2026-08-08 07:46:00+10:00,7,8,15,True,2026-08-08,07:46:00,Low
62,2026-08-08 07:46:00+10:00,2,0,2,True,2026-08-08,07:46:00,Low
72,2026-08-08 07:46:00+10:00,2,1,3,True,2026-08-08,07:46:00,Low
2,2026-08-08 07:46:00+10:00,0,1,1,True,2026-08-08,07:46:00,Low
9,2026-08-08 07:46:00+10:00,0,3,3,True,2026-08-08,07:46:00,Low
24,2026-08-08 07:46:00+10:00,5,2,7,True,2026-08-08,07:46:00,Low
51,2026-08-08 07:46:00+10:00,1,0,1,True,2026-08-08,07:46:00,Low
53,2026-08-08 07:46:00+10:00,0,1,1,True,2026-08-08,07:46:00,Low
76,2026-08-08 07:46:00+10:00,0,2,2,True,2026-08-08,07:46:00,Low
86,2026-08-08 07:46:00+10:00,1,0,1,True,2026-08-08,07:46:00,Low
180,2026-08-08 07:46:00+10:00,1,0,1,True,2026-08-08,07:46:00,Low
4,2026-08-08 07:46:00+10:00,6,1,7,True,2026-08-08,07:46:00,Low
14,2026-08-08 07:46:00+10:00,0,1,1,True,2026-08-08,07:46:00,Low
29,2026-08-08 07:46:00+10:00,0,2,2,True,2026-08-08,07:46:00,Low
39,2026-08-08 07:46:00+10:00,0,1,1,True,2026-08-08,07:46:00,Low
40,2026-08-08 07:46:00+10:00,0,3,3,True,2026-08-08,07:46:00,Low
61,2026-08-08 07:46:00+10:00,1,1,2,True,2026-08-08,07:46:00,Low
70,2026-08-08 07:45:00+10:00,2,1,3,True,2026-08-08,07:45:00,Low
77,2026-08-08 07:45:00+10:00,0,1,1,True,2026-08-08,07:45:00,Low
131,2026-08-08 07:45:00+10:00,1,4,5,True,2026-08-08,07:45:00,Low
132,2026-08-08 07:45:00+10:00,0,6,6,True,2026-08-08,07:45:00,Low
133,2026-08-08 07:45:00+10:00,19,17,36,True,2026-08-08,07:45:00,Low
140,2026-08-08 07:45:00+10:00,7,1,8,True,2026-08-08,07:45:00,Low
167,2026-08-08 07:45:00+10:00,0,6,6,True,2026-08-08,07:45:00,Low
179,2026-08-08 07:45:00+10:00,3,1,4,True,2026-08-08,07:45:00,Low
181,2026-08-08 07:45:00+10:00,1,1,2,True,2026-08-08,07:45:00,Low
188,2026-08-08 07:45:00+10:00,0,1,1,True,2026-08-08,07:45:00,Low
17,2026-08-08 07:45:00+10:00,5,0,5,True,2026-08-08,07:45:00,Low
19,2026-08-08 07:45:00+10:00,0,1,1,True,2026-08-08,07:45:00,Low
24,2026-08-08 07:45:00+10:00,8,4,12,True,2026-08-08,07:45:00,Low
30,2026-08-08 07:45:00+10:00,6,7,13,True,2026-08-08,07:45:00,Low
51,2026-08-08 07:45:00+10:00,0,1,1,True,2026-08-08,07:45:00,Low
79,2026-08-08 07:45:00+10:00,1,0,1,True,2026-08-08,07:45:00,Low
109,2026-08-08 07:45:00+10:00,3,4,7,True,2026-08-08,07:45:00,Low
139,2026-08-08 07:45:00+10:00,3,0,3,True,2026-08-08,07:45:00,Low
141,2026-08-08 07:45:00+10:00,0,4,4,True,2026-08-08,07:45:00,Low
161,2026-08-08 07:45:00+10:00,3,4,7,True,2026-08-08,07:45:00,Low
164,2026-08-08 07:45:00+10:00,4,8,12,True,2026-08-08,07:45:00,Low
3,2026-08-08 07:45:00+10:00,0,1,1,True,2026-08-08,07:45:00,Low
37,2026-08-08 07:45:00+10:00,0,1,1,True,2026-08-08,07:45:00,Low
45,2026-08-08 07:45:00+10:00,8,7,15,True,2026-08-08,07:45:00,Low
47,2026-08-08 07:45:00+10:00,4,12,16,True,2026-08-08,07:45:00,Low
54,2026-08-08 07:45:00+10:00,1,0,1,True,2026-08-08,07:45:00,Low
66,2026-08-08 07:45:00+10:00,0,1,1,True,2026-08-08,07:45:00,Low
75,2026-08-08 07:45:00+10:00,1,0,1,True,2026-08-08,07:45:00,Low
107,2026-08-08 07:45:00+10:00,5,8,13,True,2026-08-08,07:45:00,Low
135,2026-08-08 07:45:00+10:00,7,8,15,True,2026-08-08,07:45:00,Low
143,2026-08-08 07:45:00+10:00,1,9,10,True,2026-08-08,07:45:00,Low
184,2026-08-08 07:45:00+10:00,3,4,7,True,2026-08-08,07:45:00,Low
185,2026-08-08 07:45:00+10:00,3,6,9,True,2026-08-08,07:45:00,Low
209,2026-08-08 07:45:00+10:00,2,0,2,True,2026-08-08,07:45:00,Low
9,2026-08-08 07:45:00+10:00,0,1,1,True,2026-08-08,07:45:00,Low
12,2026-08-08 07:45:00+10:00,0,1,1,True,2026-08-08,07:45:00,Low
25,2026-08-08 07:45:00+10:00,10,14,24,True,2026-08-08,07:45:00,Low
27,2026-08-08 07:45:00+10:00,2,1,3,True,2026-08-08,07:45:00,Low
35,2026-08-08 07:45:00+10:00,6,8,14,True,2026-08-08,07:45:00,Low
46,2026-08-08 07:45:00+10:00,5,0,5,True,2026-08-08,07:45:00,Low
56,2026-08-08 07:45:00+10:00,0,1,1,True,2026-08-08,07:45:00,Low
58,2026-08-08 07:45:00+10:00,9,10,19,True,2026-08-08,07:45:00,Low
67,2026-08-08 07:45:00+10:00,0,1,1,True,2026-08-08,07:45:00,Low
85,2026-08-08 07:45:00+10:00,1,0,1,True,2026-08-08,07:45:00,Low
123,2026-08-08 07:45:00+10:00,2,1,3,True,2026-08-08,07:45:00,Low
136,2026-08-08 07:45:00+10:00,1,1,2,True,2026-08-08,07:45:00,Low
142,2026-08-08 07:45:00+10:00,19,14,33,True,2026-08-08,07:45:00,Low
4,2026-08-08 07:45:00+10:00,4,0,4,True,2026-08-08,07:45:00,Low
8,2026-08-08 07:45:00+10:00,8,0,8,True,2026-08-08,07:45:00,Low
21,2026-08-08 07:45:00+10:00,2,5,7,True,2026-08-08,07:45:00,Low
29,2026-08-08 07:45:00+10:00,0,1,1,True,2026-08-08,07:45:00,Low
42,2026-08-08 07:45:00+10:00,1,0,1,True,2026-08-08,07:45:00,Low
43,2026-08-08 07:45:00+10:00,4,0,4,True,2026-08-08,07:45:00,Low
44,2026-08-08 07:45:00+10:00,4,0,4,True,2026-08-08,07:45:00,Low
50,2026-08-08 07:45:00+10:00,1,0,1,True,2026-08-08,07:45:00,Low
61,2026-08-08 07:45:00+10:00,0,2,2,True,2026-08-08,07:45:00,Low
84,2026-08-08 07:45:00+10:00,4,13,17,True,2026-08-08,07:45:00,Low
134,2026-08-08 07:45:00+10:00,14,15,29,True,2026-08-08,07:45:00,Low
162,2026-08-08 07:45:00+10:00,5,4,9,True,2026-08-08,07:45:00,Low
165,2026-08-08 07:45:00+10:00,1,2,3,True,2026-08-08,07:45:00,Low
166,2026-08-08 07:45:00+10:00,1,2,3,True,2026-08-08,07:45:00,Low
182,2026-08-08 07:45:00+10:00,3,7,10,True,2026-08-08,07:45:00,Low
1,2026-08-08 07:45:00+10:00,1,0,1,True,2026-08-08,07:45:00,Low
11,2026-08-08 07:45:00+10:00,0,2,2,True,2026-08-08,07:45:00,Low
20,2026-08-08 07:45:00+10:00,1,0,1,True,2026-08-08,07:45:00,Low
23,2026-08-08 07:45:00+10:00,8,4,12,True,2026-08-08,07:45:00,Low
48,2026-08-08 07:45:00+10:00,13,5,18,True,2026-08-08,07:45:00,Low
49,2026-08-08 07:45:00+10:00,2,2,4,True,2026-08-08,07:45:00,Low
62,2026-08-08 07:45:00+10:00,1,0,1,True,2026-08-08,07:45:00,Low
63,2026-08-08 07:45:00+10:00,2,0,2,True,2026-08-08,07:45:00,Low
68,2026-08-08 07:45:00+10:00,1,1,2,True,2026-08-08,07:45:00,Low
72,2026-08-08 07:45:00+10:00,2,0,2,True,2026-08-08,07:45:00,Low
117,2026-08-08 07:45:00+10:00,4,0,4,True,2026-08-08,07:45:00,Low
130,2026-08-08 07:45:00+10:00,10,0,10,True,2026-08-08,07:45:00,Low
137,2026-08-08 07:45:00+10:00,1,0,1,True,2026-08-08,07:45:00,Low
180,2026-08-08 07:45:00+10:00,2,2,4,True,2026-08-08,07:45:00,Low
5,2026-08-08 07:45:00+10:00,6,13,19,True,2026-08-08,07:45:00,Low
36,2026-08-08 07:45:00+10:00,1,2,3,True,2026-08-08,07:45:00,Low
59,2026-08-08 07:45:00+10:00,7,10,17,True,2026-08-08,07:45:00,Low
181,2026-08-08 07:44:00+10:00,0,1,1,True,2026-08-08,07:44:00,Low
2,2026-08-08 07:44:00+10:00,0,1,1,True,2026-08-08,07:44:00,Low
11,2026-08-08 07:44:00+10:00,0,1,1,True,2026-08-08,07:44:00,Low
20,2026-08-08 07:44:00+10:00,1,0,1,True,2026-08-08,07:44:00,Low
35,2026-08-08 07:44:00+10:00,2,7,9,True,2026-08-08,07:44:00,Low
63,2026-08-08 07:44:00+10:00,0,2,2,True,2026-08-08,07:44:00,Low
72,2026-08-08 07:44:00+10:00,2,3,5,True,2026-08-08,07:44:00,Low
85,2026-08-08 07:44:00+10:00,1,0,1,True,2026-08-08,07:44:00,Low
86,2026-08-08 07:44:00+10:00,1,0,1,True,2026-08-08,07:44:00,Low
3,2026-08-08 07:44:00+10:00,0,1,1,True,2026-08-08,07:44:00,Low
6,2026-08-08 07:44:00+10:00,2,0,2,True,2026-08-08,07:44:00,Low
14,2026-08-08 07:44:00+10:00,1,0,1,True,2026-08-08,07:44:00,Low
209,2026-08-08 07:44:00+10:00,2,0,2,True,2026-08-08,07:44:00,Low
1,2026-08-08 07:44:00+10:00,0,1,1,True,2026-08-08,07:44:00,Low
17,2026-08-08 07:44:00+10:00,3,1,4,True,2026-08-08,07:44:00,Low
53,2026-08-08 07:44:00+10:00,1,1,2,True,2026-08-08,07:44:00,Low
56,2026-08-08 07:44:00+10:00,0,1,1,True,2026-08-08,07:44:00,Low
67,2026-08-08 07:44:00+10:00,2,3,5,True,2026-08-08,07:44:00,Low
180,2026-08-08 07:44:00+10:00,0,1,1,True,2026-08-08,07:44:00,Low
29,2026-08-08 07:44:00+10:00,3,1,4,True,2026-08-08,07:44:00,Low
40,2026-08-08 07:44:00+10:00,3,0,3,True,2026-08-08,07:44:00,Low
87,2026-08-08 07:44:00+10:00,0,1,1,True,2026-08-08,07:44:00,Low
10,2026-08-08 07:44:00+10:00,0,1,1,True,2026-08-08,07:44:00,Low
12,2026-08-08 07:44:00+10:00,0,1,1,True,2026-08-08,07:44:00,Low
24,2026-08-08 07:44:00+10:00,2,0,2,True,2026-08-08,07:44:00,Low
52,2026-08-08 07:44:00+10:00,0,2,2,True,2026-08-08,07:44:00,Low
62,2026-08-08 07:44:00+10:00,1,0,1,True,2026-08-08,07:44:00,Low
4,2026-08-08 07:44:00+10:00,1,2,3,True,2026-08-08,07:44:00,Low
8,2026-08-08 07:44:00+10:00,1,6,7,True,2026-08-08,07:44:00,Low
42,2026-08-08 07:44:00+10:00,1,0,1,True,2026-08-08,07:44:00,Low
2,2026-08-08 07:43:00+10:00,1,0,1,True,2026-08-08,07:43:00,Low
20,2026-08-08 07:43:00+10:00,0,3,3,True,2026-08-08,07:43:00,Low
51,2026-08-08 07:43:00+10:00,2,0,2,True,2026-08-08,07:43:00,Low
63,2026-08-08 07:43:00+10:00,0,4,4,True,2026-08-08,07:43:00,Low
72,2026-08-08 07:43:00+10:00,2,0,2,True,2026-08-08,07:43:00,Low
4,2026-08-08 07:43:00+10:00,0,3,3,True,2026-08-08,07:43:00,Low
8,2026-08-08 07:43:00+10:00,0,1,1,True,2026-08-08,07:43:00,Low
42,2026-08-08 07:43:00+10:00,1,0,1,True,2026-08-08,07:43:00,Low
70,2026-08-08 07:43:00+10:00,2,0,2,True,2026-08-08,07:43:00,Low
75,2026-08-08 07:43:00+10:00,0,1,1,True,2026-08-08,07:43:00,Low
17,2026-08-08 07:43:00+10:00,3,1,4,True,2026-08-08,07:43:00,Low
24,2026-08-08 07:43:00+10:00,8,1,9,True,2026-08-08,07:43:00,Low
52,2026-08-08 07:43:00+10:00,1,2,3,True,2026-08-08,07:43:00,Low
76,2026-08-08 07:43:00+10:00,1,0,1,True,2026-08-08,07:43:00,Low
85,2026-08-08 07:43:00+10:00,1,0,1,True,2026-08-08,07:43:00,Low
3,2026-08-08 07:43:00+10:00,2,0,2,True,2026-08-08,07:43:00,Low
69,2026-08-08 07:43:00+10:00,1,0,1,True,2026-08-08,07:43:00,Low
87,2026-08-08 07:43:00+10:00,2,0,2,True,2026-08-08,07:43:00,Low
181,2026-08-08 07:43:00+10:00,0,2,2,True,2026-08-08,07:43:00,Low
209,2026-08-08 07:43:00+10:00,2,0,2,True,2026-08-08,07:43:00,Low
9,2026-08-08 07:43:00+10:00,0,1,1,True,2026-08-08,07:43:00,Low
12,2026-08-08 07:43:00+10:00,1,1,2,True,2026-08-08,07:43:00,Low
18,2026-08-08 07:43:00+10:00,1,1,2,True,2026-08-08,07:43:00,Low
35,2026-08-08 07:43:00+10:00,7,4,11,True,2026-08-08,07:43:00,Low
53,2026-08-08 07:43:00+10:00,2,1,3,True,2026-08-08,07:43:00,Low
67,2026-08-08 07:43:00+10:00,1,1,2,True,2026-08-08,07:43:00,Low
68,2026-08-08 07:43:00+10:00,1,0,1,True,2026-08-08,07:43:00,Low
79,2026-08-08 07:43:00+10:00,0,2,2,True,2026-08-08,07:43:00,Low
14,2026-08-08 07:43:00+10:00,1,1,2,True,2026-08-08,07:43:00,Low
66,2026-08-08 07:43:00+10:00,0,2,2,True,2026-08-08,07:43:00,Low
11,2026-08-08 07:42:00+10:00,0,2,2,True,2026-08-08,07:42:00,Low
53,2026-08-08 07:42:00+10:00,2,0,2,True,2026-08-08,07:42:00,Low
67,2026-08-08 07:42:00+10:00,1,1,2,True,2026-08-08,07:42:00,Low
79,2026-08-08 07:42:00+10:00,1,1,2,True,2026-08-08,07:42:00,Low
180,2026-08-08 07:42:00+10:00,0,1,1,True,2026-08-08,07:42:00,Low
4,2026-08-08 07:42:00+10:00,1,1,2,True,2026-08-08,07:42:00,Low
40,2026-08-08 07:42:00+10:00,1,1,2,True,2026-08-08,07:42:00,Low
66,2026-08-08 07:42:00+10:00,1,1,2,True,2026-08-08,07:42:00,Low
69,2026-08-08 07:42:00+10:00,2,0,2,True,2026-08-08,07:42:00,Low
181,2026-08-08 07:42:00+10:00,2,2,4,True,2026-08-08,07:42:00,Low
209,2026-08-08 07:42:00+10:00,3,3,6,True,2026-08-08,07:42:00,Low
9,2026-08-08 07:42:00+10:00,3,2,5,True,2026-08-08,07:42:00,Low
12,2026-08-08 07:42:00+10:00,2,2,4,True,2026-08-08,07:42:00,Low
24,2026-08-08 07:42:00+10:00,17,3,20,True,2026-08-08,07:42:00,Low
35,2026-08-08 07:42:00+10:00,2,8,10,True,2026-08-08,07:42:00,Low
68,2026-08-08 07:42:00+10:00,1,1,2,True,2026-08-08,07:42:00,Low
85,2026-08-08 07:42:00+10:00,1,0,1,True,2026-08-08,07:42:00,Low
8,2026-08-08 07:42:00+10:00,0,1,1,True,2026-08-08,07:42:00,Low
61,2026-08-08 07:42:00+10:00,1,0,1,True,2026-08-08,07:42:00,Low
75,2026-08-08 07:42:00+10:00,5,0,5,True,2026-08-08,07:42:00,Low
1,2026-08-08 07:42:00+10:00,1,0,1,True,2026-08-08,07:42:00,Low
10,2026-08-08 07:42:00+10:00,0,2,2,True,2026-08-08,07:42:00,Low
17,2026-08-08 07:42:00+10:00,3,2,5,True,2026-08-08,07:42:00,Low
56,2026-08-08 07:42:00+10:00,3,0,3,True,2026-08-08,07:42:00,Low
62,2026-08-08 07:42:00+10:00,0,1,1,True,2026-08-08,07:42:00,Low
76,2026-08-08 07:42:00+10:00,1,0,1,True,2026-08-08,07:42:00,Low
3,2026-08-08 07:42:00+10:00,0,3,3,True,2026-08-08,07:42:00,Low
6,2026-08-08 07:42:00+10:00,1,1,2,True,2026-08-08,07:42:00,Low
29,2026-08-08 07:42:00+10:00,2,5,7,True,2026-08-08,07:42:00,Low
36,2026-08-08 07:42:00+10:00,0,1,1,True,2026-08-08,07:42:00,Low
50,2026-08-08 07:42:00+10:00,0,1,1,True,2026-08-08,07:42:00,Low
69,2026-08-08 07:41:00+10:00,0,2,2,True,2026-08-08,07:41:00,Low
181,2026-08-08 07:41:00+10:00,0,1,1,True,2026-08-08,07:41:00,Low
53,2026-08-08 07:41:00+10:00,1,0,1,True,2026-08-08,07:41:00,Low
63,2026-08-08 07:41:00+10:00,0,3,3,True,2026-08-08,07:41:00,Low
67,2026-08-08 07:41:00+10:00,3,4,7,True,2026-08-08,07:41:00,Low
180,2026-08-08 07:41:00+10:00,0,1,1,True,2026-08-08,07:41:00,Low
187,2026-08-08 07:41:00+10:00,0,1,1,True,2026-08-08,07:41:00,Low
3,2026-08-08 07:41:00+10:00,2,1,3,True,2026-08-08,07:41:00,Low
4,2026-08-08 07:41:00+10:00,2,1,3,True,2026-08-08,07:41:00,Low
6,2026-08-08 07:41:00+10:00,3,5,8,True,2026-08-08,07:41:00,Low
36,2026-08-08 07:41:00+10:00,0,1,1,True,2026-08-08,07:41:00,Low
40,2026-08-08 07:41:00+10:00,0,1,1,True,2026-08-08,07:41:00,Low
50,2026-08-08 07:41:00+10:00,0,1,1,True,2026-08-08,07:41:00,Low
61,2026-08-08 07:41:00+10:00,0,2,2,True,2026-08-08,07:41:00,Low
12,2026-08-08 07:41:00+10:00,1,0,1,True,2026-08-08,07:41:00,Low
17,2026-08-08 07:41:00+10:00,1,1,2,True,2026-08-08,07:41:00,Low
76,2026-08-08 07:41:00+10:00,1,0,1,True,2026-08-08,07:41:00,Low
29,2026-08-08 07:41:00+10:00,1,1,2,True,2026-08-08,07:41:00,Low
70,2026-08-08 07:41:00+10:00,0,1,1,True,2026-08-08,07:41:00,Low
209,2026-08-08 07:41:00+10:00,0,3,3,True,2026-08-08,07:41:00,Low
1,2026-08-08 07:41:00+10:00,3,1,4,True,2026-08-08,07:41:00,Low
10,2026-08-08 07:41:00+10:00,0,1,1,True,2026-08-08,07:41:00,Low
11,2026-08-08 07:41:00+10:00,2,0,2,True,2026-08-08,07:41:00,Low
24,2026-08-08 07:41:00+10:00,1,4,5,True,2026-08-08,07:41:00,Low
35,2026-08-08 07:41:00+10:00,7,5,12,True,2026-08-08,07:41:00,Low
52,2026-08-08 07:41:00+10:00,1,1,2,True,2026-08-08,07:41:00,Low
68,2026-08-08 07:41:00+10:00,1,0,1,True,2026-08-08,07:41:00,Low
72,2026-08-08 07:41:00+10:00,4,2,6,True,2026-08-08,07:41:00,Low
79,2026-08-08 07:41:00+10:00,1,0,1,True,2026-08-08,07:41:00,Low
8,2026-08-08 07:41:00+10:00,0,4,4,True,2026-08-08,07:41:00,Low
14,2026-08-08 07:41:00+10:00,2,1,3,True,2026-08-08,07:41:00,Low
39,2026-08-08 07:41:00+10:00,1,0,1,True,2026-08-08,07:41:00,Low
42,2026-08-08 07:41:00+10:00,0,1,1,True,2026-08-08,07:41:00,Low
66,2026-08-08 07:41:00+10:00,0,1,1,True,2026-08-08,07:41:00,Low
84,2026-08-08 07:40:00+10:00,5,7,12,True,2026-08-08,07:40:00,Low
107,2026-08-08 07:40:00+10:00,1,4,5,True,2026-08-08,07:40:00,Low
131,2026-08-08 07:40:00+10:00,1,1,2,True,2026-08-08,07:40:00,Low
132,2026-08-08 07:40:00+10:00,1,4,5,True,2026-08-08,07:40:00,Low
133,2026-08-08 07:40:00+10:00,16,18,34,True,2026-08-08,07:40:00,Low
140,2026-08-08 07:40:00+10:00,4,1,5,True,2026-08-08,07:40:00,Low
166,2026-08-08 07:40:00+10:00,1,1,2,True,2026-08-08,07:40:00,Low
179,2026-08-08 07:40:00+10:00,1,1,2,True,2026-08-08,07:40:00,Low
182,2026-08-08 07:40:00+10:00,7,6,13,True,2026-08-08,07:40:00,Low
185,2026-08-08 07:40:00+10:00,4,2,6,True,2026-08-08,07:40:00,Low
209,2026-08-08 07:40:00+10:00,2,1,3,True,2026-08-08,07:40:00,Low
48,2026-08-08 07:40:00+10:00,6,1,7,True,2026-08-08,07:40:00,Low
58,2026-08-08 07:40:00+10:00,14,8,22,True,2026-08-08,07:40:00,Low
72,2026-08-08 07:40:00+10:00,0,1,1,True,2026-08-08,07:40:00,Low
137,2026-08-08 07:40:00+10:00,3,0,3,True,2026-08-08,07:40:00,Low
139,2026-08-08 07:40:00+10:00,4,5,9,True,2026-08-08,07:40:00,Low
141,2026-08-08 07:40:00+10:00,1,1,2,True,2026-08-08,07:40:00,Low
161,2026-08-08 07:40:00+10:00,4,1,5,True,2026-08-08,07:40:00,Low
4,2026-08-08 07:40:00+10:00,1,0,1,True,2026-08-08,07:40:00,Low
5,2026-08-08 07:40:00+10:00,6,12,18,True,2026-08-08,07:40:00,Low
6,2026-08-08 07:40:00+10:00,3,6,9,True,2026-08-08,07:40:00,Low
21,2026-08-08 07:40:00+10:00,3,1,4,True,2026-08-08,07:40:00,Low
77,2026-08-08 07:40:00+10:00,8,5,13,True,2026-08-08,07:40:00,Low
134,2026-08-08 07:40:00+10:00,9,15,24,True,2026-08-08,07:40:00,Low
135,2026-08-08 07:40:00+10:00,6,18,24,True,2026-08-08,07:40:00,Low
143,2026-08-08 07:40:00+10:00,8,13,21,True,2026-08-08,07:40:00,Low
165,2026-08-08 07:40:00+10:00,0,1,1,True,2026-08-08,07:40:00,Low
167,2026-08-08 07:40:00+10:00,0,5,5,True,2026-08-08,07:40:00,Low
181,2026-08-08 07:40:00+10:00,1,0,1,True,2026-08-08,07:40:00,Low
184,2026-08-08 07:40:00+10:00,5,3,8,True,2026-08-08,07:40:00,Low
188,2026-08-08 07:40:00+10:00,1,1,2,True,2026-08-08,07:40:00,Low
11,2026-08-08 07:40:00+10:00,0,3,3,True,2026-08-08,07:40:00,Low
12,2026-08-08 07:40:00+10:00,3,1,4,True,2026-08-08,07:40:00,Low
23,2026-08-08 07:40:00+10:00,6,5,11,True,2026-08-08,07:40:00,Low
24,2026-08-08 07:40:00+10:00,0,1,1,True,2026-08-08,07:40:00,Low
27,2026-08-08 07:40:00+10:00,5,1,6,True,2026-08-08,07:40:00,Low
30,2026-08-08 07:40:00+10:00,3,5,8,True,2026-08-08,07:40:00,Low
35,2026-08-08 07:40:00+10:00,6,6,12,True,2026-08-08,07:40:00,Low
49,2026-08-08 07:40:00+10:00,10,2,12,True,2026-08-08,07:40:00,Low
53,2026-08-08 07:40:00+10:00,5,0,5,True,2026-08-08,07:40:00,Low
63,2026-08-08 07:40:00+10:00,1,1,2,True,2026-08-08,07:40:00,Low
67,2026-08-08 07:40:00+10:00,0,2,2,True,2026-08-08,07:40:00,Low
85,2026-08-08 07:40:00+10:00,1,0,1,True,2026-08-08,07:40:00,Low
109,2026-08-08 07:40:00+10:00,0,2,2,True,2026-08-08,07:40:00,Low
130,2026-08-08 07:40:00+10:00,14,0,14,True,2026-08-08,07:40:00,Low
40,2026-08-08 07:40:00+10:00,1,1,2,True,2026-08-08,07:40:00,Low
43,2026-08-08 07:40:00+10:00,4,1,5,True,2026-08-08,07:40:00,Low
45,2026-08-08 07:40:00+10:00,2,8,10,True,2026-08-08,07:40:00,Low
47,2026-08-08 07:40:00+10:00,3,6,9,True,2026-08-08,07:40:00,Low
66,2026-08-08 07:40:00+10:00,1,0,1,True,2026-08-08,07:40:00,Low
118,2026-08-08 07:40:00+10:00,1,0,1,True,2026-08-08,07:40:00,Low
162,2026-08-08 07:40:00+10:00,5,4,9,True,2026-08-08,07:40:00,Low
18,2026-08-08 07:40:00+10:00,0,1,1,True,2026-08-08,07:40:00,Low
20,2026-08-08 07:40:00+10:00,0,1,1,True,2026-08-08,07:40:00,Low
25,2026-08-08 07:40:00+10:00,18,12,30,True,2026-08-08,07:40:00,Low
62,2026-08-08 07:40:00+10:00,0,1,1,True,2026-08-08,07:40:00,Low
86,2026-08-08 07:40:00+10:00,1,0,1,True,2026-08-08,07:40:00,Low
117,2026-08-08 07:40:00+10:00,2,2,4,True,2026-08-08,07:40:00,Low
136,2026-08-08 07:40:00+10:00,2,0,2,True,2026-08-08,07:40:00,Low
142,2026-08-08 07:40:00+10:00,7,15,22,True,2026-08-08,07:40:00,Low
164,2026-08-08 07:40:00+10:00,2,6,8,True,2026-08-08,07:40:00,Low
8,2026-08-08 07:40:00+10:00,1,5,6,True,2026-08-08,07:40:00,Low
14,2026-08-08 07:40:00+10:00,1,0,1,True,2026-08-08,07:40:00,Low
29,2026-08-08 07:40:00+10:00,0,1,1,True,2026-08-08,07:40:00,Low
42,2026-08-08 07:40:00+10:00,2,0,2,True,2026-08-08,07:40:00,Low
44,2026-08-08 07:40:00+10:00,3,0,3,True,2026-08-08,07:40:00,Low
54,2026-08-08 07:40:00+10:00,1,5,6,True,2026-08-08,07:40:00,Low
59,2026-08-08 07:40:00+10:00,3,4,7,True,2026-08-08,07:40:00,Low
70,2026-08-08 07:39:00+10:00,1,0,1,True,2026-08-08,07:39:00,Low
181,2026-08-08 07:39:00+10:00,2,4,6,True,2026-08-08,07:39:00,Low
51,2026-08-08 07:39:00+10:00,0,2,2,True,2026-08-08,07:39:00,Low
63,2026-08-08 07:39:00+10:00,0,2,2,True,2026-08-08,07:39:00,Low
3,2026-08-08 07:39:00+10:00,0,1,1,True,2026-08-08,07:39:00,Low
8,2026-08-08 07:39:00+10:00,2,0,2,True,2026-08-08,07:39:00,Low
14,2026-08-08 07:39:00+10:00,1,0,1,True,2026-08-08,07:39:00,Low
42,2026-08-08 07:39:00+10:00,0,2,2,True,2026-08-08,07:39:00,Low
50,2026-08-08 07:39:00+10:00,0,1,1,True,2026-08-08,07:39:00,Low
61,2026-08-08 07:39:00+10:00,0,3,3,True,2026-08-08,07:39:00,Low
209,2026-08-08 07:39:00+10:00,0,1,1,True,2026-08-08,07:39:00,Low
1,2026-08-08 07:39:00+10:00,2,3,5,True,2026-08-08,07:39:00,Low
11,2026-08-08 07:39:00+10:00,1,0,1,True,2026-08-08,07:39:00,Low
12,2026-08-08 07:39:00+10:00,3,0,3,True,2026-08-08,07:39:00,Low
35,2026-08-08 07:39:00+10:00,2,1,3,True,2026-08-08,07:39:00,Low
56,2026-08-08 07:39:00+10:00,1,0,1,True,2026-08-08,07:39:00,Low
40,2026-08-08 07:39:00+10:00,0,1,1,True,2026-08-08,07:39:00,Low
66,2026-08-08 07:39:00+10:00,0,1,1,True,2026-08-08,07:39:00,Low
24,2026-08-08 07:39:00+10:00,2,1,3,True,2026-08-08,07:39:00,Low
53,2026-08-08 07:39:00+10:00,1,0,1,True,2026-08-08,07:39:00,Low
67,2026-08-08 07:39:00+10:00,0,4,4,True,2026-08-08,07:39:00,Low
68,2026-08-08 07:39:00+10:00,4,1,5,True,2026-08-08,07:39:00,Low
76,2026-08-08 07:39:00+10:00,1,1,2,True,2026-08-08,07:39:00,Low
79,2026-08-08 07:39:00+10:00,0,3,3,True,2026-08-08,07:39:00,Low
85,2026-08-08 07:39:00+10:00,1,0,1,True,2026-08-08,07:39:00,Low
29,2026-08-08 07:39:00+10:00,1,0,1,True,2026-08-08,07:39:00,Low
209,2026-08-08 07:38:00+10:00,0,2,2,True,2026-08-08,07:38:00,Low
11,2026-08-08 07:38:00+10:00,0,3,3,True,2026-08-08,07:38:00,Low
24,2026-08-08 07:38:00+10:00,1,3,4,True,2026-08-08,07:38:00,Low
35,2026-08-08 07:38:00+10:00,5,2,7,True,2026-08-08,07:38:00,Low
79,2026-08-08 07:38:00+10:00,1,1,2,True,2026-08-08,07:38:00,Low
6,2026-08-08 07:38:00+10:00,0,3,3,True,2026-08-08,07:38:00,Low
75,2026-08-08 07:38:00+10:00,0,1,1,True,2026-08-08,07:38:00,Low
181,2026-08-08 07:38:00+10:00,1,1,2,True,2026-08-08,07:38:00,Low
2,2026-08-08 07:38:00+10:00,1,2,3,True,2026-08-08,07:38:00,Low
12,2026-08-08 07:38:00+10:00,0,2,2,True,2026-08-08,07:38:00,Low
67,2026-08-08 07:38:00+10:00,0,3,3,True,2026-08-08,07:38:00,Low
8,2026-08-08 07:38:00+10:00,1,0,1,True,2026-08-08,07:38:00,Low
66,2026-08-08 07:38:00+10:00,0,1,1,True,2026-08-08,07:38:00,Low
51,2026-08-08 07:38:00+10:00,1,0,1,True,2026-08-08,07:38:00,Low
62,2026-08-08 07:38:00+10:00,0,1,1,True,2026-08-08,07:38:00,Low
68,2026-08-08 07:38:00+10:00,1,1,2,True,2026-08-08,07:38:00,Low
72,2026-08-08 07:38:00+10:00,2,0,2,True,2026-08-08,07:38:00,Low
187,2026-08-08 07:38:00+10:00,0,1,1,True,2026-08-08,07:38:00,Low
3,2026-08-08 07:38:00+10:00,1,0,1,True,2026-08-08,07:38:00,Low
4,2026-08-08 07:38:00+10:00,2,2,4,True,2026-08-08,07:38:00,Low
29,2026-08-08 07:38:00+10:00,1,0,1,True,2026-08-08,07:38:00,Low
42,2026-08-08 07:38:00+10:00,0,2,2,True,2026-08-08,07:38:00,Low
50,2026-08-08 07:38:00+10:00,2,0,2,True,2026-08-08,07:38:00,Low
181,2026-08-08 07:37:00+10:00,2,6,8,True,2026-08-08,07:37:00,Low
1,2026-08-08 07:37:00+10:00,1,1,2,True,2026-08-08,07:37:00,Low
12,2026-08-08 07:37:00+10:00,1,0,1,True,2026-08-08,07:37:00,Low
24,2026-08-08 07:37:00+10:00,3,4,7,True,2026-08-08,07:37:00,Low
53,2026-08-08 07:37:00+10:00,0,2,2,True,2026-08-08,07:37:00,Low
72,2026-08-08 07:37:00+10:00,3,0,3,True,2026-08-08,07:37:00,Low
79,2026-08-08 07:37:00+10:00,2,0,2,True,2026-08-08,07:37:00,Low
3,2026-08-08 07:37:00+10:00,1,0,1,True,2026-08-08,07:37:00,Low
8,2026-08-08 07:37:00+10:00,1,5,6,True,2026-08-08,07:37:00,Low
29,2026-08-08 07:37:00+10:00,0,3,3,True,2026-08-08,07:37:00,Low
42,2026-08-08 07:37:00+10:00,1,0,1,True,2026-08-08,07:37:00,Low
61,2026-08-08 07:37:00+10:00,1,2,3,True,2026-08-08,07:37:00,Low
69,2026-08-08 07:37:00+10:00,5,1,6,True,2026-08-08,07:37:00,Low
70,2026-08-08 07:37:00+10:00,1,0,1,True,2026-08-08,07:37:00,Low
209,2026-08-08 07:37:00+10:00,1,0,1,True,2026-08-08,07:37:00,Low
9,2026-08-08 07:37:00+10:00,1,0,1,True,2026-08-08,07:37:00,Low
19,2026-08-08 07:37:00+10:00,0,1,1,True,2026-08-08,07:37:00,Low
56,2026-08-08 07:37:00+10:00,2,2,4,True,2026-08-08,07:37:00,Low
67,2026-08-08 07:37:00+10:00,7,1,8,True,2026-08-08,07:37:00,Low
85,2026-08-08 07:37:00+10:00,1,1,2,True,2026-08-08,07:37:00,Low
11,2026-08-08 07:37:00+10:00,0,1,1,True,2026-08-08,07:37:00,Low
17,2026-08-08 07:37:00+10:00,1,0,1,True,2026-08-08,07:37:00,Low
35,2026-08-08 07:37:00+10:00,4,4,8,True,2026-08-08,07:37:00,Low
62,2026-08-08 07:37:00+10:00,1,0,1,True,2026-08-08,07:37:00,Low
68,2026-08-08 07:37:00+10:00,0,1,1,True,2026-08-08,07:37:00,Low
180,2026-08-08 07:37:00+10:00,2,0,2,True,2026-08-08,07:37:00,Low
4,2026-08-08 07:37:00+10:00,0,1,1,True,2026-08-08,07:37:00,Low
14,2026-08-08 07:37:00+10:00,2,0,2,True,2026-08-08,07:37:00,Low
31,2026-08-08 07:37:00+10:00,1,1,2,True,2026-08-08,07:37:00,Low
36,2026-08-08 07:37:00+10:00,2,0,2,True,2026-08-08,07:37:00,Low
61,2026-08-08 07:36:00+10:00,1,2,3,True,2026-08-08,07:36:00,Low
66,2026-08-08 07:36:00+10:00,3,1,4,True,2026-08-08,07:36:00,Low
1,2026-08-08 07:36:00+10:00,0,3,3,True,2026-08-08,07:36:00,Low
18,2026-08-08 07:36:00+10:00,1,0,1,True,2026-08-08,07:36:00,Low
19,2026-08-08 07:36:00+10:00,0,1,1,True,2026-08-08,07:36:00,Low
79,2026-08-08 07:36:00+10:00,1,0,1,True,2026-08-08,07:36:00,Low
42,2026-08-08 07:36:00+10:00,1,0,1,True,2026-08-08,07:36:00,Low
181,2026-08-08 07:36:00+10:00,1,3,4,True,2026-08-08,07:36:00,Low
209,2026-08-08 07:36:00+10:00,1,0,1,True,2026-08-08,07:36:00,Low
17,2026-08-08 07:36:00+10:00,0,1,1,True,2026-08-08,07:36:00,Low
20,2026-08-08 07:36:00+10:00,2,0,2,True,2026-08-08,07:36:00,Low
24,2026-08-08 07:36:00+10:00,1,0,1,True,2026-08-08,07:36:00,Low
67,2026-08-08 07:36:00+10:00,0,2,2,True,2026-08-08,07:36:00,Low
72,2026-08-08 07:36:00+10:00,1,1,2,True,2026-08-08,07:36:00,Low
3,2026-08-08 07:36:00+10:00,3,0,3,True,2026-08-08,07:36:00,Low
8,2026-08-08 07:36:00+10:00,0,2,2,True,2026-08-08,07:36:00,Low
31,2026-08-08 07:36:00+10:00,0,1,1,True,2026-08-08,07:36:00,Low
12,2026-08-08 07:36:00+10:00,2,1,3,True,2026-08-08,07:36:00,Low
35,2026-08-08 07:36:00+10:00,0,1,1,True,2026-08-08,07:36:00,Low
51,2026-08-08 07:36:00+10:00,0,1,1,True,2026-08-08,07:36:00,Low
53,2026-08-08 07:36:00+10:00,0,1,1,True,2026-08-08,07:36:00,Low
68,2026-08-08 07:36:00+10:00,2,0,2,True,2026-08-08,07:36:00,Low
85,2026-08-08 07:36:00+10:00,1,0,1,True,2026-08-08,07:36:00,Low
4,2026-08-08 07:36:00+10:00,0,2,2,True,2026-08-08,07:36:00,Low
29,2026-08-08 07:36:00+10:00,1,2,3,True,2026-08-08,07:36:00,Low
71,2026-08-08 07:35:00+10:00,0,1,1,True,2026-08-08,07:35:00,Low
75,2026-08-08 07:35:00+10:00,0,2,2,True,2026-08-08,07:35:00,Low
107,2026-08-08 07:35:00+10:00,0,2,2,True,2026-08-08,07:35:00,Low
143,2026-08-08 07:35:00+10:00,6,8,14,True,2026-08-08,07:35:00,Low
179,2026-08-08 07:35:00+10:00,4,0,4,True,2026-08-08,07:35:00,Low
184,2026-08-08 07:35:00+10:00,5,5,10,True,2026-08-08,07:35:00,Low
209,2026-08-08 07:35:00+10:00,4,1,5,True,2026-08-08,07:35:00,Low
23,2026-08-08 07:35:00+10:00,2,1,3,True,2026-08-08,07:35:00,Low
24,2026-08-08 07:35:00+10:00,6,1,7,True,2026-08-08,07:35:00,Low
25,2026-08-08 07:35:00+10:00,8,20,28,True,2026-08-08,07:35:00,Low
35,2026-08-08 07:35:00+10:00,3,3,6,True,2026-08-08,07:35:00,Low
49,2026-08-08 07:35:00+10:00,1,3,4,True,2026-08-08,07:35:00,Low
51,2026-08-08 07:35:00+10:00,1,1,2,True,2026-08-08,07:35:00,Low
53,2026-08-08 07:35:00+10:00,0,1,1,True,2026-08-08,07:35:00,Low
56,2026-08-08 07:35:00+10:00,0,1,1,True,2026-08-08,07:35:00,Low
67,2026-08-08 07:35:00+10:00,0,2,2,True,2026-08-08,07:35:00,Low
68,2026-08-08 07:35:00+10:00,0,2,2,True,2026-08-08,07:35:00,Low
79,2026-08-08 07:35:00+10:00,0,1,1,True,2026-08-08,07:35:00,Low
136,2026-08-08 07:35:00+10:00,2,2,4,True,2026-08-08,07:35:00,Low
137,2026-08-08 07:35:00+10:00,0,1,1,True,2026-08-08,07:35:00,Low
142,2026-08-08 07:35:00+10:00,11,7,18,True,2026-08-08,07:35:00,Low
21,2026-08-08 07:35:00+10:00,0,3,3,True,2026-08-08,07:35:00,Low
29,2026-08-08 07:35:00+10:00,2,1,3,True,2026-08-08,07:35:00,Low
40,2026-08-08 07:35:00+10:00,2,0,2,True,2026-08-08,07:35:00,Low
42,2026-08-08 07:35:00+10:00,1,1,2,True,2026-08-08,07:35:00,Low
50,2026-08-08 07:35:00+10:00,0,2,2,True,2026-08-08,07:35:00,Low
59,2026-08-08 07:35:00+10:00,4,1,5,True,2026-08-08,07:35:00,Low
77,2026-08-08 07:35:00+10:00,2,3,5,True,2026-08-08,07:35:00,Low
131,2026-08-08 07:35:00+10:00,1,1,2,True,2026-08-08,07:35:00,Low
132,2026-08-08 07:35:00+10:00,4,0,4,True,2026-08-08,07:35:00,Low
134,2026-08-08 07:35:00+10:00,9,9,18,True,2026-08-08,07:35:00,Low
135,2026-08-08 07:35:00+10:00,4,10,14,True,2026-08-08,07:35:00,Low
140,2026-08-08 07:35:00+10:00,5,1,6,True,2026-08-08,07:35:00,Low
162,2026-08-08 07:35:00+10:00,6,4,10,True,2026-08-08,07:35:00,Low
167,2026-08-08 07:35:00+10:00,0,4,4,True,2026-08-08,07:35:00,Low
181,2026-08-08 07:35:00+10:00,1,0,1,True,2026-08-08,07:35:00,Low
185,2026-08-08 07:35:00+10:00,2,5,7,True,2026-08-08,07:35:00,Low
9,2026-08-08 07:35:00+10:00,0,1,1,True,2026-08-08,07:35:00,Low
11,2026-08-08 07:35:00+10:00,1,2,3,True,2026-08-08,07:35:00,Low
12,2026-08-08 07:35:00+10:00,0,1,1,True,2026-08-08,07:35:00,Low
27,2026-08-08 07:35:00+10:00,3,1,4,True,2026-08-08,07:35:00,Low
30,2026-08-08 07:35:00+10:00,4,2,6,True,2026-08-08,07:35:00,Low
46,2026-08-08 07:35:00+10:00,1,0,1,True,2026-08-08,07:35:00,Low
48,2026-08-08 07:35:00+10:00,5,2,7,True,2026-08-08,07:35:00,Low
58,2026-08-08 07:35:00+10:00,5,0,5,True,2026-08-08,07:35:00,Low
63,2026-08-08 07:35:00+10:00,1,1,2,True,2026-08-08,07:35:00,Low
86,2026-08-08 07:35:00+10:00,0,1,1,True,2026-08-08,07:35:00,Low
109,2026-08-08 07:35:00+10:00,2,5,7,True,2026-08-08,07:35:00,Low
130,2026-08-08 07:35:00+10:00,17,0,17,True,2026-08-08,07:35:00,Low
139,2026-08-08 07:35:00+10:00,0,1,1,True,2026-08-08,07:35:00,Low
164,2026-08-08 07:35:00+10:00,1,3,4,True,2026-08-08,07:35:00,Low
180,2026-08-08 07:35:00+10:00,1,0,1,True,2026-08-08,07:35:00,Low
5,2026-08-08 07:35:00+10:00,9,9,18,True,2026-08-08,07:35:00,Low
8,2026-08-08 07:35:00+10:00,1,0,1,True,2026-08-08,07:35:00,Low
44,2026-08-08 07:35:00+10:00,1,1,2,True,2026-08-08,07:35:00,Low
45,2026-08-08 07:35:00+10:00,1,8,9,True,2026-08-08,07:35:00,Low
47,2026-08-08 07:35:00+10:00,2,5,7,True,2026-08-08,07:35:00,Low
54,2026-08-08 07:35:00+10:00,1,2,3,True,2026-08-08,07:35:00,Low
70,2026-08-08 07:35:00+10:00,1,0,1,True,2026-08-08,07:35:00,Low
84,2026-08-08 07:35:00+10:00,9,10,19,True,2026-08-08,07:35:00,Low
133,2026-08-08 07:35:00+10:00,5,22,27,True,2026-08-08,07:35:00,Low
182,2026-08-08 07:35:00+10:00,5,7,12,True,2026-08-08,07:35:00,Low
188,2026-08-08 07:35:00+10:00,0,1,1,True,2026-08-08,07:35:00,Low
62,2026-08-08 07:35:00+10:00,0,2,2,True,2026-08-08,07:35:00,Low
76,2026-08-08 07:35:00+10:00,2,0,2,True,2026-08-08,07:35:00,Low
117,2026-08-08 07:35:00+10:00,4,0,4,True,2026-08-08,07:35:00,Low
123,2026-08-08 07:35:00+10:00,0,3,3,True,2026-08-08,07:35:00,Low
141,2026-08-08 07:35:00+10:00,4,0,4,True,2026-08-08,07:35:00,Low
161,2026-08-08 07:35:00+10:00,2,3,5,True,2026-08-08,07:35:00,Low
187,2026-08-08 07:35:00+10:00,0,1,1,True,2026-08-08,07:35:00,Low
3,2026-08-08 07:35:00+10:00,0,3,3,True,2026-08-08,07:35:00,Low
4,2026-08-08 07:35:00+10:00,2,3,5,True,2026-08-08,07:35:00,Low
14,2026-08-08 07:35:00+10:00,1,0,1,True,2026-08-08,07:35:00,Low
43,2026-08-08 07:35:00+10:00,2,0,2,True,2026-08-08,07:35:00,Low
61,2026-08-08 07:34:00+10:00,0,2,2,True,2026-08-08,07:34:00,Low
66,2026-08-08 07:34:00+10:00,1,0,1,True,2026-08-08,07:34:00,Low
209,2026-08-08 07:34:00+10:00,0,1,1,True,2026-08-08,07:34:00,Low
17,2026-08-08 07:34:00+10:00,0,2,2,True,2026-08-08,07:34:00,Low
24,2026-08-08 07:34:00+10:00,2,7,9,True,2026-08-08,07:34:00,Low
187,2026-08-08 07:34:00+10:00,1,0,1,True,2026-08-08,07:34:00,Low
4,2026-08-08 07:34:00+10:00,2,1,3,True,2026-08-08,07:34:00,Low
40,2026-08-08 07:34:00+10:00,0,2,2,True,2026-08-08,07:34:00,Low
75,2026-08-08 07:34:00+10:00,0,2,2,True,2026-08-08,07:34:00,Low
1,2026-08-08 07:34:00+10:00,0,1,1,True,2026-08-08,07:34:00,Low
11,2026-08-08 07:34:00+10:00,0,1,1,True,2026-08-08,07:34:00,Low
18,2026-08-08 07:34:00+10:00,1,0,1,True,2026-08-08,07:34:00,Low
53,2026-08-08 07:34:00+10:00,0,1,1,True,2026-08-08,07:34:00,Low
67,2026-08-08 07:34:00+10:00,0,1,1,True,2026-08-08,07:34:00,Low
180,2026-08-08 07:34:00+10:00,1,0,1,True,2026-08-08,07:34:00,Low
29,2026-08-08 07:34:00+10:00,0,1,1,True,2026-08-08,07:34:00,Low
50,2026-08-08 07:34:00+10:00,0,1,1,True,2026-08-08,07:34:00,Low
70,2026-08-08 07:34:00+10:00,1,1,2,True,2026-08-08,07:34:00,Low
181,2026-08-08 07:34:00+10:00,2,3,5,True,2026-08-08,07:34:00,Low
12,2026-08-08 07:34:00+10:00,0,4,4,True,2026-08-08,07:34:00,Low
35,2026-08-08 07:34:00+10:00,4,0,4,True,2026-08-08,07:34:00,Low
76,2026-08-08 07:34:00+10:00,0,1,1,True,2026-08-08,07:34:00,Low
79,2026-08-08 07:34:00+10:00,2,1,3,True,2026-08-08,07:34:00,Low
8,2026-08-08 07:34:00+10:00,0,1,1,True,2026-08-08,07:34:00,Low
42,2026-08-08 07:34:00+10:00,2,0,2,True,2026-08-08,07:34:00,Low
69,2026-08-08 07:33:00+10:00,0,1,1,True,2026-08-08,07:33:00,Low
11,2026-08-08 07:33:00+10:00,0,1,1,True,2026-08-08,07:33:00,Low
20,2026-08-08 07:33:00+10:00,1,0,1,True,2026-08-08,07:33:00,Low
24,2026-08-08 07:33:00+10:00,2,1,3,True,2026-08-08,07:33:00,Low
56,2026-08-08 07:33:00+10:00,1,0,1,True,2026-08-08,07:33:00,Low
63,2026-08-08 07:33:00+10:00,0,2,2,True,2026-08-08,07:33:00,Low
67,2026-08-08 07:33:00+10:00,1,2,3,True,2026-08-08,07:33:00,Low
68,2026-08-08 07:33:00+10:00,2,1,3,True,2026-08-08,07:33:00,Low
79,2026-08-08 07:33:00+10:00,0,2,2,True,2026-08-08,07:33:00,Low
85,2026-08-08 07:33:00+10:00,1,0,1,True,2026-08-08,07:33:00,Low
3,2026-08-08 07:33:00+10:00,2,1,3,True,2026-08-08,07:33:00,Low
36,2026-08-08 07:33:00+10:00,2,1,3,True,2026-08-08,07:33:00,Low
61,2026-08-08 07:33:00+10:00,0,3,3,True,2026-08-08,07:33:00,Low
66,2026-08-08 07:33:00+10:00,2,1,3,True,2026-08-08,07:33:00,Low
12,2026-08-08 07:33:00+10:00,1,0,1,True,2026-08-08,07:33:00,Low
35,2026-08-08 07:33:00+10:00,1,12,13,True,2026-08-08,07:33:00,Low
72,2026-08-08 07:33:00+10:00,24,0,24,True,2026-08-08,07:33:00,Low
180,2026-08-08 07:33:00+10:00,1,1,2,True,2026-08-08,07:33:00,Low
187,2026-08-08 07:33:00+10:00,1,1,2,True,2026-08-08,07:33:00,Low
4,2026-08-08 07:33:00+10:00,0,3,3,True,2026-08-08,07:33:00,Low
6,2026-08-08 07:33:00+10:00,2,0,2,True,2026-08-08,07:33:00,Low
8,2026-08-08 07:33:00+10:00,0,1,1,True,2026-08-08,07:33:00,Low
70,2026-08-08 07:33:00+10:00,1,0,1,True,2026-08-08,07:33:00,Low
2,2026-08-08 07:33:00+10:00,1,0,1,True,2026-08-08,07:33:00,Low
10,2026-08-08 07:33:00+10:00,0,2,2,True,2026-08-08,07:33:00,Low
19,2026-08-08 07:33:00+10:00,0,1,1,True,2026-08-08,07:33:00,Low
29,2026-08-08 07:33:00+10:00,2,5,7,True,2026-08-08,07:33:00,Low
31,2026-08-08 07:33:00+10:00,0,2,2,True,2026-08-08,07:33:00,Low
42,2026-08-08 07:33:00+10:00,0,1,1,True,2026-08-08,07:33:00,Low
50,2026-08-08 07:33:00+10:00,0,1,1,True,2026-08-08,07:33:00,Low
209,2026-08-08 07:32:00+10:00,2,0,2,True,2026-08-08,07:32:00,Low
12,2026-08-08 07:32:00+10:00,0,1,1,True,2026-08-08,07:32:00,Low
24,2026-08-08 07:32:00+10:00,5,0,5,True,2026-08-08,07:32:00,Low
51,2026-08-08 07:32:00+10:00,2,0,2,True,2026-08-08,07:32:00,Low
62,2026-08-08 07:32:00+10:00,0,1,1,True,2026-08-08,07:32:00,Low
76,2026-08-08 07:32:00+10:00,0,1,1,True,2026-08-08,07:32:00,Low
85,2026-08-08 07:32:00+10:00,2,0,2,True,2026-08-08,07:32:00,Low
187,2026-08-08 07:32:00+10:00,1,1,2,True,2026-08-08,07:32:00,Low
3,2026-08-08 07:32:00+10:00,1,2,3,True,2026-08-08,07:32:00,Low
36,2026-08-08 07:32:00+10:00,0,3,3,True,2026-08-08,07:32:00,Low
50,2026-08-08 07:32:00+10:00,1,0,1,True,2026-08-08,07:32:00,Low
70,2026-08-08 07:32:00+10:00,0,1,1,True,2026-08-08,07:32:00,Low
181,2026-08-08 07:32:00+10:00,0,1,1,True,2026-08-08,07:32:00,Low
17,2026-08-08 07:32:00+10:00,2,0,2,True,2026-08-08,07:32:00,Low
52,2026-08-08 07:32:00+10:00,1,0,1,True,2026-08-08,07:32:00,Low
53,2026-08-08 07:32:00+10:00,2,0,2,True,2026-08-08,07:32:00,Low
63,2026-08-08 07:32:00+10:00,2,1,3,True,2026-08-08,07:32:00,Low
67,2026-08-08 07:32:00+10:00,1,1,2,True,2026-08-08,07:32:00,Low
4,2026-08-08 07:32:00+10:00,2,3,5,True,2026-08-08,07:32:00,Low
14,2026-08-08 07:32:00+10:00,2,0,2,True,2026-08-08,07:32:00,Low
61,2026-08-08 07:32:00+10:00,1,0,1,True,2026-08-08,07:32:00,Low
66,2026-08-08 07:32:00+10:00,1,0,1,True,2026-08-08,07:32:00,Low
87,2026-08-08 07:32:00+10:00,0,1,1,True,2026-08-08,07:32:00,Low
35,2026-08-08 07:32:00+10:00,2,3,5,True,2026-08-08,07:32:00,Low
72,2026-08-08 07:32:00+10:00,14,0,14,True,2026-08-08,07:32:00,Low
79,2026-08-08 07:32:00+10:00,0,1,1,True,2026-08-08,07:32:00,Low
180,2026-08-08 07:32:00+10:00,2,2,4,True,2026-08-08,07:32:00,Low
8,2026-08-08 07:32:00+10:00,1,1,2,True,2026-08-08,07:32:00,Low
29,2026-08-08 07:32:00+10:00,1,0,1,True,2026-08-08,07:32:00,Low
31,2026-08-08 07:32:00+10:00,2,0,2,True,2026-08-08,07:32:00,Low
181,2026-08-08 07:31:00+10:00,0,4,4,True,2026-08-08,07:31:00,Low
209,2026-08-08 07:31:00+10:00,2,0,2,True,2026-08-08,07:31:00,Low
52,2026-08-08 07:31:00+10:00,2,0,2,True,2026-08-08,07:31:00,Low
53,2026-08-08 07:31:00+10:00,0,2,2,True,2026-08-08,07:31:00,Low
67,2026-08-08 07:31:00+10:00,1,0,1,True,2026-08-08,07:31:00,Low
68,2026-08-08 07:31:00+10:00,0,1,1,True,2026-08-08,07:31:00,Low
3,2026-08-08 07:31:00+10:00,0,1,1,True,2026-08-08,07:31:00,Low
4,2026-08-08 07:31:00+10:00,1,1,2,True,2026-08-08,07:31:00,Low
6,2026-08-08 07:31:00+10:00,1,2,3,True,2026-08-08,07:31:00,Low
14,2026-08-08 07:31:00+10:00,2,4,6,True,2026-08-08,07:31:00,Low
39,2026-08-08 07:31:00+10:00,0,1,1,True,2026-08-08,07:31:00,Low
70,2026-08-08 07:31:00+10:00,1,1,2,True,2026-08-08,07:31:00,Low
2,2026-08-08 07:31:00+10:00,2,0,2,True,2026-08-08,07:31:00,Low
11,2026-08-08 07:31:00+10:00,2,1,3,True,2026-08-08,07:31:00,Low
35,2026-08-08 07:31:00+10:00,4,5,9,True,2026-08-08,07:31:00,Low
72,2026-08-08 07:31:00+10:00,2,2,4,True,2026-08-08,07:31:00,Low
29,2026-08-08 07:31:00+10:00,0,1,1,True,2026-08-08,07:31:00,Low
36,2026-08-08 07:31:00+10:00,2,0,2,True,2026-08-08,07:31:00,Low
50,2026-08-08 07:31:00+10:00,1,0,1,True,2026-08-08,07:31:00,Low
61,2026-08-08 07:31:00+10:00,0,1,1,True,2026-08-08,07:31:00,Low
66,2026-08-08 07:31:00+10:00,1,0,1,True,2026-08-08,07:31:00,Low
17,2026-08-08 07:31:00+10:00,0,1,1,True,2026-08-08,07:31:00,Low
24,2026-08-08 07:31:00+10:00,1,6,7,True,2026-08-08,07:31:00,Low
63,2026-08-08 07:31:00+10:00,1,1,2,True,2026-08-08,07:31:00,Low
187,2026-08-08 07:31:00+10:00,1,2,3,True,2026-08-08,07:31:00,Low
8,2026-08-08 07:31:00+10:00,1,9,10,True,2026-08-08,07:31:00,Low
40,2026-08-08 07:31:00+10:00,1,0,1,True,2026-08-08,07:31:00,Low
66,2026-08-08 07:30:00+10:00,0,2,2,True,2026-08-08,07:30:00,Low
84,2026-08-08 07:30:00+10:00,7,8,15,True,2026-08-08,07:30:00,Low
87,2026-08-08 07:30:00+10:00,1,0,1,True,2026-08-08,07:30:00,Low
134,2026-08-08 07:30:00+10:00,7,13,20,True,2026-08-08,07:30:00,Low
135,2026-08-08 07:30:00+10:00,1,13,14,True,2026-08-08,07:30:00,Low
162,2026-08-08 07:30:00+10:00,16,6,22,True,2026-08-08,07:30:00,Low
182,2026-08-08 07:30:00+10:00,5,5,10,True,2026-08-08,07:30:00,Low
10,2026-08-08 07:30:00+10:00,2,0,2,True,2026-08-08,07:30:00,Low
12,2026-08-08 07:30:00+10:00,3,1,4,True,2026-08-08,07:30:00,Low
23,2026-08-08 07:30:00+10:00,3,5,8,True,2026-08-08,07:30:00,Low
24,2026-08-08 07:30:00+10:00,5,2,7,True,2026-08-08,07:30:00,Low
46,2026-08-08 07:30:00+10:00,1,0,1,True,2026-08-08,07:30:00,Low
48,2026-08-08 07:30:00+10:00,2,4,6,True,2026-08-08,07:30:00,Low
62,2026-08-08 07:30:00+10:00,0,1,1,True,2026-08-08,07:30:00,Low
85,2026-08-08 07:30:00+10:00,1,0,1,True,2026-08-08,07:30:00,Low
117,2026-08-08 07:30:00+10:00,2,1,3,True,2026-08-08,07:30:00,Low
136,2026-08-08 07:30:00+10:00,7,2,9,True,2026-08-08,07:30:00,Low
141,2026-08-08 07:30:00+10:00,4,1,5,True,2026-08-08,07:30:00,Low
180,2026-08-08 07:30:00+10:00,0,1,1,True,2026-08-08,07:30:00,Low
6,2026-08-08 07:30:00+10:00,0,1,1,True,2026-08-08,07:30:00,Low
14,2026-08-08 07:30:00+10:00,1,3,4,True,2026-08-08,07:30:00,Low
45,2026-08-08 07:30:00+10:00,1,10,11,True,2026-08-08,07:30:00,Low
47,2026-08-08 07:30:00+10:00,3,9,12,True,2026-08-08,07:30:00,Low
50,2026-08-08 07:30:00+10:00,0,1,1,True,2026-08-08,07:30:00,Low
54,2026-08-08 07:30:00+10:00,1,2,3,True,2026-08-08,07:30:00,Low
61,2026-08-08 07:30:00+10:00,2,0,2,True,2026-08-08,07:30:00,Low
70,2026-08-08 07:30:00+10:00,2,0,2,True,2026-08-08,07:30:00,Low
107,2026-08-08 07:30:00+10:00,1,3,4,True,2026-08-08,07:30:00,Low
118,2026-08-08 07:30:00+10:00,0,1,1,True,2026-08-08,07:30:00,Low
133,2026-08-08 07:30:00+10:00,21,17,38,True,2026-08-08,07:30:00,Low
140,2026-08-08 07:30:00+10:00,3,0,3,True,2026-08-08,07:30:00,Low
167,2026-08-08 07:30:00+10:00,0,2,2,True,2026-08-08,07:30:00,Low
1,2026-08-08 07:30:00+10:00,1,0,1,True,2026-08-08,07:30:00,Low
17,2026-08-08 07:30:00+10:00,4,0,4,True,2026-08-08,07:30:00,Low
19,2026-08-08 07:30:00+10:00,0,1,1,True,2026-08-08,07:30:00,Low
20,2026-08-08 07:30:00+10:00,2,0,2,True,2026-08-08,07:30:00,Low
49,2026-08-08 07:30:00+10:00,16,5,21,True,2026-08-08,07:30:00,Low
67,2026-08-08 07:30:00+10:00,0,1,1,True,2026-08-08,07:30:00,Low
79,2026-08-08 07:30:00+10:00,1,0,1,True,2026-08-08,07:30:00,Low
109,2026-08-08 07:30:00+10:00,1,1,2,True,2026-08-08,07:30:00,Low
161,2026-08-08 07:30:00+10:00,7,5,12,True,2026-08-08,07:30:00,Low
164,2026-08-08 07:30:00+10:00,2,3,5,True,2026-08-08,07:30:00,Low
187,2026-08-08 07:30:00+10:00,1,2,3,True,2026-08-08,07:30:00,Low
3,2026-08-08 07:30:00+10:00,1,1,2,True,2026-08-08,07:30:00,Low
43,2026-08-08 07:30:00+10:00,5,0,5,True,2026-08-08,07:30:00,Low
44,2026-08-08 07:30:00+10:00,3,0,3,True,2026-08-08,07:30:00,Low
59,2026-08-08 07:30:00+10:00,1,0,1,True,2026-08-08,07:30:00,Low
77,2026-08-08 07:30:00+10:00,5,4,9,True,2026-08-08,07:30:00,Low
132,2026-08-08 07:30:00+10:00,5,2,7,True,2026-08-08,07:30:00,Low
143,2026-08-08 07:30:00+10:00,4,3,7,True,2026-08-08,07:30:00,Low
179,2026-08-08 07:30:00+10:00,2,0,2,True,2026-08-08,07:30:00,Low
181,2026-08-08 07:30:00+10:00,0,2,2,True,2026-08-08,07:30:00,Low
184,2026-08-08 07:30:00+10:00,2,3,5,True,2026-08-08,07:30:00,Low
185,2026-08-08 07:30:00+10:00,3,6,9,True,2026-08-08,07:30:00,Low
25,2026-08-08 07:30:00+10:00,2,16,18,True,2026-08-08,07:30:00,Low
30,2026-08-08 07:30:00+10:00,9,0,9,True,2026-08-08,07:30:00,Low
35,2026-08-08 07:30:00+10:00,7,3,10,True,2026-08-08,07:30:00,Low
52,2026-08-08 07:30:00+10:00,0,1,1,True,2026-08-08,07:30:00,Low
58,2026-08-08 07:30:00+10:00,17,6,23,True,2026-08-08,07:30:00,Low
72,2026-08-08 07:30:00+10:00,0,1,1,True,2026-08-08,07:30:00,Low
76,2026-08-08 07:30:00+10:00,1,0,1,True,2026-08-08,07:30:00,Low
123,2026-08-08 07:30:00+10:00,0,1,1,True,2026-08-08,07:30:00,Low
130,2026-08-08 07:30:00+10:00,4,1,5,True,2026-08-08,07:30:00,Low
137,2026-08-08 07:30:00+10:00,1,0,1,True,2026-08-08,07:30:00,Low
139,2026-08-08 07:30:00+10:00,3,2,5,True,2026-08-08,07:30:00,Low
142,2026-08-08 07:30:00+10:00,12,14,26,True,2026-08-08,07:30:00,Low
4,2026-08-08 07:30:00+10:00,2,2,4,True,2026-08-08,07:30:00,Low
5,2026-08-08 07:30:00+10:00,8,10,18,True,2026-08-08,07:30:00,Low
21,2026-08-08 07:30:00+10:00,1,1,2,True,2026-08-08,07:30:00,Low
209,2026-08-08 07:29:00+10:00,0,3,3,True,2026-08-08,07:29:00,Low
12,2026-08-08 07:29:00+10:00,1,0,1,True,2026-08-08,07:29:00,Low
17,2026-08-08 07:29:00+10:00,1,1,2,True,2026-08-08,07:29:00,Low
18,2026-08-08 07:29:00+10:00,0,1,1,True,2026-08-08,07:29:00,Low
20,2026-08-08 07:29:00+10:00,1,0,1,True,2026-08-08,07:29:00,Low
56,2026-08-08 07:29:00+10:00,1,1,2,True,2026-08-08,07:29:00,Low
4,2026-08-08 07:29:00+10:00,1,1,2,True,2026-08-08,07:29:00,Low
8,2026-08-08 07:29:00+10:00,1,2,3,True,2026-08-08,07:29:00,Low
31,2026-08-08 07:29:00+10:00,2,0,2,True,2026-08-08,07:29:00,Low
42,2026-08-08 07:29:00+10:00,2,0,2,True,2026-08-08,07:29:00,Low
181,2026-08-08 07:29:00+10:00,2,1,3,True,2026-08-08,07:29:00,Low
1,2026-08-08 07:29:00+10:00,1,0,1,True,2026-08-08,07:29:00,Low
35,2026-08-08 07:29:00+10:00,1,5,6,True,2026-08-08,07:29:00,Low
68,2026-08-08 07:29:00+10:00,1,0,1,True,2026-08-08,07:29:00,Low
79,2026-08-08 07:29:00+10:00,2,3,5,True,2026-08-08,07:29:00,Low
87,2026-08-08 07:29:00+10:00,0,2,2,True,2026-08-08,07:29:00,Low
19,2026-08-08 07:29:00+10:00,1,0,1,True,2026-08-08,07:29:00,Low
24,2026-08-08 07:29:00+10:00,7,1,8,True,2026-08-08,07:29:00,Low
53,2026-08-08 07:29:00+10:00,0,1,1,True,2026-08-08,07:29:00,Low
63,2026-08-08 07:29:00+10:00,1,0,1,True,2026-08-08,07:29:00,Low
86,2026-08-08 07:29:00+10:00,1,0,1,True,2026-08-08,07:29:00,Low
14,2026-08-08 07:29:00+10:00,1,0,1,True,2026-08-08,07:29:00,Low
50,2026-08-08 07:29:00+10:00,1,0,1,True,2026-08-08,07:29:00,Low
61,2026-08-08 07:28:00+10:00,0,1,1,True,2026-08-08,07:28:00,Low
70,2026-08-08 07:28:00+10:00,2,1,3,True,2026-08-08,07:28:00,Low
35,2026-08-08 07:28:00+10:00,6,4,10,True,2026-08-08,07:28:00,Low
187,2026-08-08 07:28:00+10:00,3,0,3,True,2026-08-08,07:28:00,Low
181,2026-08-08 07:28:00+10:00,0,1,1,True,2026-08-08,07:28:00,Low
11,2026-08-08 07:28:00+10:00,1,1,2,True,2026-08-08,07:28:00,Low
24,2026-08-08 07:28:00+10:00,2,3,5,True,2026-08-08,07:28:00,Low
51,2026-08-08 07:28:00+10:00,0,3,3,True,2026-08-08,07:28:00,Low
52,2026-08-08 07:28:00+10:00,0,1,1,True,2026-08-08,07:28:00,Low
62,2026-08-08 07:28:00+10:00,2,1,3,True,2026-08-08,07:28:00,Low
67,2026-08-08 07:28:00+10:00,2,2,4,True,2026-08-08,07:28:00,Low
76,2026-08-08 07:28:00+10:00,0,1,1,True,2026-08-08,07:28:00,Low
79,2026-08-08 07:28:00+10:00,0,2,2,True,2026-08-08,07:28:00,Low
180,2026-08-08 07:28:00+10:00,1,0,1,True,2026-08-08,07:28:00,Low
36,2026-08-08 07:28:00+10:00,2,0,2,True,2026-08-08,07:28:00,Low
66,2026-08-08 07:28:00+10:00,2,1,3,True,2026-08-08,07:28:00,Low
75,2026-08-08 07:28:00+10:00,0,1,1,True,2026-08-08,07:28:00,Low
209,2026-08-08 07:28:00+10:00,0,1,1,True,2026-08-08,07:28:00,Low
1,2026-08-08 07:28:00+10:00,2,0,2,True,2026-08-08,07:28:00,Low
12,2026-08-08 07:28:00+10:00,1,1,2,True,2026-08-08,07:28:00,Low
17,2026-08-08 07:28:00+10:00,1,1,2,True,2026-08-08,07:28:00,Low
19,2026-08-08 07:28:00+10:00,1,0,1,True,2026-08-08,07:28:00,Low
53,2026-08-08 07:28:00+10:00,1,0,1,True,2026-08-08,07:28:00,Low
56,2026-08-08 07:28:00+10:00,1,0,1,True,2026-08-08,07:28:00,Low
68,2026-08-08 07:28:00+10:00,0,1,1,True,2026-08-08,07:28:00,Low
72,2026-08-08 07:28:00+10:00,1,0,1,True,2026-08-08,07:28:00,Low
3,2026-08-08 07:28:00+10:00,1,1,2,True,2026-08-08,07:28:00,Low
4,2026-08-08 07:28:00+10:00,2,1,3,True,2026-08-08,07:28:00,Low
6,2026-08-08 07:28:00+10:00,3,7,10,True,2026-08-08,07:28:00,Low
8,2026-08-08 07:28:00+10:00,0,4,4,True,2026-08-08,07:28:00,Low
42,2026-08-08 07:28:00+10:00,1,0,1,True,2026-08-08,07:28:00,Low
66,2026-08-08 07:27:00+10:00,1,0,1,True,2026-08-08,07:27:00,Low
68,2026-08-08 07:27:00+10:00,1,0,1,True,2026-08-08,07:27:00,Low
180,2026-08-08 07:27:00+10:00,0,1,1,True,2026-08-08,07:27:00,Low
40,2026-08-08 07:27:00+10:00,2,1,3,True,2026-08-08,07:27:00,Low
50,2026-08-08 07:27:00+10:00,1,0,1,True,2026-08-08,07:27:00,Low
17,2026-08-08 07:27:00+10:00,4,0,4,True,2026-08-08,07:27:00,Low
19,2026-08-08 07:27:00+10:00,2,1,3,True,2026-08-08,07:27:00,Low
35,2026-08-08 07:27:00+10:00,4,3,7,True,2026-08-08,07:27:00,Low
62,2026-08-08 07:27:00+10:00,1,1,2,True,2026-08-08,07:27:00,Low
63,2026-08-08 07:27:00+10:00,1,0,1,True,2026-08-08,07:27:00,Low
67,2026-08-08 07:27:00+10:00,1,3,4,True,2026-08-08,07:27:00,Low
72,2026-08-08 07:27:00+10:00,0,1,1,True,2026-08-08,07:27:00,Low
76,2026-08-08 07:27:00+10:00,2,1,3,True,2026-08-08,07:27:00,Low
79,2026-08-08 07:27:00+10:00,6,0,6,True,2026-08-08,07:27:00,Low
87,2026-08-08 07:27:00+10:00,0,1,1,True,2026-08-08,07:27:00,Low
181,2026-08-08 07:27:00+10:00,1,5,6,True,2026-08-08,07:27:00,Low
1,2026-08-08 07:27:00+10:00,1,0,1,True,2026-08-08,07:27:00,Low
9,2026-08-08 07:27:00+10:00,0,1,1,True,2026-08-08,07:27:00,Low
24,2026-08-08 07:27:00+10:00,5,3,8,True,2026-08-08,07:27:00,Low
52,2026-08-08 07:27:00+10:00,0,2,2,True,2026-08-08,07:27:00,Low
6,2026-08-08 07:27:00+10:00,1,11,12,True,2026-08-08,07:27:00,Low
8,2026-08-08 07:27:00+10:00,1,1,2,True,2026-08-08,07:27:00,Low
31,2026-08-08 07:27:00+10:00,0,3,3,True,2026-08-08,07:27:00,Low
61,2026-08-08 07:26:00+10:00,1,1,2,True,2026-08-08,07:26:00,Low
20,2026-08-08 07:26:00+10:00,2,0,2,True,2026-08-08,07:26:00,Low
53,2026-08-08 07:26:00+10:00,2,0,2,True,2026-08-08,07:26:00,Low
62,2026-08-08 07:26:00+10:00,0,1,1,True,2026-08-08,07:26:00,Low
79,2026-08-08 07:26:00+10:00,0,1,1,True,2026-08-08,07:26:00,Low
3,2026-08-08 07:26:00+10:00,1,0,1,True,2026-08-08,07:26:00,Low
4,2026-08-08 07:26:00+10:00,0,3,3,True,2026-08-08,07:26:00,Low
8,2026-08-08 07:26:00+10:00,2,0,2,True,2026-08-08,07:26:00,Low
29,2026-08-08 07:26:00+10:00,0,2,2,True,2026-08-08,07:26:00,Low
42,2026-08-08 07:26:00+10:00,1,0,1,True,2026-08-08,07:26:00,Low
66,2026-08-08 07:26:00+10:00,0,1,1,True,2026-08-08,07:26:00,Low
75,2026-08-08 07:26:00+10:00,2,0,2,True,2026-08-08,07:26:00,Low
181,2026-08-08 07:26:00+10:00,1,2,3,True,2026-08-08,07:26:00,Low
209,2026-08-08 07:26:00+10:00,1,1,2,True,2026-08-08,07:26:00,Low
1,2026-08-08 07:26:00+10:00,0,2,2,True,2026-08-08,07:26:00,Low
2,2026-08-08 07:26:00+10:00,1,0,1,True,2026-08-08,07:26:00,Low
17,2026-08-08 07:26:00+10:00,0,3,3,True,2026-08-08,07:26:00,Low
19,2026-08-08 07:26:00+10:00,1,0,1,True,2026-08-08,07:26:00,Low
35,2026-08-08 07:26:00+10:00,4,0,4,True,2026-08-08,07:26:00,Low
56,2026-08-08 07:26:00+10:00,2,1,3,True,2026-08-08,07:26:00,Low
67,2026-08-08 07:26:00+10:00,2,0,2,True,2026-08-08,07:26:00,Low
76,2026-08-08 07:26:00+10:00,1,0,1,True,2026-08-08,07:26:00,Low
6,2026-08-08 07:26:00+10:00,2,0,2,True,2026-08-08,07:26:00,Low
10,2026-08-08 07:26:00+10:00,0,1,1,True,2026-08-08,07:26:00,Low
24,2026-08-08 07:26:00+10:00,3,5,8,True,2026-08-08,07:26:00,Low
68,2026-08-08 07:26:00+10:00,0,4,4,True,2026-08-08,07:26:00,Low
72,2026-08-08 07:26:00+10:00,0,1,1,True,2026-08-08,07:26:00,Low
59,2026-08-08 07:25:00+10:00,2,4,6,True,2026-08-08,07:25:00,Low
133,2026-08-08 07:25:00+10:00,6,20,26,True,2026-08-08,07:25:00,Low
134,2026-08-08 07:25:00+10:00,8,6,14,True,2026-08-08,07:25:00,Low
140,2026-08-08 07:25:00+10:00,3,0,3,True,2026-08-08,07:25:00,Low
185,2026-08-08 07:25:00+10:00,4,2,6,True,2026-08-08,07:25:00,Low
24,2026-08-08 07:25:00+10:00,1,0,1,True,2026-08-08,07:25:00,Low
49,2026-08-08 07:25:00+10:00,2,3,5,True,2026-08-08,07:25:00,Low
67,2026-08-08 07:25:00+10:00,1,2,3,True,2026-08-08,07:25:00,Low
6,2026-08-08 07:25:00+10:00,1,1,2,True,2026-08-08,07:25:00,Low
42,2026-08-08 07:25:00+10:00,1,0,1,True,2026-08-08,07:25:00,Low
43,2026-08-08 07:25:00+10:00,1,1,2,True,2026-08-08,07:25:00,Low
44,2026-08-08 07:25:00+10:00,1,1,2,True,2026-08-08,07:25:00,Low
47,2026-08-08 07:25:00+10:00,2,6,8,True,2026-08-08,07:25:00,Low
54,2026-08-08 07:25:00+10:00,4,0,4,True,2026-08-08,07:25:00,Low
61,2026-08-08 07:25:00+10:00,1,1,2,True,2026-08-08,07:25:00,Low
66,2026-08-08 07:25:00+10:00,0,1,1,True,2026-08-08,07:25:00,Low
77,2026-08-08 07:25:00+10:00,5,6,11,True,2026-08-08,07:25:00,Low
87,2026-08-08 07:25:00+10:00,1,0,1,True,2026-08-08,07:25:00,Low
107,2026-08-08 07:25:00+10:00,0,8,8,True,2026-08-08,07:25:00,Low
143,2026-08-08 07:25:00+10:00,8,5,13,True,2026-08-08,07:25:00,Low
162,2026-08-08 07:25:00+10:00,12,3,15,True,2026-08-08,07:25:00,Low
166,2026-08-08 07:25:00+10:00,0,3,3,True,2026-08-08,07:25:00,Low
181,2026-08-08 07:25:00+10:00,0,1,1,True,2026-08-08,07:25:00,Low
2,2026-08-08 07:25:00+10:00,1,2,3,True,2026-08-08,07:25:00,Low
9,2026-08-08 07:25:00+10:00,0,1,1,True,2026-08-08,07:25:00,Low
11,2026-08-08 07:25:00+10:00,2,1,3,True,2026-08-08,07:25:00,Low
23,2026-08-08 07:25:00+10:00,4,5,9,True,2026-08-08,07:25:00,Low
25,2026-08-08 07:25:00+10:00,5,9,14,True,2026-08-08,07:25:00,Low
27,2026-08-08 07:25:00+10:00,4,3,7,True,2026-08-08,07:25:00,Low
35,2026-08-08 07:25:00+10:00,4,2,6,True,2026-08-08,07:25:00,Low
53,2026-08-08 07:25:00+10:00,0,1,1,True,2026-08-08,07:25:00,Low
58,2026-08-08 07:25:00+10:00,9,2,11,True,2026-08-08,07:25:00,Low
72,2026-08-08 07:25:00+10:00,0,2,2,True,2026-08-08,07:25:00,Low
109,2026-08-08 07:25:00+10:00,2,1,3,True,2026-08-08,07:25:00,Low
117,2026-08-08 07:25:00+10:00,3,1,4,True,2026-08-08,07:25:00,Low
137,2026-08-08 07:25:00+10:00,1,1,2,True,2026-08-08,07:25:00,Low
164,2026-08-08 07:25:00+10:00,0,7,7,True,2026-08-08,07:25:00,Low
187,2026-08-08 07:25:00+10:00,0,1,1,True,2026-08-08,07:25:00,Low
3,2026-08-08 07:25:00+10:00,0,3,3,True,2026-08-08,07:25:00,Low
4,2026-08-08 07:25:00+10:00,3,0,3,True,2026-08-08,07:25:00,Low
8,2026-08-08 07:25:00+10:00,0,3,3,True,2026-08-08,07:25:00,Low
45,2026-08-08 07:25:00+10:00,8,9,17,True,2026-08-08,07:25:00,Low
84,2026-08-08 07:25:00+10:00,9,13,22,True,2026-08-08,07:25:00,Low
118,2026-08-08 07:25:00+10:00,1,0,1,True,2026-08-08,07:25:00,Low
131,2026-08-08 07:25:00+10:00,1,2,3,True,2026-08-08,07:25:00,Low
132,2026-08-08 07:25:00+10:00,5,7,12,True,2026-08-08,07:25:00,Low
135,2026-08-08 07:25:00+10:00,4,1,5,True,2026-08-08,07:25:00,Low
165,2026-08-08 07:25:00+10:00,1,1,2,True,2026-08-08,07:25:00,Low
167,2026-08-08 07:25:00+10:00,0,3,3,True,2026-08-08,07:25:00,Low
179,2026-08-08 07:25:00+10:00,1,1,2,True,2026-08-08,07:25:00,Low
182,2026-08-08 07:25:00+10:00,3,1,4,True,2026-08-08,07:25:00,Low
184,2026-08-08 07:25:00+10:00,4,6,10,True,2026-08-08,07:25:00,Low
209,2026-08-08 07:25:00+10:00,0,1,1,True,2026-08-08,07:25:00,Low
12,2026-08-08 07:25:00+10:00,1,0,1,True,2026-08-08,07:25:00,Low
18,2026-08-08 07:25:00+10:00,0,1,1,True,2026-08-08,07:25:00,Low
30,2026-08-08 07:25:00+10:00,4,8,12,True,2026-08-08,07:25:00,Low
48,2026-08-08 07:25:00+10:00,6,0,6,True,2026-08-08,07:25:00,Low
62,2026-08-08 07:25:00+10:00,0,1,1,True,2026-08-08,07:25:00,Low
79,2026-08-08 07:25:00+10:00,1,2,3,True,2026-08-08,07:25:00,Low
130,2026-08-08 07:25:00+10:00,4,2,6,True,2026-08-08,07:25:00,Low
136,2026-08-08 07:25:00+10:00,1,1,2,True,2026-08-08,07:25:00,Low
141,2026-08-08 07:25:00+10:00,2,2,4,True,2026-08-08,07:25:00,Low
142,2026-08-08 07:25:00+10:00,17,6,23,True,2026-08-08,07:25:00,Low
161,2026-08-08 07:25:00+10:00,2,4,6,True,2026-08-08,07:25:00,Low
5,2026-08-08 07:25:00+10:00,5,5,10,True,2026-08-08,07:25:00,Low
14,2026-08-08 07:25:00+10:00,1,1,2,True,2026-08-08,07:25:00,Low
21,2026-08-08 07:25:00+10:00,2,0,2,True,2026-08-08,07:25:00,Low
39,2026-08-08 07:25:00+10:00,1,0,1,True,2026-08-08,07:25:00,Low
17,2026-08-08 07:24:00+10:00,2,1,3,True,2026-08-08,07:24:00,Low
24,2026-08-08 07:24:00+10:00,1,2,3,True,2026-08-08,07:24:00,Low
8,2026-08-08 07:24:00+10:00,4,3,7,True,2026-08-08,07:24:00,Low
14,2026-08-08 07:24:00+10:00,1,0,1,True,2026-08-08,07:24:00,Low
29,2026-08-08 07:24:00+10:00,1,1,2,True,2026-08-08,07:24:00,Low
75,2026-08-08 07:24:00+10:00,0,3,3,True,2026-08-08,07:24:00,Low
9,2026-08-08 07:24:00+10:00,1,1,2,True,2026-08-08,07:24:00,Low
12,2026-08-08 07:24:00+10:00,2,1,3,True,2026-08-08,07:24:00,Low
19,2026-08-08 07:24:00+10:00,0,1,1,True,2026-08-08,07:24:00,Low
35,2026-08-08 07:24:00+10:00,10,2,12,True,2026-08-08,07:24:00,Low
53,2026-08-08 07:24:00+10:00,1,0,1,True,2026-08-08,07:24:00,Low
72,2026-08-08 07:24:00+10:00,0,3,3,True,2026-08-08,07:24:00,Low
4,2026-08-08 07:24:00+10:00,2,0,2,True,2026-08-08,07:24:00,Low
6,2026-08-08 07:24:00+10:00,3,0,3,True,2026-08-08,07:24:00,Low
87,2026-08-08 07:24:00+10:00,1,0,1,True,2026-08-08,07:24:00,Low
181,2026-08-08 07:24:00+10:00,0,2,2,True,2026-08-08,07:24:00,Low
76,2026-08-08 07:24:00+10:00,0,1,1,True,2026-08-08,07:24:00,Low
3,2026-08-08 07:24:00+10:00,2,0,2,True,2026-08-08,07:24:00,Low
61,2026-08-08 07:24:00+10:00,0,2,2,True,2026-08-08,07:24:00,Low
66,2026-08-08 07:24:00+10:00,0,2,2,True,2026-08-08,07:24:00,Low
69,2026-08-08 07:23:00+10:00,1,0,1,True,2026-08-08,07:23:00,Low
181,2026-08-08 07:23:00+10:00,0,2,2,True,2026-08-08,07:23:00,Low
11,2026-08-08 07:23:00+10:00,2,0,2,True,2026-08-08,07:23:00,Low
24,2026-08-08 07:23:00+10:00,1,0,1,True,2026-08-08,07:23:00,Low
62,2026-08-08 07:23:00+10:00,0,1,1,True,2026-08-08,07:23:00,Low
67,2026-08-08 07:23:00+10:00,1,4,5,True,2026-08-08,07:23:00,Low
72,2026-08-08 07:23:00+10:00,4,1,5,True,2026-08-08,07:23:00,Low
76,2026-08-08 07:23:00+10:00,1,0,1,True,2026-08-08,07:23:00,Low
180,2026-08-08 07:23:00+10:00,0,1,1,True,2026-08-08,07:23:00,Low
4,2026-08-08 07:23:00+10:00,1,0,1,True,2026-08-08,07:23:00,Low
36,2026-08-08 07:23:00+10:00,2,0,2,True,2026-08-08,07:23:00,Low
35,2026-08-08 07:23:00+10:00,2,6,8,True,2026-08-08,07:23:00,Low
63,2026-08-08 07:23:00+10:00,1,1,2,True,2026-08-08,07:23:00,Low
79,2026-08-08 07:23:00+10:00,1,2,3,True,2026-08-08,07:23:00,Low
3,2026-08-08 07:23:00+10:00,1,0,1,True,2026-08-08,07:23:00,Low
29,2026-08-08 07:23:00+10:00,0,2,2,True,2026-08-08,07:23:00,Low
40,2026-08-08 07:23:00+10:00,1,0,1,True,2026-08-08,07:23:00,Low
209,2026-08-08 07:23:00+10:00,1,0,1,True,2026-08-08,07:23:00,Low
2,2026-08-08 07:23:00+10:00,0,2,2,True,2026-08-08,07:23:00,Low
17,2026-08-08 07:23:00+10:00,1,1,2,True,2026-08-08,07:23:00,Low
20,2026-08-08 07:23:00+10:00,3,0,3,True,2026-08-08,07:23:00,Low
53,2026-08-08 07:23:00+10:00,3,3,6,True,2026-08-08,07:23:00,Low
187,2026-08-08 07:23:00+10:00,0,1,1,True,2026-08-08,07:23:00,Low
31,2026-08-08 07:23:00+10:00,0,1,1,True,2026-08-08,07:23:00,Low
69,2026-08-08 07:22:00+10:00,2,0,2,True,2026-08-08,07:22:00,Low
9,2026-08-08 07:22:00+10:00,1,0,1,True,2026-08-08,07:22:00,Low
17,2026-08-08 07:22:00+10:00,3,0,3,True,2026-08-08,07:22:00,Low
24,2026-08-08 07:22:00+10:00,2,4,6,True,2026-08-08,07:22:00,Low
63,2026-08-08 07:22:00+10:00,3,3,6,True,2026-08-08,07:22:00,Low
67,2026-08-08 07:22:00+10:00,3,0,3,True,2026-08-08,07:22:00,Low
187,2026-08-08 07:22:00+10:00,1,1,2,True,2026-08-08,07:22:00,Low
29,2026-08-08 07:22:00+10:00,1,0,1,True,2026-08-08,07:22:00,Low
36,2026-08-08 07:22:00+10:00,1,1,2,True,2026-08-08,07:22:00,Low
50,2026-08-08 07:22:00+10:00,3,0,3,True,2026-08-08,07:22:00,Low
66,2026-08-08 07:22:00+10:00,0,1,1,True,2026-08-08,07:22:00,Low
181,2026-08-08 07:22:00+10:00,0,5,5,True,2026-08-08,07:22:00,Low
35,2026-08-08 07:22:00+10:00,4,2,6,True,2026-08-08,07:22:00,Low
72,2026-08-08 07:22:00+10:00,1,1,2,True,2026-08-08,07:22:00,Low
4,2026-08-08 07:22:00+10:00,0,1,1,True,2026-08-08,07:22:00,Low
14,2026-08-08 07:22:00+10:00,2,0,2,True,2026-08-08,07:22:00,Low
209,2026-08-08 07:22:00+10:00,2,0,2,True,2026-08-08,07:22:00,Low
10,2026-08-08 07:22:00+10:00,1,0,1,True,2026-08-08,07:22:00,Low
11,2026-08-08 07:22:00+10:00,0,1,1,True,2026-08-08,07:22:00,Low
62,2026-08-08 07:22:00+10:00,1,0,1,True,2026-08-08,07:22:00,Low
180,2026-08-08 07:22:00+10:00,0,2,2,True,2026-08-08,07:22:00,Low
8,2026-08-08 07:22:00+10:00,0,3,3,True,2026-08-08,07:22:00,Low
40,2026-08-08 07:22:00+10:00,0,3,3,True,2026-08-08,07:22:00,Low
2,2026-08-08 07:21:00+10:00,1,0,1,True,2026-08-08,07:21:00,Low
9,2026-08-08 07:21:00+10:00,1,0,1,True,2026-08-08,07:21:00,Low
79,2026-08-08 07:21:00+10:00,0,1,1,True,2026-08-08,07:21:00,Low
4,2026-08-08 07:21:00+10:00,5,2,7,True,2026-08-08,07:21:00,Low
61,2026-08-08 07:21:00+10:00,0,2,2,True,2026-08-08,07:21:00,Low
71,2026-08-08 07:21:00+10:00,1,0,1,True,2026-08-08,07:21:00,Low
209,2026-08-08 07:21:00+10:00,1,1,2,True,2026-08-08,07:21:00,Low
12,2026-08-08 07:21:00+10:00,2,0,2,True,2026-08-08,07:21:00,Low
20,2026-08-08 07:21:00+10:00,1,0,1,True,2026-08-08,07:21:00,Low
24,2026-08-08 07:21:00+10:00,2,3,5,True,2026-08-08,07:21:00,Low
67,2026-08-08 07:21:00+10:00,1,2,3,True,2026-08-08,07:21:00,Low
85,2026-08-08 07:21:00+10:00,1,0,1,True,2026-08-08,07:21:00,Low
29,2026-08-08 07:21:00+10:00,0,1,1,True,2026-08-08,07:21:00,Low
42,2026-08-08 07:21:00+10:00,2,0,2,True,2026-08-08,07:21:00,Low
66,2026-08-08 07:21:00+10:00,1,4,5,True,2026-08-08,07:21:00,Low
1,2026-08-08 07:21:00+10:00,0,1,1,True,2026-08-08,07:21:00,Low
17,2026-08-08 07:21:00+10:00,0,3,3,True,2026-08-08,07:21:00,Low
35,2026-08-08 07:21:00+10:00,2,4,6,True,2026-08-08,07:21:00,Low
56,2026-08-08 07:21:00+10:00,1,4,5,True,2026-08-08,07:21:00,Low
62,2026-08-08 07:21:00+10:00,0,1,1,True,2026-08-08,07:21:00,Low
187,2026-08-08 07:21:00+10:00,1,0,1,True,2026-08-08,07:21:00,Low
3,2026-08-08 07:21:00+10:00,0,1,1,True,2026-08-08,07:21:00,Low
6,2026-08-08 07:21:00+10:00,1,5,6,True,2026-08-08,07:21:00,Low
84,2026-08-08 07:20:00+10:00,6,9,15,True,2026-08-08,07:20:00,Low
132,2026-08-08 07:20:00+10:00,3,3,6,True,2026-08-08,07:20:00,Low
162,2026-08-08 07:20:00+10:00,2,5,7,True,2026-08-08,07:20:00,Low
182,2026-08-08 07:20:00+10:00,3,2,5,True,2026-08-08,07:20:00,Low
184,2026-08-08 07:20:00+10:00,0,5,5,True,2026-08-08,07:20:00,Low
185,2026-08-08 07:20:00+10:00,4,3,7,True,2026-08-08,07:20:00,Low
209,2026-08-08 07:20:00+10:00,3,1,4,True,2026-08-08,07:20:00,Low
2,2026-08-08 07:20:00+10:00,2,1,3,True,2026-08-08,07:20:00,Low
25,2026-08-08 07:20:00+10:00,10,9,19,True,2026-08-08,07:20:00,Low
35,2026-08-08 07:20:00+10:00,2,5,7,True,2026-08-08,07:20:00,Low
49,2026-08-08 07:20:00+10:00,4,3,7,True,2026-08-08,07:20:00,Low
72,2026-08-08 07:20:00+10:00,0,3,3,True,2026-08-08,07:20:00,Low
109,2026-08-08 07:20:00+10:00,1,1,2,True,2026-08-08,07:20:00,Low
130,2026-08-08 07:20:00+10:00,8,1,9,True,2026-08-08,07:20:00,Low
137,2026-08-08 07:20:00+10:00,1,0,1,True,2026-08-08,07:20:00,Low
138,2026-08-08 07:20:00+10:00,0,2,2,True,2026-08-08,07:20:00,Low
161,2026-08-08 07:20:00+10:00,4,3,7,True,2026-08-08,07:20:00,Low
3,2026-08-08 07:20:00+10:00,0,1,1,True,2026-08-08,07:20:00,Low
8,2026-08-08 07:20:00+10:00,1,0,1,True,2026-08-08,07:20:00,Low
14,2026-08-08 07:20:00+10:00,1,0,1,True,2026-08-08,07:20:00,Low
21,2026-08-08 07:20:00+10:00,2,0,2,True,2026-08-08,07:20:00,Low
59,2026-08-08 07:20:00+10:00,6,2,8,True,2026-08-08,07:20:00,Low
61,2026-08-08 07:20:00+10:00,1,0,1,True,2026-08-08,07:20:00,Low
131,2026-08-08 07:20:00+10:00,2,1,3,True,2026-08-08,07:20:00,Low
134,2026-08-08 07:20:00+10:00,3,5,8,True,2026-08-08,07:20:00,Low
135,2026-08-08 07:20:00+10:00,1,4,5,True,2026-08-08,07:20:00,Low
166,2026-08-08 07:20:00+10:00,1,1,2,True,2026-08-08,07:20:00,Low
17,2026-08-08 07:20:00+10:00,1,0,1,True,2026-08-08,07:20:00,Low
20,2026-08-08 07:20:00+10:00,1,0,1,True,2026-08-08,07:20:00,Low
23,2026-08-08 07:20:00+10:00,0,4,4,True,2026-08-08,07:20:00,Low
46,2026-08-08 07:20:00+10:00,0,2,2,True,2026-08-08,07:20:00,Low
48,2026-08-08 07:20:00+10:00,2,4,6,True,2026-08-08,07:20:00,Low
51,2026-08-08 07:20:00+10:00,1,0,1,True,2026-08-08,07:20:00,Low
53,2026-08-08 07:20:00+10:00,0,1,1,True,2026-08-08,07:20:00,Low
67,2026-08-08 07:20:00+10:00,1,1,2,True,2026-08-08,07:20:00,Low
86,2026-08-08 07:20:00+10:00,1,0,1,True,2026-08-08,07:20:00,Low
117,2026-08-08 07:20:00+10:00,0,4,4,True,2026-08-08,07:20:00,Low
136,2026-08-08 07:20:00+10:00,3,0,3,True,2026-08-08,07:20:00,Low
187,2026-08-08 07:20:00+10:00,1,0,1,True,2026-08-08,07:20:00,Low
4,2026-08-08 07:20:00+10:00,1,1,2,True,2026-08-08,07:20:00,Low
44,2026-08-08 07:20:00+10:00,0,3,3,True,2026-08-08,07:20:00,Low
66,2026-08-08 07:20:00+10:00,0,1,1,True,2026-08-08,07:20:00,Low
77,2026-08-08 07:20:00+10:00,2,11,13,True,2026-08-08,07:20:00,Low
133,2026-08-08 07:20:00+10:00,7,11,18,True,2026-08-08,07:20:00,Low
140,2026-08-08 07:20:00+10:00,1,1,2,True,2026-08-08,07:20:00,Low
143,2026-08-08 07:20:00+10:00,10,9,19,True,2026-08-08,07:20:00,Low
167,2026-08-08 07:20:00+10:00,0,6,6,True,2026-08-08,07:20:00,Low
181,2026-08-08 07:20:00+10:00,0,3,3,True,2026-08-08,07:20:00,Low
1,2026-08-08 07:20:00+10:00,1,0,1,True,2026-08-08,07:20:00,Low
11,2026-08-08 07:20:00+10:00,1,1,2,True,2026-08-08,07:20:00,Low
27,2026-08-08 07:20:00+10:00,4,1,5,True,2026-08-08,07:20:00,Low
30,2026-08-08 07:20:00+10:00,3,2,5,True,2026-08-08,07:20:00,Low
123,2026-08-08 07:20:00+10:00,2,4,6,True,2026-08-08,07:20:00,Low
139,2026-08-08 07:20:00+10:00,1,0,1,True,2026-08-08,07:20:00,Low
141,2026-08-08 07:20:00+10:00,0,3,3,True,2026-08-08,07:20:00,Low
142,2026-08-08 07:20:00+10:00,13,7,20,True,2026-08-08,07:20:00,Low
164,2026-08-08 07:20:00+10:00,0,10,10,True,2026-08-08,07:20:00,Low
180,2026-08-08 07:20:00+10:00,0,1,1,True,2026-08-08,07:20:00,Low
5,2026-08-08 07:20:00+10:00,9,3,12,True,2026-08-08,07:20:00,Low
29,2026-08-08 07:20:00+10:00,4,0,4,True,2026-08-08,07:20:00,Low
37,2026-08-08 07:20:00+10:00,0,1,1,True,2026-08-08,07:20:00,Low
39,2026-08-08 07:20:00+10:00,1,0,1,True,2026-08-08,07:20:00,Low
40,2026-08-08 07:20:00+10:00,0,1,1,True,2026-08-08,07:20:00,Low
42,2026-08-08 07:20:00+10:00,0,1,1,True,2026-08-08,07:20:00,Low
45,2026-08-08 07:20:00+10:00,2,3,5,True,2026-08-08,07:20:00,Low
47,2026-08-08 07:20:00+10:00,3,7,10,True,2026-08-08,07:20:00,Low
69,2026-08-08 07:19:00+10:00,0,1,1,True,2026-08-08,07:19:00,Low
181,2026-08-08 07:19:00+10:00,2,0,2,True,2026-08-08,07:19:00,Low
53,2026-08-08 07:19:00+10:00,0,1,1,True,2026-08-08,07:19:00,Low
67,2026-08-08 07:19:00+10:00,0,4,4,True,2026-08-08,07:19:00,Low
187,2026-08-08 07:19:00+10:00,2,0,2,True,2026-08-08,07:19:00,Low
6,2026-08-08 07:19:00+10:00,3,0,3,True,2026-08-08,07:19:00,Low
2,2026-08-08 07:19:00+10:00,0,1,1,True,2026-08-08,07:19:00,Low
17,2026-08-08 07:19:00+10:00,0,1,1,True,2026-08-08,07:19:00,Low
20,2026-08-08 07:19:00+10:00,1,1,2,True,2026-08-08,07:19:00,Low
51,2026-08-08 07:19:00+10:00,0,2,2,True,2026-08-08,07:19:00,Low
68,2026-08-08 07:19:00+10:00,3,0,3,True,2026-08-08,07:19:00,Low
4,2026-08-08 07:19:00+10:00,2,1,3,True,2026-08-08,07:19:00,Low
50,2026-08-08 07:19:00+10:00,1,0,1,True,2026-08-08,07:19:00,Low
1,2026-08-08 07:19:00+10:00,1,2,3,True,2026-08-08,07:19:00,Low
9,2026-08-08 07:19:00+10:00,1,0,1,True,2026-08-08,07:19:00,Low
12,2026-08-08 07:19:00+10:00,2,0,2,True,2026-08-08,07:19:00,Low
24,2026-08-08 07:19:00+10:00,6,1,7,True,2026-08-08,07:19:00,Low
35,2026-08-08 07:19:00+10:00,3,3,6,True,2026-08-08,07:19:00,Low
56,2026-08-08 07:19:00+10:00,1,0,1,True,2026-08-08,07:19:00,Low
63,2026-08-08 07:19:00+10:00,0,1,1,True,2026-08-08,07:19:00,Low
8,2026-08-08 07:19:00+10:00,0,1,1,True,2026-08-08,07:19:00,Low
14,2026-08-08 07:19:00+10:00,2,0,2,True,2026-08-08,07:19:00,Low
29,2026-08-08 07:19:00+10:00,1,2,3,True,2026-08-08,07:19:00,Low
40,2026-08-08 07:19:00+10:00,1,0,1,True,2026-08-08,07:19:00,Low
61,2026-08-08 07:19:00+10:00,1,3,4,True,2026-08-08,07:19:00,Low
75,2026-08-08 07:18:00+10:00,0,2,2,True,2026-08-08,07:18:00,Low
181,2026-08-08 07:18:00+10:00,0,1,1,True,2026-08-08,07:18:00,Low
209,2026-08-08 07:18:00+10:00,4,0,4,True,2026-08-08,07:18:00,Low
35,2026-08-08 07:18:00+10:00,5,2,7,True,2026-08-08,07:18:00,Low
52,2026-08-08 07:18:00+10:00,1,0,1,True,2026-08-08,07:18:00,Low
62,2026-08-08 07:18:00+10:00,3,1,4,True,2026-08-08,07:18:00,Low
68,2026-08-08 07:18:00+10:00,1,0,1,True,2026-08-08,07:18:00,Low
4,2026-08-08 07:18:00+10:00,0,2,2,True,2026-08-08,07:18:00,Low
8,2026-08-08 07:18:00+10:00,1,2,3,True,2026-08-08,07:18:00,Low
61,2026-08-08 07:18:00+10:00,0,1,1,True,2026-08-08,07:18:00,Low
69,2026-08-08 07:18:00+10:00,1,0,1,True,2026-08-08,07:18:00,Low
1,2026-08-08 07:18:00+10:00,2,3,5,True,2026-08-08,07:18:00,Low
17,2026-08-08 07:18:00+10:00,2,1,3,True,2026-08-08,07:18:00,Low
3,2026-08-08 07:18:00+10:00,0,1,1,True,2026-08-08,07:18:00,Low
36,2026-08-08 07:18:00+10:00,1,0,1,True,2026-08-08,07:18:00,Low
39,2026-08-08 07:18:00+10:00,1,0,1,True,2026-08-08,07:18:00,Low
87,2026-08-08 07:18:00+10:00,1,0,1,True,2026-08-08,07:18:00,Low
67,2026-08-08 07:18:00+10:00,1,1,2,True,2026-08-08,07:18:00,Low
79,2026-08-08 07:18:00+10:00,1,0,1,True,2026-08-08,07:18:00,Low
6,2026-08-08 07:18:00+10:00,2,0,2,True,2026-08-08,07:18:00,Low
181,2026-08-08 07:17:00+10:00,2,2,4,True,2026-08-08,07:17:00,Low
11,2026-08-08 07:17:00+10:00,2,0,2,True,2026-08-08,07:17:00,Low
56,2026-08-08 07:17:00+10:00,0,1,1,True,2026-08-08,07:17:00,Low
67,2026-08-08 07:17:00+10:00,3,1,4,True,2026-08-08,07:17:00,Low
79,2026-08-08 07:17:00+10:00,0,2,2,True,2026-08-08,07:17:00,Low
4,2026-08-08 07:17:00+10:00,6,1,7,True,2026-08-08,07:17:00,Low
8,2026-08-08 07:17:00+10:00,0,1,1,True,2026-08-08,07:17:00,Low
14,2026-08-08 07:17:00+10:00,1,0,1,True,2026-08-08,07:17:00,Low
50,2026-08-08 07:17:00+10:00,1,1,2,True,2026-08-08,07:17:00,Low
209,2026-08-08 07:17:00+10:00,0,1,1,True,2026-08-08,07:17:00,Low
2,2026-08-08 07:17:00+10:00,0,2,2,True,2026-08-08,07:17:00,Low
9,2026-08-08 07:17:00+10:00,0,1,1,True,2026-08-08,07:17:00,Low
24,2026-08-08 07:17:00+10:00,2,3,5,True,2026-08-08,07:17:00,Low
52,2026-08-08 07:17:00+10:00,1,1,2,True,2026-08-08,07:17:00,Low
187,2026-08-08 07:17:00+10:00,1,0,1,True,2026-08-08,07:17:00,Low
61,2026-08-08 07:17:00+10:00,1,0,1,True,2026-08-08,07:17:00,Low
87,2026-08-08 07:17:00+10:00,1,0,1,True,2026-08-08,07:17:00,Low
12,2026-08-08 07:17:00+10:00,3,0,3,True,2026-08-08,07:17:00,Low
20,2026-08-08 07:17:00+10:00,0,1,1,True,2026-08-08,07:17:00,Low
35,2026-08-08 07:17:00+10:00,3,1,4,True,2026-08-08,07:17:00,Low
53,2026-08-08 07:17:00+10:00,0,1,1,True,2026-08-08,07:17:00,Low
72,2026-08-08 07:17:00+10:00,2,0,2,True,2026-08-08,07:17:00,Low
180,2026-08-08 07:17:00+10:00,0,2,2,True,2026-08-08,07:17:00,Low
6,2026-08-08 07:17:00+10:00,0,1,1,True,2026-08-08,07:17:00,Low
40,2026-08-08 07:17:00+10:00,0,1,1,True,2026-08-08,07:17:00,Low
69,2026-08-08 07:16:00+10:00,1,0,1,True,2026-08-08,07:16:00,Low
70,2026-08-08 07:16:00+10:00,1,0,1,True,2026-08-08,07:16:00,Low
181,2026-08-08 07:16:00+10:00,0,1,1,True,2026-08-08,07:16:00,Low
209,2026-08-08 07:16:00+10:00,2,0,2,True,2026-08-08,07:16:00,Low
2,2026-08-08 07:16:00+10:00,0,1,1,True,2026-08-08,07:16:00,Low
9,2026-08-08 07:16:00+10:00,1,1,2,True,2026-08-08,07:16:00,Low
35,2026-08-08 07:16:00+10:00,2,4,6,True,2026-08-08,07:16:00,Low
68,2026-08-08 07:16:00+10:00,1,0,1,True,2026-08-08,07:16:00,Low
76,2026-08-08 07:16:00+10:00,0,1,1,True,2026-08-08,07:16:00,Low
4,2026-08-08 07:16:00+10:00,5,2,7,True,2026-08-08,07:16:00,Low
29,2026-08-08 07:16:00+10:00,0,3,3,True,2026-08-08,07:16:00,Low
51,2026-08-08 07:16:00+10:00,1,0,1,True,2026-08-08,07:16:00,Low
53,2026-08-08 07:16:00+10:00,0,3,3,True,2026-08-08,07:16:00,Low
63,2026-08-08 07:16:00+10:00,0,1,1,True,2026-08-08,07:16:00,Low
8,2026-08-08 07:16:00+10:00,0,2,2,True,2026-08-08,07:16:00,Low
19,2026-08-08 07:16:00+10:00,3,0,3,True,2026-08-08,07:16:00,Low
24,2026-08-08 07:16:00+10:00,2,0,2,True,2026-08-08,07:16:00,Low
79,2026-08-08 07:16:00+10:00,2,2,4,True,2026-08-08,07:16:00,Low
3,2026-08-08 07:16:00+10:00,0,1,1,True,2026-08-08,07:16:00,Low
14,2026-08-08 07:16:00+10:00,1,1,2,True,2026-08-08,07:16:00,Low
40,2026-08-08 07:16:00+10:00,1,0,1,True,2026-08-08,07:16:00,Low
61,2026-08-08 07:16:00+10:00,0,1,1,True,2026-08-08,07:16:00,Low
84,2026-08-08 07:15:00+10:00,5,7,12,True,2026-08-08,07:15:00,Low
107,2026-08-08 07:15:00+10:00,1,2,3,True,2026-08-08,07:15:00,Low
118,2026-08-08 07:15:00+10:00,0,1,1,True,2026-08-08,07:15:00,Low
131,2026-08-08 07:15:00+10:00,1,1,2,True,2026-08-08,07:15:00,Low
132,2026-08-08 07:15:00+10:00,5,1,6,True,2026-08-08,07:15:00,Low
135,2026-08-08 07:15:00+10:00,4,5,9,True,2026-08-08,07:15:00,Low
165,2026-08-08 07:15:00+10:00,0,3,3,True,2026-08-08,07:15:00,Low
167,2026-08-08 07:15:00+10:00,1,1,2,True,2026-08-08,07:15:00,Low
179,2026-08-08 07:15:00+10:00,5,0,5,True,2026-08-08,07:15:00,Low
182,2026-08-08 07:15:00+10:00,4,6,10,True,2026-08-08,07:15:00,Low
209,2026-08-08 07:15:00+10:00,1,1,2,True,2026-08-08,07:15:00,Low
9,2026-08-08 07:15:00+10:00,0,1,1,True,2026-08-08,07:15:00,Low
48,2026-08-08 07:15:00+10:00,3,2,5,True,2026-08-08,07:15:00,Low
53,2026-08-08 07:15:00+10:00,1,0,1,True,2026-08-08,07:15:00,Low
58,2026-08-08 07:15:00+10:00,1,4,5,True,2026-08-08,07:15:00,Low
62,2026-08-08 07:15:00+10:00,1,0,1,True,2026-08-08,07:15:00,Low
5,2026-08-08 07:15:00+10:00,12,1,13,True,2026-08-08,07:15:00,Low
29,2026-08-08 07:15:00+10:00,0,1,1,True,2026-08-08,07:15:00,Low
43,2026-08-08 07:15:00+10:00,0,3,3,True,2026-08-08,07:15:00,Low
54,2026-08-08 07:15:00+10:00,2,2,4,True,2026-08-08,07:15:00,Low
75,2026-08-08 07:15:00+10:00,1,0,1,True,2026-08-08,07:15:00,Low
77,2026-08-08 07:15:00+10:00,0,5,5,True,2026-08-08,07:15:00,Low
133,2026-08-08 07:15:00+10:00,5,11,16,True,2026-08-08,07:15:00,Low
134,2026-08-08 07:15:00+10:00,4,7,11,True,2026-08-08,07:15:00,Low
181,2026-08-08 07:15:00+10:00,0,3,3,True,2026-08-08,07:15:00,Low
184,2026-08-08 07:15:00+10:00,5,6,11,True,2026-08-08,07:15:00,Low
23,2026-08-08 07:15:00+10:00,4,5,9,True,2026-08-08,07:15:00,Low
25,2026-08-08 07:15:00+10:00,10,15,25,True,2026-08-08,07:15:00,Low
35,2026-08-08 07:15:00+10:00,5,1,6,True,2026-08-08,07:15:00,Low
52,2026-08-08 07:15:00+10:00,0,1,1,True,2026-08-08,07:15:00,Low
79,2026-08-08 07:15:00+10:00,1,0,1,True,2026-08-08,07:15:00,Low
130,2026-08-08 07:15:00+10:00,4,0,4,True,2026-08-08,07:15:00,Low
139,2026-08-08 07:15:00+10:00,2,1,3,True,2026-08-08,07:15:00,Low
187,2026-08-08 07:15:00+10:00,1,0,1,True,2026-08-08,07:15:00,Low
3,2026-08-08 07:15:00+10:00,0,1,1,True,2026-08-08,07:15:00,Low
4,2026-08-08 07:15:00+10:00,0,4,4,True,2026-08-08,07:15:00,Low
21,2026-08-08 07:15:00+10:00,3,3,6,True,2026-08-08,07:15:00,Low
44,2026-08-08 07:15:00+10:00,0,2,2,True,2026-08-08,07:15:00,Low
50,2026-08-08 07:15:00+10:00,1,0,1,True,2026-08-08,07:15:00,Low
140,2026-08-08 07:15:00+10:00,1,1,2,True,2026-08-08,07:15:00,Low
143,2026-08-08 07:15:00+10:00,2,3,5,True,2026-08-08,07:15:00,Low
162,2026-08-08 07:15:00+10:00,4,4,8,True,2026-08-08,07:15:00,Low
185,2026-08-08 07:15:00+10:00,2,6,8,True,2026-08-08,07:15:00,Low
188,2026-08-08 07:15:00+10:00,0,1,1,True,2026-08-08,07:15:00,Low
2,2026-08-08 07:15:00+10:00,0,4,4,True,2026-08-08,07:15:00,Low
10,2026-08-08 07:15:00+10:00,2,0,2,True,2026-08-08,07:15:00,Low
11,2026-08-08 07:15:00+10:00,2,2,4,True,2026-08-08,07:15:00,Low
12,2026-08-08 07:15:00+10:00,0,1,1,True,2026-08-08,07:15:00,Low
24,2026-08-08 07:15:00+10:00,0,12,12,True,2026-08-08,07:15:00,Low
27,2026-08-08 07:15:00+10:00,2,0,2,True,2026-08-08,07:15:00,Low
30,2026-08-08 07:15:00+10:00,1,2,3,True,2026-08-08,07:15:00,Low
49,2026-08-08 07:15:00+10:00,3,2,5,True,2026-08-08,07:15:00,Low
56,2026-08-08 07:15:00+10:00,2,0,2,True,2026-08-08,07:15:00,Low
72,2026-08-08 07:15:00+10:00,0,3,3,True,2026-08-08,07:15:00,Low
109,2026-08-08 07:15:00+10:00,0,2,2,True,2026-08-08,07:15:00,Low
117,2026-08-08 07:15:00+10:00,1,1,2,True,2026-08-08,07:15:00,Low
123,2026-08-08 07:15:00+10:00,2,0,2,True,2026-08-08,07:15:00,Low
136,2026-08-08 07:15:00+10:00,2,2,4,True,2026-08-08,07:15:00,Low
141,2026-08-08 07:15:00+10:00,2,0,2,True,2026-08-08,07:15:00,Low
142,2026-08-08 07:15:00+10:00,6,12,18,True,2026-08-08,07:15:00,Low
161,2026-08-08 07:15:00+10:00,9,5,14,True,2026-08-08,07:15:00,Low
164,2026-08-08 07:15:00+10:00,2,4,6,True,2026-08-08,07:15:00,Low
180,2026-08-08 07:15:00+10:00,1,1,2,True,2026-08-08,07:15:00,Low
6,2026-08-08 07:15:00+10:00,2,0,2,True,2026-08-08,07:15:00,Low
14,2026-08-08 07:15:00+10:00,1,0,1,True,2026-08-08,07:15:00,Low
45,2026-08-08 07:15:00+10:00,9,2,11,True,2026-08-08,07:15:00,Low
47,2026-08-08 07:15:00+10:00,1,5,6,True,2026-08-08,07:15:00,Low
59,2026-08-08 07:15:00+10:00,4,0,4,True,2026-08-08,07:15:00,Low
209,2026-08-08 07:14:00+10:00,1,1,2,True,2026-08-08,07:14:00,Low
8,2026-08-08 07:14:00+10:00,0,1,1,True,2026-08-08,07:14:00,Low
14,2026-08-08 07:14:00+10:00,2,0,2,True,2026-08-08,07:14:00,Low
87,2026-08-08 07:14:00+10:00,0,1,1,True,2026-08-08,07:14:00,Low
9,2026-08-08 07:14:00+10:00,1,0,1,True,2026-08-08,07:14:00,Low
56,2026-08-08 07:14:00+10:00,3,0,3,True,2026-08-08,07:14:00,Low
62,2026-08-08 07:14:00+10:00,1,0,1,True,2026-08-08,07:14:00,Low
79,2026-08-08 07:14:00+10:00,1,0,1,True,2026-08-08,07:14:00,Low
4,2026-08-08 07:14:00+10:00,1,3,4,True,2026-08-08,07:14:00,Low
6,2026-08-08 07:14:00+10:00,1,0,1,True,2026-08-08,07:14:00,Low
39,2026-08-08 07:14:00+10:00,0,2,2,True,2026-08-08,07:14:00,Low
69,2026-08-08 07:14:00+10:00,1,1,2,True,2026-08-08,07:14:00,Low
181,2026-08-08 07:14:00+10:00,0,1,1,True,2026-08-08,07:14:00,Low
12,2026-08-08 07:14:00+10:00,0,2,2,True,2026-08-08,07:14:00,Low
17,2026-08-08 07:14:00+10:00,1,0,1,True,2026-08-08,07:14:00,Low
35,2026-08-08 07:14:00+10:00,6,3,9,True,2026-08-08,07:14:00,Low
67,2026-08-08 07:14:00+10:00,0,1,1,True,2026-08-08,07:14:00,Low
180,2026-08-08 07:14:00+10:00,2,0,2,True,2026-08-08,07:14:00,Low
3,2026-08-08 07:14:00+10:00,1,0,1,True,2026-08-08,07:14:00,Low
29,2026-08-08 07:14:00+10:00,1,3,4,True,2026-08-08,07:14:00,Low
2,2026-08-08 07:13:00+10:00,0,2,2,True,2026-08-08,07:13:00,Low
18,2026-08-08 07:13:00+10:00,0,1,1,True,2026-08-08,07:13:00,Low
72,2026-08-08 07:13:00+10:00,0,3,3,True,2026-08-08,07:13:00,Low
3,2026-08-08 07:13:00+10:00,1,1,2,True,2026-08-08,07:13:00,Low
6,2026-08-08 07:13:00+10:00,3,2,5,True,2026-08-08,07:13:00,Low
29,2026-08-08 07:13:00+10:00,0,2,2,True,2026-08-08,07:13:00,Low
66,2026-08-08 07:13:00+10:00,1,0,1,True,2026-08-08,07:13:00,Low
181,2026-08-08 07:13:00+10:00,0,3,3,True,2026-08-08,07:13:00,Low
19,2026-08-08 07:13:00+10:00,0,1,1,True,2026-08-08,07:13:00,Low
52,2026-08-08 07:13:00+10:00,1,0,1,True,2026-08-08,07:13:00,Low
62,2026-08-08 07:13:00+10:00,2,0,2,True,2026-08-08,07:13:00,Low
67,2026-08-08 07:13:00+10:00,1,0,1,True,2026-08-08,07:13:00,Low
85,2026-08-08 07:13:00+10:00,0,1,1,True,2026-08-08,07:13:00,Low
8,2026-08-08 07:13:00+10:00,0,3,3,True,2026-08-08,07:13:00,Low
36,2026-08-08 07:13:00+10:00,0,1,1,True,2026-08-08,07:13:00,Low
42,2026-08-08 07:13:00+10:00,0,4,4,True,2026-08-08,07:13:00,Low
75,2026-08-08 07:13:00+10:00,0,1,1,True,2026-08-08,07:13:00,Low
87,2026-08-08 07:13:00+10:00,1,0,1,True,2026-08-08,07:13:00,Low
209,2026-08-08 07:13:00+10:00,1,0,1,True,2026-08-08,07:13:00,Low
1,2026-08-08 07:13:00+10:00,0,1,1,True,2026-08-08,07:13:00,Low
17,2026-08-08 07:13:00+10:00,2,1,3,True,2026-08-08,07:13:00,Low
24,2026-08-08 07:13:00+10:00,4,0,4,True,2026-08-08,07:13:00,Low
35,2026-08-08 07:13:00+10:00,4,1,5,True,2026-08-08,07:13:00,Low
79,2026-08-08 07:13:00+10:00,1,0,1,True,2026-08-08,07:13:00,Low
4,2026-08-08 07:13:00+10:00,1,1,2,True,2026-08-08,07:13:00,Low
14,2026-08-08 07:13:00+10:00,1,1,2,True,2026-08-08,07:13:00,Low
87,2026-08-08 07:12:00+10:00,1,1,2,True,2026-08-08,07:12:00,Low
56,2026-08-08 07:12:00+10:00,2,0,2,True,2026-08-08,07:12:00,Low
63,2026-08-08 07:12:00+10:00,0,1,1,True,2026-08-08,07:12:00,Low
181,2026-08-08 07:12:00+10:00,0,3,3,True,2026-08-08,07:12:00,Low
9,2026-08-08 07:12:00+10:00,1,0,1,True,2026-08-08,07:12:00,Low
17,2026-08-08 07:12:00+10:00,2,1,3,True,2026-08-08,07:12:00,Low
20,2026-08-08 07:12:00+10:00,1,0,1,True,2026-08-08,07:12:00,Low
52,2026-08-08 07:12:00+10:00,1,0,1,True,2026-08-08,07:12:00,Low
53,2026-08-08 07:12:00+10:00,0,1,1,True,2026-08-08,07:12:00,Low
79,2026-08-08 07:12:00+10:00,2,0,2,True,2026-08-08,07:12:00,Low
14,2026-08-08 07:12:00+10:00,0,1,1,True,2026-08-08,07:12:00,Low
61,2026-08-08 07:12:00+10:00,2,2,4,True,2026-08-08,07:12:00,Low
69,2026-08-08 07:12:00+10:00,0,1,1,True,2026-08-08,07:12:00,Low
35,2026-08-08 07:12:00+10:00,3,1,4,True,2026-08-08,07:12:00,Low
62,2026-08-08 07:12:00+10:00,1,0,1,True,2026-08-08,07:12:00,Low
67,2026-08-08 07:12:00+10:00,0,1,1,True,2026-08-08,07:12:00,Low
68,2026-08-08 07:12:00+10:00,0,1,1,True,2026-08-08,07:12:00,Low
72,2026-08-08 07:12:00+10:00,0,3,3,True,2026-08-08,07:12:00,Low
3,2026-08-08 07:12:00+10:00,0,3,3,True,2026-08-08,07:12:00,Low
6,2026-08-08 07:12:00+10:00,2,0,2,True,2026-08-08,07:12:00,Low
29,2026-08-08 07:12:00+10:00,0,1,1,True,2026-08-08,07:12:00,Low
36,2026-08-08 07:12:00+10:00,1,0,1,True,2026-08-08,07:12:00,Low
9,2026-08-08 07:11:00+10:00,1,0,1,True,2026-08-08,07:11:00,Low
17,2026-08-08 07:11:00+10:00,2,0,2,True,2026-08-08,07:11:00,Low
20,2026-08-08 07:11:00+10:00,3,1,4,True,2026-08-08,07:11:00,Low
51,2026-08-08 07:11:00+10:00,0,4,4,True,2026-08-08,07:11:00,Low
67,2026-08-08 07:11:00+10:00,0,1,1,True,2026-08-08,07:11:00,Low
72,2026-08-08 07:11:00+10:00,2,0,2,True,2026-08-08,07:11:00,Low
181,2026-08-08 07:11:00+10:00,1,0,1,True,2026-08-08,07:11:00,Low
209,2026-08-08 07:11:00+10:00,1,0,1,True,2026-08-08,07:11:00,Low
35,2026-08-08 07:11:00+10:00,4,0,4,True,2026-08-08,07:11:00,Low
63,2026-08-08 07:11:00+10:00,0,1,1,True,2026-08-08,07:11:00,Low
3,2026-08-08 07:11:00+10:00,0,1,1,True,2026-08-08,07:11:00,Low
4,2026-08-08 07:11:00+10:00,2,0,2,True,2026-08-08,07:11:00,Low
14,2026-08-08 07:11:00+10:00,1,1,2,True,2026-08-08,07:11:00,Low
40,2026-08-08 07:11:00+10:00,0,2,2,True,2026-08-08,07:11:00,Low
50,2026-08-08 07:11:00+10:00,0,3,3,True,2026-08-08,07:11:00,Low
61,2026-08-08 07:11:00+10:00,1,0,1,True,2026-08-08,07:11:00,Low
12,2026-08-08 07:11:00+10:00,0,1,1,True,2026-08-08,07:11:00,Low
24,2026-08-08 07:11:00+10:00,1,1,2,True,2026-08-08,07:11:00,Low
53,2026-08-08 07:11:00+10:00,2,0,2,True,2026-08-08,07:11:00,Low
68,2026-08-08 07:11:00+10:00,0,1,1,True,2026-08-08,07:11:00,Low
6,2026-08-08 07:11:00+10:00,0,3,3,True,2026-08-08,07:11:00,Low
29,2026-08-08 07:11:00+10:00,0,1,1,True,2026-08-08,07:11:00,Low
107,2026-08-08 07:10:00+10:00,2,2,4,True,2026-08-08,07:10:00,Low
209,2026-08-08 07:10:00+10:00,0,1,1,True,2026-08-08,07:10:00,Low
35,2026-08-08 07:10:00+10:00,3,5,8,True,2026-08-08,07:10:00,Low
48,2026-08-08 07:10:00+10:00,9,1,10,True,2026-08-08,07:10:00,Low
49,2026-08-08 07:10:00+10:00,3,4,7,True,2026-08-08,07:10:00,Low
58,2026-08-08 07:10:00+10:00,11,4,15,True,2026-08-08,07:10:00,Low
67,2026-08-08 07:10:00+10:00,3,0,3,True,2026-08-08,07:10:00,Low
5,2026-08-08 07:10:00+10:00,4,4,8,True,2026-08-08,07:10:00,Low
6,2026-08-08 07:10:00+10:00,3,1,4,True,2026-08-08,07:10:00,Low
21,2026-08-08 07:10:00+10:00,0,1,1,True,2026-08-08,07:10:00,Low
44,2026-08-08 07:10:00+10:00,1,0,1,True,2026-08-08,07:10:00,Low
69,2026-08-08 07:10:00+10:00,1,3,4,True,2026-08-08,07:10:00,Low
133,2026-08-08 07:10:00+10:00,14,7,21,True,2026-08-08,07:10:00,Low
134,2026-08-08 07:10:00+10:00,11,11,22,True,2026-08-08,07:10:00,Low
135,2026-08-08 07:10:00+10:00,5,5,10,True,2026-08-08,07:10:00,Low
167,2026-08-08 07:10:00+10:00,0,4,4,True,2026-08-08,07:10:00,Low
181,2026-08-08 07:10:00+10:00,0,2,2,True,2026-08-08,07:10:00,Low
182,2026-08-08 07:10:00+10:00,5,3,8,True,2026-08-08,07:10:00,Low
184,2026-08-08 07:10:00+10:00,3,2,5,True,2026-08-08,07:10:00,Low
185,2026-08-08 07:10:00+10:00,0,4,4,True,2026-08-08,07:10:00,Low
2,2026-08-08 07:10:00+10:00,0,1,1,True,2026-08-08,07:10:00,Low
11,2026-08-08 07:10:00+10:00,0,1,1,True,2026-08-08,07:10:00,Low
23,2026-08-08 07:10:00+10:00,0,2,2,True,2026-08-08,07:10:00,Low
30,2026-08-08 07:10:00+10:00,2,5,7,True,2026-08-08,07:10:00,Low
51,2026-08-08 07:10:00+10:00,1,1,2,True,2026-08-08,07:10:00,Low
53,2026-08-08 07:10:00+10:00,0,1,1,True,2026-08-08,07:10:00,Low
56,2026-08-08 07:10:00+10:00,1,1,2,True,2026-08-08,07:10:00,Low
76,2026-08-08 07:10:00+10:00,1,0,1,True,2026-08-08,07:10:00,Low
79,2026-08-08 07:10:00+10:00,0,1,1,True,2026-08-08,07:10:00,Low
85,2026-08-08 07:10:00+10:00,1,0,1,True,2026-08-08,07:10:00,Low
123,2026-08-08 07:10:00+10:00,1,0,1,True,2026-08-08,07:10:00,Low
130,2026-08-08 07:10:00+10:00,7,0,7,True,2026-08-08,07:10:00,Low
137,2026-08-08 07:10:00+10:00,1,3,4,True,2026-08-08,07:10:00,Low
142,2026-08-08 07:10:00+10:00,11,6,17,True,2026-08-08,07:10:00,Low
187,2026-08-08 07:10:00+10:00,2,0,2,True,2026-08-08,07:10:00,Low
8,2026-08-08 07:10:00+10:00,1,0,1,True,2026-08-08,07:10:00,Low
45,2026-08-08 07:10:00+10:00,3,4,7,True,2026-08-08,07:10:00,Low
59,2026-08-08 07:10:00+10:00,2,3,5,True,2026-08-08,07:10:00,Low
71,2026-08-08 07:10:00+10:00,4,0,4,True,2026-08-08,07:10:00,Low
77,2026-08-08 07:10:00+10:00,0,4,4,True,2026-08-08,07:10:00,Low
84,2026-08-08 07:10:00+10:00,9,6,15,True,2026-08-08,07:10:00,Low
131,2026-08-08 07:10:00+10:00,2,0,2,True,2026-08-08,07:10:00,Low
132,2026-08-08 07:10:00+10:00,7,2,9,True,2026-08-08,07:10:00,Low
140,2026-08-08 07:10:00+10:00,1,0,1,True,2026-08-08,07:10:00,Low
143,2026-08-08 07:10:00+10:00,5,13,18,True,2026-08-08,07:10:00,Low
162,2026-08-08 07:10:00+10:00,6,5,11,True,2026-08-08,07:10:00,Low
165,2026-08-08 07:10:00+10:00,0,1,1,True,2026-08-08,07:10:00,Low
166,2026-08-08 07:10:00+10:00,1,1,2,True,2026-08-08,07:10:00,Low
179,2026-08-08 07:10:00+10:00,1,0,1,True,2026-08-08,07:10:00,Low
188,2026-08-08 07:10:00+10:00,0,4,4,True,2026-08-08,07:10:00,Low
12,2026-08-08 07:10:00+10:00,0,1,1,True,2026-08-08,07:10:00,Low
19,2026-08-08 07:10:00+10:00,1,0,1,True,2026-08-08,07:10:00,Low
24,2026-08-08 07:10:00+10:00,0,2,2,True,2026-08-08,07:10:00,Low
25,2026-08-08 07:10:00+10:00,6,7,13,True,2026-08-08,07:10:00,Low
27,2026-08-08 07:10:00+10:00,1,0,1,True,2026-08-08,07:10:00,Low
52,2026-08-08 07:10:00+10:00,0,1,1,True,2026-08-08,07:10:00,Low
136,2026-08-08 07:10:00+10:00,2,0,2,True,2026-08-08,07:10:00,Low
141,2026-08-08 07:10:00+10:00,2,0,2,True,2026-08-08,07:10:00,Low
161,2026-08-08 07:10:00+10:00,2,3,5,True,2026-08-08,07:10:00,Low
164,2026-08-08 07:10:00+10:00,5,4,9,True,2026-08-08,07:10:00,Low
4,2026-08-08 07:10:00+10:00,0,1,1,True,2026-08-08,07:10:00,Low
14,2026-08-08 07:10:00+10:00,2,0,2,True,2026-08-08,07:10:00,Low
29,2026-08-08 07:10:00+10:00,1,0,1,True,2026-08-08,07:10:00,Low
47,2026-08-08 07:10:00+10:00,0,6,6,True,2026-08-08,07:10:00,Low
54,2026-08-08 07:10:00+10:00,1,1,2,True,2026-08-08,07:10:00,Low
11,2026-08-08 07:09:00+10:00,2,0,2,True,2026-08-08,07:09:00,Low
52,2026-08-08 07:09:00+10:00,1,0,1,True,2026-08-08,07:09:00,Low
40,2026-08-08 07:09:00+10:00,1,1,2,True,2026-08-08,07:09:00,Low
61,2026-08-08 07:09:00+10:00,0,1,1,True,2026-08-08,07:09:00,Low
29,2026-08-08 07:09:00+10:00,0,3,3,True,2026-08-08,07:09:00,Low
36,2026-08-08 07:09:00+10:00,0,1,1,True,2026-08-08,07:09:00,Low
70,2026-08-08 07:09:00+10:00,1,0,1,True,2026-08-08,07:09:00,Low
181,2026-08-08 07:09:00+10:00,1,2,3,True,2026-08-08,07:09:00,Low
12,2026-08-08 07:09:00+10:00,1,0,1,True,2026-08-08,07:09:00,Low
17,2026-08-08 07:09:00+10:00,0,2,2,True,2026-08-08,07:09:00,Low
20,2026-08-08 07:09:00+10:00,2,7,9,True,2026-08-08,07:09:00,Low
24,2026-08-08 07:09:00+10:00,2,10,12,True,2026-08-08,07:09:00,Low
35,2026-08-08 07:09:00+10:00,0,1,1,True,2026-08-08,07:09:00,Low
53,2026-08-08 07:09:00+10:00,2,0,2,True,2026-08-08,07:09:00,Low
56,2026-08-08 07:09:00+10:00,1,1,2,True,2026-08-08,07:09:00,Low
62,2026-08-08 07:09:00+10:00,0,1,1,True,2026-08-08,07:09:00,Low
187,2026-08-08 07:09:00+10:00,2,1,3,True,2026-08-08,07:09:00,Low
4,2026-08-08 07:09:00+10:00,1,0,1,True,2026-08-08,07:09:00,Low
8,2026-08-08 07:09:00+10:00,1,0,1,True,2026-08-08,07:09:00,Low
85,2026-08-08 07:09:00+10:00,1,0,1,True,2026-08-08,07:09:00,Low
66,2026-08-08 07:08:00+10:00,1,2,3,True,2026-08-08,07:08:00,Low
12,2026-08-08 07:08:00+10:00,1,0,1,True,2026-08-08,07:08:00,Low
56,2026-08-08 07:08:00+10:00,1,0,1,True,2026-08-08,07:08:00,Low
3,2026-08-08 07:08:00+10:00,0,2,2,True,2026-08-08,07:08:00,Low
31,2026-08-08 07:08:00+10:00,3,0,3,True,2026-08-08,07:08:00,Low
61,2026-08-08 07:08:00+10:00,0,2,2,True,2026-08-08,07:08:00,Low
69,2026-08-08 07:08:00+10:00,1,0,1,True,2026-08-08,07:08:00,Low
2,2026-08-08 07:08:00+10:00,0,2,2,True,2026-08-08,07:08:00,Low
11,2026-08-08 07:08:00+10:00,1,0,1,True,2026-08-08,07:08:00,Low
17,2026-08-08 07:08:00+10:00,1,0,1,True,2026-08-08,07:08:00,Low
35,2026-08-08 07:08:00+10:00,2,5,7,True,2026-08-08,07:08:00,Low
85,2026-08-08 07:08:00+10:00,0,1,1,True,2026-08-08,07:08:00,Low
4,2026-08-08 07:08:00+10:00,3,0,3,True,2026-08-08,07:08:00,Low
6,2026-08-08 07:08:00+10:00,1,1,2,True,2026-08-08,07:08:00,Low
29,2026-08-08 07:08:00+10:00,2,0,2,True,2026-08-08,07:08:00,Low
9,2026-08-08 07:08:00+10:00,0,2,2,True,2026-08-08,07:08:00,Low
10,2026-08-08 07:08:00+10:00,1,0,1,True,2026-08-08,07:08:00,Low
24,2026-08-08 07:08:00+10:00,0,1,1,True,2026-08-08,07:08:00,Low
63,2026-08-08 07:08:00+10:00,2,3,5,True,2026-08-08,07:08:00,Low
67,2026-08-08 07:08:00+10:00,1,0,1,True,2026-08-08,07:08:00,Low
79,2026-08-08 07:08:00+10:00,3,1,4,True,2026-08-08,07:08:00,Low
66,2026-08-08 07:07:00+10:00,1,4,5,True,2026-08-08,07:07:00,Low
17,2026-08-08 07:07:00+10:00,2,3,5,True,2026-08-08,07:07:00,Low
35,2026-08-08 07:07:00+10:00,1,2,3,True,2026-08-08,07:07:00,Low
79,2026-08-08 07:07:00+10:00,1,0,1,True,2026-08-08,07:07:00,Low
180,2026-08-08 07:07:00+10:00,1,0,1,True,2026-08-08,07:07:00,Low
3,2026-08-08 07:07:00+10:00,0,5,5,True,2026-08-08,07:07:00,Low
4,2026-08-08 07:07:00+10:00,1,2,3,True,2026-08-08,07:07:00,Low
8,2026-08-08 07:07:00+10:00,1,0,1,True,2026-08-08,07:07:00,Low
29,2026-08-08 07:07:00+10:00,1,3,4,True,2026-08-08,07:07:00,Low
42,2026-08-08 07:07:00+10:00,0,1,1,True,2026-08-08,07:07:00,Low
1,2026-08-08 07:07:00+10:00,0,2,2,True,2026-08-08,07:07:00,Low
24,2026-08-08 07:07:00+10:00,2,0,2,True,2026-08-08,07:07:00,Low
62,2026-08-08 07:07:00+10:00,1,1,2,True,2026-08-08,07:07:00,Low
187,2026-08-08 07:07:00+10:00,1,0,1,True,2026-08-08,07:07:00,Low
181,2026-08-08 07:07:00+10:00,7,2,9,True,2026-08-08,07:07:00,Low
67,2026-08-08 07:07:00+10:00,1,1,2,True,2026-08-08,07:07:00,Low
76,2026-08-08 07:07:00+10:00,0,2,2,True,2026-08-08,07:07:00,Low
66,2026-08-08 07:06:00+10:00,1,1,2,True,2026-08-08,07:06:00,Low
9,2026-08-08 07:06:00+10:00,0,2,2,True,2026-08-08,07:06:00,Low
51,2026-08-08 07:06:00+10:00,1,0,1,True,2026-08-08,07:06:00,Low
56,2026-08-08 07:06:00+10:00,1,0,1,True,2026-08-08,07:06:00,Low
4,2026-08-08 07:06:00+10:00,2,1,3,True,2026-08-08,07:06:00,Low
29,2026-08-08 07:06:00+10:00,0,3,3,True,2026-08-08,07:06:00,Low
31,2026-08-08 07:06:00+10:00,3,0,3,True,2026-08-08,07:06:00,Low
36,2026-08-08 07:06:00+10:00,1,0,1,True,2026-08-08,07:06:00,Low
50,2026-08-08 07:06:00+10:00,0,1,1,True,2026-08-08,07:06:00,Low
181,2026-08-08 07:06:00+10:00,0,3,3,True,2026-08-08,07:06:00,Low
2,2026-08-08 07:06:00+10:00,1,0,1,True,2026-08-08,07:06:00,Low
24,2026-08-08 07:06:00+10:00,1,2,3,True,2026-08-08,07:06:00,Low
63,2026-08-08 07:06:00+10:00,0,2,2,True,2026-08-08,07:06:00,Low
85,2026-08-08 07:06:00+10:00,0,1,1,True,2026-08-08,07:06:00,Low
3,2026-08-08 07:06:00+10:00,2,0,2,True,2026-08-08,07:06:00,Low
8,2026-08-08 07:06:00+10:00,3,1,4,True,2026-08-08,07:06:00,Low
40,2026-08-08 07:06:00+10:00,0,1,1,True,2026-08-08,07:06:00,Low
75,2026-08-08 07:06:00+10:00,1,1,2,True,2026-08-08,07:06:00,Low
12,2026-08-08 07:06:00+10:00,1,0,1,True,2026-08-08,07:06:00,Low
35,2026-08-08 07:06:00+10:00,4,2,6,True,2026-08-08,07:06:00,Low
68,2026-08-08 07:06:00+10:00,1,2,3,True,2026-08-08,07:06:00,Low
77,2026-08-08 07:05:00+10:00,1,5,6,True,2026-08-08,07:05:00,Low
132,2026-08-08 07:05:00+10:00,1,1,2,True,2026-08-08,07:05:00,Low
134,2026-08-08 07:05:00+10:00,2,7,9,True,2026-08-08,07:05:00,Low
184,2026-08-08 07:05:00+10:00,0,1,1,True,2026-08-08,07:05:00,Low
1,2026-08-08 07:05:00+10:00,1,0,1,True,2026-08-08,07:05:00,Low
20,2026-08-08 07:05:00+10:00,1,0,1,True,2026-08-08,07:05:00,Low
25,2026-08-08 07:05:00+10:00,7,5,12,True,2026-08-08,07:05:00,Low
27,2026-08-08 07:05:00+10:00,5,0,5,True,2026-08-08,07:05:00,Low
30,2026-08-08 07:05:00+10:00,0,3,3,True,2026-08-08,07:05:00,Low
35,2026-08-08 07:05:00+10:00,4,0,4,True,2026-08-08,07:05:00,Low
48,2026-08-08 07:05:00+10:00,3,3,6,True,2026-08-08,07:05:00,Low
51,2026-08-08 07:05:00+10:00,1,0,1,True,2026-08-08,07:05:00,Low
58,2026-08-08 07:05:00+10:00,4,0,4,True,2026-08-08,07:05:00,Low
62,2026-08-08 07:05:00+10:00,1,0,1,True,2026-08-08,07:05:00,Low
63,2026-08-08 07:05:00+10:00,0,1,1,True,2026-08-08,07:05:00,Low
109,2026-08-08 07:05:00+10:00,1,2,3,True,2026-08-08,07:05:00,Low
123,2026-08-08 07:05:00+10:00,2,1,3,True,2026-08-08,07:05:00,Low
142,2026-08-08 07:05:00+10:00,11,8,19,True,2026-08-08,07:05:00,Low
161,2026-08-08 07:05:00+10:00,1,1,2,True,2026-08-08,07:05:00,Low
5,2026-08-08 07:05:00+10:00,4,5,9,True,2026-08-08,07:05:00,Low
8,2026-08-08 07:05:00+10:00,0,1,1,True,2026-08-08,07:05:00,Low
14,2026-08-08 07:05:00+10:00,1,0,1,True,2026-08-08,07:05:00,Low
36,2026-08-08 07:05:00+10:00,1,0,1,True,2026-08-08,07:05:00,Low
39,2026-08-08 07:05:00+10:00,1,0,1,True,2026-08-08,07:05:00,Low
41,2026-08-08 07:05:00+10:00,0,3,3,True,2026-08-08,07:05:00,Low
45,2026-08-08 07:05:00+10:00,2,4,6,True,2026-08-08,07:05:00,Low
59,2026-08-08 07:05:00+10:00,4,8,12,True,2026-08-08,07:05:00,Low
61,2026-08-08 07:05:00+10:00,0,2,2,True,2026-08-08,07:05:00,Low
6,2026-08-08 07:05:00+10:00,2,0,2,True,2026-08-08,07:05:00,Low
29,2026-08-08 07:05:00+10:00,0,3,3,True,2026-08-08,07:05:00,Low
71,2026-08-08 07:05:00+10:00,0,2,2,True,2026-08-08,07:05:00,Low
107,2026-08-08 07:05:00+10:00,2,4,6,True,2026-08-08,07:05:00,Low
135,2026-08-08 07:05:00+10:00,1,4,5,True,2026-08-08,07:05:00,Low
162,2026-08-08 07:05:00+10:00,1,8,9,True,2026-08-08,07:05:00,Low
166,2026-08-08 07:05:00+10:00,0,1,1,True,2026-08-08,07:05:00,Low
179,2026-08-08 07:05:00+10:00,0,1,1,True,2026-08-08,07:05:00,Low
181,2026-08-08 07:05:00+10:00,0,1,1,True,2026-08-08,07:05:00,Low
182,2026-08-08 07:05:00+10:00,2,4,6,True,2026-08-08,07:05:00,Low
185,2026-08-08 07:05:00+10:00,1,1,2,True,2026-08-08,07:05:00,Low
188,2026-08-08 07:05:00+10:00,1,0,1,True,2026-08-08,07:05:00,Low
209,2026-08-08 07:05:00+10:00,2,0,2,True,2026-08-08,07:05:00,Low
2,2026-08-08 07:05:00+10:00,1,1,2,True,2026-08-08,07:05:00,Low
9,2026-08-08 07:05:00+10:00,0,2,2,True,2026-08-08,07:05:00,Low
11,2026-08-08 07:05:00+10:00,0,1,1,True,2026-08-08,07:05:00,Low
12,2026-08-08 07:05:00+10:00,1,1,2,True,2026-08-08,07:05:00,Low
17,2026-08-08 07:05:00+10:00,1,0,1,True,2026-08-08,07:05:00,Low
18,2026-08-08 07:05:00+10:00,1,0,1,True,2026-08-08,07:05:00,Low
67,2026-08-08 07:05:00+10:00,0,1,1,True,2026-08-08,07:05:00,Low
85,2026-08-08 07:05:00+10:00,0,1,1,True,2026-08-08,07:05:00,Low
130,2026-08-08 07:05:00+10:00,3,0,3,True,2026-08-08,07:05:00,Low
136,2026-08-08 07:05:00+10:00,1,0,1,True,2026-08-08,07:05:00,Low
4,2026-08-08 07:05:00+10:00,1,0,1,True,2026-08-08,07:05:00,Low
21,2026-08-08 07:05:00+10:00,1,2,3,True,2026-08-08,07:05:00,Low
47,2026-08-08 07:05:00+10:00,0,1,1,True,2026-08-08,07:05:00,Low
54,2026-08-08 07:05:00+10:00,0,1,1,True,2026-08-08,07:05:00,Low
84,2026-08-08 07:05:00+10:00,8,8,16,True,2026-08-08,07:05:00,Low
133,2026-08-08 07:05:00+10:00,21,26,47,True,2026-08-08,07:05:00,Low
140,2026-08-08 07:05:00+10:00,1,1,2,True,2026-08-08,07:05:00,Low
143,2026-08-08 07:05:00+10:00,2,0,2,True,2026-08-08,07:05:00,Low
23,2026-08-08 07:05:00+10:00,2,2,4,True,2026-08-08,07:05:00,Low
24,2026-08-08 07:05:00+10:00,2,1,3,True,2026-08-08,07:05:00,Low
49,2026-08-08 07:05:00+10:00,4,2,6,True,2026-08-08,07:05:00,Low
53,2026-08-08 07:05:00+10:00,1,0,1,True,2026-08-08,07:05:00,Low
117,2026-08-08 07:05:00+10:00,1,0,1,True,2026-08-08,07:05:00,Low
164,2026-08-08 07:05:00+10:00,0,5,5,True,2026-08-08,07:05:00,Low
75,2026-08-08 07:04:00+10:00,1,1,2,True,2026-08-08,07:04:00,Low
181,2026-08-08 07:04:00+10:00,0,2,2,True,2026-08-08,07:04:00,Low
209,2026-08-08 07:04:00+10:00,0,1,1,True,2026-08-08,07:04:00,Low
1,2026-08-08 07:04:00+10:00,1,0,1,True,2026-08-08,07:04:00,Low
11,2026-08-08 07:04:00+10:00,1,1,2,True,2026-08-08,07:04:00,Low
12,2026-08-08 07:04:00+10:00,1,0,1,True,2026-08-08,07:04:00,Low
18,2026-08-08 07:04:00+10:00,1,0,1,True,2026-08-08,07:04:00,Low
79,2026-08-08 07:04:00+10:00,1,1,2,True,2026-08-08,07:04:00,Low
40,2026-08-08 07:04:00+10:00,1,0,1,True,2026-08-08,07:04:00,Low
35,2026-08-08 07:04:00+10:00,0,2,2,True,2026-08-08,07:04:00,Low
41,2026-08-08 07:04:00+10:00,1,1,2,True,2026-08-08,07:04:00,Low
87,2026-08-08 07:04:00+10:00,0,1,1,True,2026-08-08,07:04:00,Low
2,2026-08-08 07:04:00+10:00,2,1,3,True,2026-08-08,07:04:00,Low
17,2026-08-08 07:04:00+10:00,0,1,1,True,2026-08-08,07:04:00,Low
20,2026-08-08 07:04:00+10:00,2,0,2,True,2026-08-08,07:04:00,Low
24,2026-08-08 07:04:00+10:00,1,0,1,True,2026-08-08,07:04:00,Low
76,2026-08-08 07:04:00+10:00,1,0,1,True,2026-08-08,07:04:00,Low
85,2026-08-08 07:04:00+10:00,0,1,1,True,2026-08-08,07:04:00,Low
3,2026-08-08 07:04:00+10:00,0,1,1,True,2026-08-08,07:04:00,Low
66,2026-08-08 07:04:00+10:00,2,1,3,True,2026-08-08,07:04:00,Low
70,2026-08-08 07:04:00+10:00,0,1,1,True,2026-08-08,07:04:00,Low
9,2026-08-08 07:04:00+10:00,0,1,1,True,2026-08-08,07:04:00,Low
67,2026-08-08 07:04:00+10:00,0,2,2,True,2026-08-08,07:04:00,Low
69,2026-08-08 07:03:00+10:00,1,0,1,True,2026-08-08,07:03:00,Low
181,2026-08-08 07:03:00+10:00,0,3,3,True,2026-08-08,07:03:00,Low
9,2026-08-08 07:03:00+10:00,0,1,1,True,2026-08-08,07:03:00,Low
35,2026-08-08 07:03:00+10:00,1,2,3,True,2026-08-08,07:03:00,Low
68,2026-08-08 07:03:00+10:00,1,0,1,True,2026-08-08,07:03:00,Low
76,2026-08-08 07:03:00+10:00,0,3,3,True,2026-08-08,07:03:00,Low
79,2026-08-08 07:03:00+10:00,2,0,2,True,2026-08-08,07:03:00,Low
8,2026-08-08 07:03:00+10:00,0,1,1,True,2026-08-08,07:03:00,Low
3,2026-08-08 07:03:00+10:00,0,2,2,True,2026-08-08,07:03:00,Low
6,2026-08-08 07:03:00+10:00,2,2,4,True,2026-08-08,07:03:00,Low
24,2026-08-08 07:03:00+10:00,0,1,1,True,2026-08-08,07:03:00,Low
63,2026-08-08 07:03:00+10:00,0,1,1,True,2026-08-08,07:03:00,Low
67,2026-08-08 07:03:00+10:00,2,0,2,True,2026-08-08,07:03:00,Low
85,2026-08-08 07:03:00+10:00,3,0,3,True,2026-08-08,07:03:00,Low
41,2026-08-08 07:03:00+10:00,3,0,3,True,2026-08-08,07:03:00,Low
51,2026-08-08 07:03:00+10:00,1,2,3,True,2026-08-08,07:03:00,Low
53,2026-08-08 07:03:00+10:00,0,1,1,True,2026-08-08,07:03:00,Low
62,2026-08-08 07:03:00+10:00,3,0,3,True,2026-08-08,07:03:00,Low
72,2026-08-08 07:03:00+10:00,2,0,2,True,2026-08-08,07:03:00,Low
17,2026-08-08 07:02:00+10:00,1,0,1,True,2026-08-08,07:02:00,Low
35,2026-08-08 07:02:00+10:00,5,5,10,True,2026-08-08,07:02:00,Low
8,2026-08-08 07:02:00+10:00,0,1,1,True,2026-08-08,07:02:00,Low
29,2026-08-08 07:02:00+10:00,1,0,1,True,2026-08-08,07:02:00,Low
41,2026-08-08 07:02:00+10:00,7,2,9,True,2026-08-08,07:02:00,Low
66,2026-08-08 07:02:00+10:00,0,1,1,True,2026-08-08,07:02:00,Low
69,2026-08-08 07:02:00+10:00,1,0,1,True,2026-08-08,07:02:00,Low
70,2026-08-08 07:02:00+10:00,2,0,2,True,2026-08-08,07:02:00,Low
2,2026-08-08 07:02:00+10:00,0,1,1,True,2026-08-08,07:02:00,Low
9,2026-08-08 07:02:00+10:00,3,0,3,True,2026-08-08,07:02:00,Low
53,2026-08-08 07:02:00+10:00,2,0,2,True,2026-08-08,07:02:00,Low
62,2026-08-08 07:02:00+10:00,1,0,1,True,2026-08-08,07:02:00,Low
79,2026-08-08 07:02:00+10:00,1,0,1,True,2026-08-08,07:02:00,Low
3,2026-08-08 07:02:00+10:00,2,0,2,True,2026-08-08,07:02:00,Low
6,2026-08-08 07:02:00+10:00,2,0,2,True,2026-08-08,07:02:00,Low
40,2026-08-08 07:02:00+10:00,1,0,1,True,2026-08-08,07:02:00,Low
61,2026-08-08 07:02:00+10:00,0,1,1,True,2026-08-08,07:02:00,Low
181,2026-08-08 07:02:00+10:00,2,0,2,True,2026-08-08,07:02:00,Low
1,2026-08-08 07:02:00+10:00,2,0,2,True,2026-08-08,07:02:00,Low
67,2026-08-08 07:02:00+10:00,1,0,1,True,2026-08-08,07:02:00,Low
181,2026-08-08 07:01:00+10:00,0,1,1,True,2026-08-08,07:01:00,Low
2,2026-08-08 07:01:00+10:00,0,1,1,True,2026-08-08,07:01:00,Low
17,2026-08-08 07:01:00+10:00,0,1,1,True,2026-08-08,07:01:00,Low
19,2026-08-08 07:01:00+10:00,2,0,2,True,2026-08-08,07:01:00,Low
62,2026-08-08 07:01:00+10:00,0,1,1,True,2026-08-08,07:01:00,Low
67,2026-08-08 07:01:00+10:00,1,0,1,True,2026-08-08,07:01:00,Low
61,2026-08-08 07:01:00+10:00,0,1,1,True,2026-08-08,07:01:00,Low
3,2026-08-08 07:01:00+10:00,2,0,2,True,2026-08-08,07:01:00,Low
4,2026-08-08 07:01:00+10:00,1,4,5,True,2026-08-08,07:01:00,Low
6,2026-08-08 07:01:00+10:00,1,0,1,True,2026-08-08,07:01:00,Low
51,2026-08-08 07:01:00+10:00,2,0,2,True,2026-08-08,07:01:00,Low
79,2026-08-08 07:01:00+10:00,0,1,1,True,2026-08-08,07:01:00,Low
29,2026-08-08 07:01:00+10:00,0,1,1,True,2026-08-08,07:01:00,Low
41,2026-08-08 07:01:00+10:00,1,0,1,True,2026-08-08,07:01:00,Low
1,2026-08-08 07:01:00+10:00,0,1,1,True,2026-08-08,07:01:00,Low
35,2026-08-08 07:01:00+10:00,1,2,3,True,2026-08-08,07:01:00,Low
68,2026-08-08 07:01:00+10:00,1,0,1,True,2026-08-08,07:01:00,Low
72,2026-08-08 07:01:00+10:00,0,2,2,True,2026-08-08,07:01:00,Low
69,2026-08-08 07:00:00+10:00,2,0,2,True,2026-08-08,07:00:00,Low
84,2026-08-08 07:00:00+10:00,8,4,12,True,2026-08-08,07:00:00,Low
107,2026-08-08 07:00:00+10:00,1,0,1,True,2026-08-08,07:00:00,Low
134,2026-08-08 07:00:00+10:00,11,4,15,True,2026-08-08,07:00:00,Low
143,2026-08-08 07:00:00+10:00,4,4,8,True,2026-08-08,07:00:00,Low
209,2026-08-08 07:00:00+10:00,1,1,2,True,2026-08-08,07:00:00,Low
9,2026-08-08 07:00:00+10:00,0,2,2,True,2026-08-08,07:00:00,Low
25,2026-08-08 07:00:00+10:00,0,5,5,True,2026-08-08,07:00:00,Low
49,2026-08-08 07:00:00+10:00,3,2,5,True,2026-08-08,07:00:00,Low
123,2026-08-08 07:00:00+10:00,0,1,1,True,2026-08-08,07:00:00,Low
136,2026-08-08 07:00:00+10:00,1,1,2,True,2026-08-08,07:00:00,Low
4,2026-08-08 07:00:00+10:00,2,0,2,True,2026-08-08,07:00:00,Low
21,2026-08-08 07:00:00+10:00,1,4,5,True,2026-08-08,07:00:00,Low
45,2026-08-08 07:00:00+10:00,4,3,7,True,2026-08-08,07:00:00,Low
47,2026-08-08 07:00:00+10:00,1,15,16,True,2026-08-08,07:00:00,Low
5,2026-08-08 07:00:00+10:00,3,6,9,True,2026-08-08,07:00:00,Low
29,2026-08-08 07:00:00+10:00,0,2,2,True,2026-08-08,07:00:00,Low
43,2026-08-08 07:00:00+10:00,0,1,1,True,2026-08-08,07:00:00,Low
59,2026-08-08 07:00:00+10:00,1,1,2,True,2026-08-08,07:00:00,Low
132,2026-08-08 07:00:00+10:00,1,2,3,True,2026-08-08,07:00:00,Low
135,2026-08-08 07:00:00+10:00,4,5,9,True,2026-08-08,07:00:00,Low
140,2026-08-08 07:00:00+10:00,1,2,3,True,2026-08-08,07:00:00,Low
182,2026-08-08 07:00:00+10:00,7,8,15,True,2026-08-08,07:00:00,Low
185,2026-08-08 07:00:00+10:00,2,3,5,True,2026-08-08,07:00:00,Low
188,2026-08-08 07:00:00+10:00,0,3,3,True,2026-08-08,07:00:00,Low
2,2026-08-08 07:00:00+10:00,1,0,1,True,2026-08-08,07:00:00,Low
11,2026-08-08 07:00:00+10:00,0,1,1,True,2026-08-08,07:00:00,Low
17,2026-08-08 07:00:00+10:00,1,0,1,True,2026-08-08,07:00:00,Low
20,2026-08-08 07:00:00+10:00,1,0,1,True,2026-08-08,07:00:00,Low
23,2026-08-08 07:00:00+10:00,3,4,7,True,2026-08-08,07:00:00,Low
24,2026-08-08 07:00:00+10:00,2,1,3,True,2026-08-08,07:00:00,Low
27,2026-08-08 07:00:00+10:00,1,0,1,True,2026-08-08,07:00:00,Low
30,2026-08-08 07:00:00+10:00,1,2,3,True,2026-08-08,07:00:00,Low
35,2026-08-08 07:00:00+10:00,2,8,10,True,2026-08-08,07:00:00,Low
58,2026-08-08 07:00:00+10:00,4,5,9,True,2026-08-08,07:00:00,Low
130,2026-08-08 07:00:00+10:00,6,0,6,True,2026-08-08,07:00:00,Low
141,2026-08-08 07:00:00+10:00,3,0,3,True,2026-08-08,07:00:00,Low
142,2026-08-08 07:00:00+10:00,7,6,13,True,2026-08-08,07:00:00,Low
6,2026-08-08 07:00:00+10:00,1,4,5,True,2026-08-08,07:00:00,Low
40,2026-08-08 07:00:00+10:00,1,0,1,True,2026-08-08,07:00:00,Low
41,2026-08-08 07:00:00+10:00,2,1,3,True,2026-08-08,07:00:00,Low
54,2026-08-08 07:00:00+10:00,2,1,3,True,2026-08-08,07:00:00,Low
77,2026-08-08 07:00:00+10:00,3,3,6,True,2026-08-08,07:00:00,Low
131,2026-08-08 07:00:00+10:00,0,2,2,True,2026-08-08,07:00:00,Low
133,2026-08-08 07:00:00+10:00,13,16,29,True,2026-08-08,07:00:00,Low
162,2026-08-08 07:00:00+10:00,3,3,6,True,2026-08-08,07:00:00,Low
166,2026-08-08 07:00:00+10:00,1,0,1,True,2026-08-08,07:00:00,Low
167,2026-08-08 07:00:00+10:00,0,1,1,True,2026-08-08,07:00:00,Low
184,2026-08-08 07:00:00+10:00,0,1,1,True,2026-08-08,07:00:00,Low
48,2026-08-08 07:00:00+10:00,1,3,4,True,2026-08-08,07:00:00,Low
53,2026-08-08 07:00:00+10:00,1,0,1,True,2026-08-08,07:00:00,Low
63,2026-08-08 07:00:00+10:00,0,1,1,True,2026-08-08,07:00:00,Low
67,2026-08-08 07:00:00+10:00,1,0,1,True,2026-08-08,07:00:00,Low
72,2026-08-08 07:00:00+10:00,0,1,1,True,2026-08-08,07:00:00,Low
85,2026-08-08 07:00:00+10:00,1,0,1,True,2026-08-08,07:00:00,Low
109,2026-08-08 07:00:00+10:00,1,1,2,True,2026-08-08,07:00:00,Low
161,2026-08-08 07:00:00+10:00,2,1,3,True,2026-08-08,07:00:00,Low
164,2026-08-08 07:00:00+10:00,1,4,5,True,2026-08-08,07:00:00,Low
69,2026-08-08 06:59:00+10:00,0,1,1,True,2026-08-08,06:59:00,Low
181,2026-08-08 06:59:00+10:00,1,2,3,True,2026-08-08,06:59:00,Low
20,2026-08-08 06:59:00+10:00,2,0,2,True,2026-08-08,06:59:00,Low
24,2026-08-08 06:59:00+10:00,0,3,3,True,2026-08-08,06:59:00,Low
187,2026-08-08 06:59:00+10:00,1,0,1,True,2026-08-08,06:59:00,Low
6,2026-08-08 06:59:00+10:00,2,2,4,True,2026-08-08,06:59:00,Low
29,2026-08-08 06:59:00+10:00,0,1,1,True,2026-08-08,06:59:00,Low
39,2026-08-08 06:59:00+10:00,1,0,1,True,2026-08-08,06:59:00,Low
41,2026-08-08 06:59:00+10:00,0,2,2,True,2026-08-08,06:59:00,Low
209,2026-08-08 06:59:00+10:00,1,0,1,True,2026-08-08,06:59:00,Low
1,2026-08-08 06:59:00+10:00,0,1,1,True,2026-08-08,06:59:00,Low
17,2026-08-08 06:59:00+10:00,2,1,3,True,2026-08-08,06:59:00,Low
35,2026-08-08 06:59:00+10:00,2,2,4,True,2026-08-08,06:59:00,Low
53,2026-08-08 06:59:00+10:00,1,0,1,True,2026-08-08,06:59:00,Low
56,2026-08-08 06:59:00+10:00,0,1,1,True,2026-08-08,06:59:00,Low
72,2026-08-08 06:59:00+10:00,0,1,1,True,2026-08-08,06:59:00,Low
180,2026-08-08 06:59:00+10:00,0,1,1,True,2026-08-08,06:59:00,Low
3,2026-08-08 06:59:00+10:00,2,0,2,True,2026-08-08,06:59:00,Low
4,2026-08-08 06:59:00+10:00,3,0,3,True,2026-08-08,06:59:00,Low
67,2026-08-08 06:59:00+10:00,1,2,3,True,2026-08-08,06:59:00,Low
181,2026-08-08 06:58:00+10:00,5,2,7,True,2026-08-08,06:58:00,Low
9,2026-08-08 06:58:00+10:00,1,0,1,True,2026-08-08,06:58:00,Low
6,2026-08-08 06:58:00+10:00,0,3,3,True,2026-08-08,06:58:00,Low
8,2026-08-08 06:58:00+10:00,1,1,2,True,2026-08-08,06:58:00,Low
41,2026-08-08 06:58:00+10:00,2,0,2,True,2026-08-08,06:58:00,Low
3,2026-08-08 06:58:00+10:00,2,1,3,True,2026-08-08,06:58:00,Low
39,2026-08-08 06:58:00+10:00,1,0,1,True,2026-08-08,06:58:00,Low
209,2026-08-08 06:58:00+10:00,0,2,2,True,2026-08-08,06:58:00,Low
1,2026-08-08 06:58:00+10:00,0,1,1,True,2026-08-08,06:58:00,Low
19,2026-08-08 06:58:00+10:00,1,0,1,True,2026-08-08,06:58:00,Low
35,2026-08-08 06:58:00+10:00,2,1,3,True,2026-08-08,06:58:00,Low
62,2026-08-08 06:58:00+10:00,1,0,1,True,2026-08-08,06:58:00,Low
67,2026-08-08 06:58:00+10:00,4,0,4,True,2026-08-08,06:58:00,Low
4,2026-08-08 06:58:00+10:00,0,1,1,True,2026-08-08,06:58:00,Low
66,2026-08-08 06:58:00+10:00,0,2,2,True,2026-08-08,06:58:00,Low
56,2026-08-08 06:58:00+10:00,2,1,3,True,2026-08-08,06:58:00,Low
180,2026-08-08 06:58:00+10:00,0,1,1,True,2026-08-08,06:58:00,Low
19,2026-08-08 06:57:00+10:00,0,1,1,True,2026-08-08,06:57:00,Low
67,2026-08-08 06:57:00+10:00,1,0,1,True,2026-08-08,06:57:00,Low
3,2026-08-08 06:57:00+10:00,0,1,1,True,2026-08-08,06:57:00,Low
4,2026-08-08 06:57:00+10:00,3,0,3,True,2026-08-08,06:57:00,Low
29,2026-08-08 06:57:00+10:00,0,5,5,True,2026-08-08,06:57:00,Low
6,2026-08-08 06:57:00+10:00,2,0,2,True,2026-08-08,06:57:00,Low
87,2026-08-08 06:57:00+10:00,0,1,1,True,2026-08-08,06:57:00,Low
181,2026-08-08 06:57:00+10:00,2,2,4,True,2026-08-08,06:57:00,Low
24,2026-08-08 06:57:00+10:00,1,1,2,True,2026-08-08,06:57:00,Low
68,2026-08-08 06:57:00+10:00,0,1,1,True,2026-08-08,06:57:00,Low
79,2026-08-08 06:57:00+10:00,0,2,2,True,2026-08-08,06:57:00,Low
187,2026-08-08 06:57:00+10:00,1,0,1,True,2026-08-08,06:57:00,Low
8,2026-08-08 06:57:00+10:00,0,1,1,True,2026-08-08,06:57:00,Low
41,2026-08-08 06:57:00+10:00,4,5,9,True,2026-08-08,06:57:00,Low
61,2026-08-08 06:57:00+10:00,0,1,1,True,2026-08-08,06:57:00,Low
66,2026-08-08 06:57:00+10:00,0,2,2,True,2026-08-08,06:57:00,Low
35,2026-08-08 06:57:00+10:00,0,1,1,True,2026-08-08,06:57:00,Low
53,2026-08-08 06:57:00+10:00,1,0,1,True,2026-08-08,06:57:00,Low
63,2026-08-08 06:57:00+10:00,0,1,1,True,2026-08-08,06:57:00,Low
66,2026-08-08 06:56:00+10:00,0,4,4,True,2026-08-08,06:56:00,Low
24,2026-08-08 06:56:00+10:00,0,6,6,True,2026-08-08,06:56:00,Low
79,2026-08-08 06:56:00+10:00,0,1,1,True,2026-08-08,06:56:00,Low
8,2026-08-08 06:56:00+10:00,2,0,2,True,2026-08-08,06:56:00,Low
36,2026-08-08 06:56:00+10:00,2,0,2,True,2026-08-08,06:56:00,Low
61,2026-08-08 06:56:00+10:00,1,0,1,True,2026-08-08,06:56:00,Low
87,2026-08-08 06:56:00+10:00,1,0,1,True,2026-08-08,06:56:00,Low
9,2026-08-08 06:56:00+10:00,0,1,1,True,2026-08-08,06:56:00,Low
51,2026-08-08 06:56:00+10:00,1,0,1,True,2026-08-08,06:56:00,Low
53,2026-08-08 06:56:00+10:00,2,0,2,True,2026-08-08,06:56:00,Low
85,2026-08-08 06:56:00+10:00,1,0,1,True,2026-08-08,06:56:00,Low
3,2026-08-08 06:56:00+10:00,1,0,1,True,2026-08-08,06:56:00,Low
4,2026-08-08 06:56:00+10:00,1,1,2,True,2026-08-08,06:56:00,Low
40,2026-08-08 06:56:00+10:00,1,0,1,True,2026-08-08,06:56:00,Low
41,2026-08-08 06:56:00+10:00,3,7,10,True,2026-08-08,06:56:00,Low
181,2026-08-08 06:56:00+10:00,1,1,2,True,2026-08-08,06:56:00,Low
209,2026-08-08 06:56:00+10:00,2,1,3,True,2026-08-08,06:56:00,Low
35,2026-08-08 06:56:00+10:00,4,2,6,True,2026-08-08,06:56:00,Low
72,2026-08-08 06:56:00+10:00,1,2,3,True,2026-08-08,06:56:00,Low
69,2026-08-08 06:55:00+10:00,1,0,1,True,2026-08-08,06:55:00,Low
84,2026-08-08 06:55:00+10:00,3,2,5,True,2026-08-08,06:55:00,Low
133,2026-08-08 06:55:00+10:00,4,12,16,True,2026-08-08,06:55:00,Low
185,2026-08-08 06:55:00+10:00,1,3,4,True,2026-08-08,06:55:00,Low
209,2026-08-08 06:55:00+10:00,1,0,1,True,2026-08-08,06:55:00,Low
11,2026-08-08 06:55:00+10:00,0,1,1,True,2026-08-08,06:55:00,Low
23,2026-08-08 06:55:00+10:00,1,0,1,True,2026-08-08,06:55:00,Low
35,2026-08-08 06:55:00+10:00,2,1,3,True,2026-08-08,06:55:00,Low
48,2026-08-08 06:55:00+10:00,1,1,2,True,2026-08-08,06:55:00,Low
58,2026-08-08 06:55:00+10:00,3,4,7,True,2026-08-08,06:55:00,Low
72,2026-08-08 06:55:00+10:00,1,3,4,True,2026-08-08,06:55:00,Low
136,2026-08-08 06:55:00+10:00,1,0,1,True,2026-08-08,06:55:00,Low
161,2026-08-08 06:55:00+10:00,1,2,3,True,2026-08-08,06:55:00,Low
5,2026-08-08 06:55:00+10:00,3,3,6,True,2026-08-08,06:55:00,Low
29,2026-08-08 06:55:00+10:00,0,1,1,True,2026-08-08,06:55:00,Low
44,2026-08-08 06:55:00+10:00,0,2,2,True,2026-08-08,06:55:00,Low
41,2026-08-08 06:55:00+10:00,1,0,1,True,2026-08-08,06:55:00,Low
47,2026-08-08 06:55:00+10:00,1,4,5,True,2026-08-08,06:55:00,Low
59,2026-08-08 06:55:00+10:00,3,4,7,True,2026-08-08,06:55:00,Low
70,2026-08-08 06:55:00+10:00,0,1,1,True,2026-08-08,06:55:00,Low
77,2026-08-08 06:55:00+10:00,4,1,5,True,2026-08-08,06:55:00,Low
107,2026-08-08 06:55:00+10:00,0,2,2,True,2026-08-08,06:55:00,Low
131,2026-08-08 06:55:00+10:00,2,4,6,True,2026-08-08,06:55:00,Low
140,2026-08-08 06:55:00+10:00,0,1,1,True,2026-08-08,06:55:00,Low
162,2026-08-08 06:55:00+10:00,4,4,8,True,2026-08-08,06:55:00,Low
179,2026-08-08 06:55:00+10:00,1,1,2,True,2026-08-08,06:55:00,Low
184,2026-08-08 06:55:00+10:00,1,4,5,True,2026-08-08,06:55:00,Low
188,2026-08-08 06:55:00+10:00,0,1,1,True,2026-08-08,06:55:00,Low
30,2026-08-08 06:55:00+10:00,0,2,2,True,2026-08-08,06:55:00,Low
49,2026-08-08 06:55:00+10:00,6,4,10,True,2026-08-08,06:55:00,Low
62,2026-08-08 06:55:00+10:00,1,1,2,True,2026-08-08,06:55:00,Low
67,2026-08-08 06:55:00+10:00,0,1,1,True,2026-08-08,06:55:00,Low
109,2026-08-08 06:55:00+10:00,0,1,1,True,2026-08-08,06:55:00,Low
117,2026-08-08 06:55:00+10:00,2,0,2,True,2026-08-08,06:55:00,Low
130,2026-08-08 06:55:00+10:00,2,0,2,True,2026-08-08,06:55:00,Low
141,2026-08-08 06:55:00+10:00,3,0,3,True,2026-08-08,06:55:00,Low
142,2026-08-08 06:55:00+10:00,4,0,4,True,2026-08-08,06:55:00,Low
164,2026-08-08 06:55:00+10:00,0,3,3,True,2026-08-08,06:55:00,Low
21,2026-08-08 06:55:00+10:00,3,1,4,True,2026-08-08,06:55:00,Low
43,2026-08-08 06:55:00+10:00,0,1,1,True,2026-08-08,06:55:00,Low
45,2026-08-08 06:55:00+10:00,0,10,10,True,2026-08-08,06:55:00,Low
54,2026-08-08 06:55:00+10:00,1,0,1,True,2026-08-08,06:55:00,Low
75,2026-08-08 06:55:00+10:00,0,2,2,True,2026-08-08,06:55:00,Low
132,2026-08-08 06:55:00+10:00,2,4,6,True,2026-08-08,06:55:00,Low
134,2026-08-08 06:55:00+10:00,6,2,8,True,2026-08-08,06:55:00,Low
135,2026-08-08 06:55:00+10:00,4,1,5,True,2026-08-08,06:55:00,Low
143,2026-08-08 06:55:00+10:00,3,4,7,True,2026-08-08,06:55:00,Low
165,2026-08-08 06:55:00+10:00,0,2,2,True,2026-08-08,06:55:00,Low
181,2026-08-08 06:55:00+10:00,1,1,2,True,2026-08-08,06:55:00,Low
182,2026-08-08 06:55:00+10:00,2,0,2,True,2026-08-08,06:55:00,Low
9,2026-08-08 06:55:00+10:00,0,1,1,True,2026-08-08,06:55:00,Low
24,2026-08-08 06:55:00+10:00,2,5,7,True,2026-08-08,06:55:00,Low
25,2026-08-08 06:55:00+10:00,4,6,10,True,2026-08-08,06:55:00,Low
63,2026-08-08 06:55:00+10:00,0,4,4,True,2026-08-08,06:55:00,Low
79,2026-08-08 06:55:00+10:00,1,2,3,True,2026-08-08,06:55:00,Low
24,2026-08-08 06:54:00+10:00,1,2,3,True,2026-08-08,06:54:00,Low
35,2026-08-08 06:54:00+10:00,3,4,7,True,2026-08-08,06:54:00,Low
52,2026-08-08 06:54:00+10:00,1,0,1,True,2026-08-08,06:54:00,Low
63,2026-08-08 06:54:00+10:00,1,1,2,True,2026-08-08,06:54:00,Low
79,2026-08-08 06:54:00+10:00,1,0,1,True,2026-08-08,06:54:00,Low
70,2026-08-08 06:54:00+10:00,1,0,1,True,2026-08-08,06:54:00,Low
4,2026-08-08 06:54:00+10:00,1,0,1,True,2026-08-08,06:54:00,Low
31,2026-08-08 06:54:00+10:00,0,1,1,True,2026-08-08,06:54:00,Low
39,2026-08-08 06:54:00+10:00,1,0,1,True,2026-08-08,06:54:00,Low
41,2026-08-08 06:54:00+10:00,5,1,6,True,2026-08-08,06:54:00,Low
181,2026-08-08 06:54:00+10:00,0,1,1,True,2026-08-08,06:54:00,Low
209,2026-08-08 06:54:00+10:00,1,1,2,True,2026-08-08,06:54:00,Low
19,2026-08-08 06:54:00+10:00,1,0,1,True,2026-08-08,06:54:00,Low
6,2026-08-08 06:54:00+10:00,2,0,2,True,2026-08-08,06:54:00,Low
29,2026-08-08 06:54:00+10:00,0,2,2,True,2026-08-08,06:54:00,Low
50,2026-08-08 06:54:00+10:00,1,1,2,True,2026-08-08,06:54:00,Low
75,2026-08-08 06:54:00+10:00,1,0,1,True,2026-08-08,06:54:00,Low
2,2026-08-08 06:53:00+10:00,0,1,1,True,2026-08-08,06:53:00,Low
24,2026-08-08 06:53:00+10:00,1,1,2,True,2026-08-08,06:53:00,Low
35,2026-08-08 06:53:00+10:00,2,2,4,True,2026-08-08,06:53:00,Low
51,2026-08-08 06:53:00+10:00,0,1,1,True,2026-08-08,06:53:00,Low
67,2026-08-08 06:53:00+10:00,0,1,1,True,2026-08-08,06:53:00,Low
76,2026-08-08 06:53:00+10:00,1,0,1,True,2026-08-08,06:53:00,Low
4,2026-08-08 06:53:00+10:00,1,0,1,True,2026-08-08,06:53:00,Low
42,2026-08-08 06:53:00+10:00,0,1,1,True,2026-08-08,06:53:00,Low
61,2026-08-08 06:53:00+10:00,0,2,2,True,2026-08-08,06:53:00,Low
6,2026-08-08 06:53:00+10:00,1,0,1,True,2026-08-08,06:53:00,Low
41,2026-08-08 06:53:00+10:00,4,0,4,True,2026-08-08,06:53:00,Low
180,2026-08-08 06:53:00+10:00,1,0,1,True,2026-08-08,06:53:00,Low
181,2026-08-08 06:53:00+10:00,4,0,4,True,2026-08-08,06:53:00,Low
18,2026-08-08 06:53:00+10:00,0,1,1,True,2026-08-08,06:53:00,Low
19,2026-08-08 06:53:00+10:00,0,1,1,True,2026-08-08,06:53:00,Low
62,2026-08-08 06:53:00+10:00,0,1,1,True,2026-08-08,06:53:00,Low
72,2026-08-08 06:53:00+10:00,0,1,1,True,2026-08-08,06:53:00,Low
79,2026-08-08 06:53:00+10:00,1,0,1,True,2026-08-08,06:53:00,Low
187,2026-08-08 06:53:00+10:00,0,1,1,True,2026-08-08,06:53:00,Low
8,2026-08-08 06:53:00+10:00,1,0,1,True,2026-08-08,06:53:00,Low
29,2026-08-08 06:53:00+10:00,1,0,1,True,2026-08-08,06:53:00,Low
66,2026-08-08 06:53:00+10:00,1,2,3,True,2026-08-08,06:53:00,Low
209,2026-08-08 06:52:00+10:00,0,2,2,True,2026-08-08,06:52:00,Low
9,2026-08-08 06:52:00+10:00,0,1,1,True,2026-08-08,06:52:00,Low
52,2026-08-08 06:52:00+10:00,1,0,1,True,2026-08-08,06:52:00,Low
63,2026-08-08 06:52:00+10:00,0,1,1,True,2026-08-08,06:52:00,Low
79,2026-08-08 06:52:00+10:00,1,0,1,True,2026-08-08,06:52:00,Low
31,2026-08-08 06:52:00+10:00,0,1,1,True,2026-08-08,06:52:00,Low
6,2026-08-08 06:52:00+10:00,0,5,5,True,2026-08-08,06:52:00,Low
42,2026-08-08 06:52:00+10:00,0,1,1,True,2026-08-08,06:52:00,Low
61,2026-08-08 06:52:00+10:00,0,1,1,True,2026-08-08,06:52:00,Low
66,2026-08-08 06:52:00+10:00,0,1,1,True,2026-08-08,06:52:00,Low
87,2026-08-08 06:52:00+10:00,1,0,1,True,2026-08-08,06:52:00,Low
24,2026-08-08 06:52:00+10:00,0,1,1,True,2026-08-08,06:52:00,Low
56,2026-08-08 06:52:00+10:00,0,1,1,True,2026-08-08,06:52:00,Low
62,2026-08-08 06:52:00+10:00,0,3,3,True,2026-08-08,06:52:00,Low
76,2026-08-08 06:52:00+10:00,0,1,1,True,2026-08-08,06:52:00,Low
1,2026-08-08 06:52:00+10:00,1,0,1,True,2026-08-08,06:52:00,Low
35,2026-08-08 06:52:00+10:00,0,1,1,True,2026-08-08,06:52:00,Low
180,2026-08-08 06:52:00+10:00,1,0,1,True,2026-08-08,06:52:00,Low
3,2026-08-08 06:52:00+10:00,1,0,1,True,2026-08-08,06:52:00,Low
29,2026-08-08 06:52:00+10:00,0,4,4,True,2026-08-08,06:52:00,Low
41,2026-08-08 06:52:00+10:00,1,2,3,True,2026-08-08,06:52:00,Low
24,2026-08-08 06:51:00+10:00,3,1,4,True,2026-08-08,06:51:00,Low
35,2026-08-08 06:51:00+10:00,2,0,2,True,2026-08-08,06:51:00,Low
52,2026-08-08 06:51:00+10:00,2,0,2,True,2026-08-08,06:51:00,Low
85,2026-08-08 06:51:00+10:00,0,1,1,True,2026-08-08,06:51:00,Low
39,2026-08-08 06:51:00+10:00,1,0,1,True,2026-08-08,06:51:00,Low
41,2026-08-08 06:51:00+10:00,5,6,11,True,2026-08-08,06:51:00,Low
61,2026-08-08 06:51:00+10:00,0,1,1,True,2026-08-08,06:51:00,Low
66,2026-08-08 06:51:00+10:00,1,1,2,True,2026-08-08,06:51:00,Low
69,2026-08-08 06:51:00+10:00,0,1,1,True,2026-08-08,06:51:00,Low
4,2026-08-08 06:51:00+10:00,3,1,4,True,2026-08-08,06:51:00,Low
40,2026-08-08 06:51:00+10:00,0,3,3,True,2026-08-08,06:51:00,Low
42,2026-08-08 06:51:00+10:00,1,0,1,True,2026-08-08,06:51:00,Low
181,2026-08-08 06:51:00+10:00,2,0,2,True,2026-08-08,06:51:00,Low
67,2026-08-08 06:51:00+10:00,1,0,1,True,2026-08-08,06:51:00,Low
72,2026-08-08 06:51:00+10:00,0,1,1,True,2026-08-08,06:51:00,Low
6,2026-08-08 06:51:00+10:00,1,2,3,True,2026-08-08,06:51:00,Low
29,2026-08-08 06:51:00+10:00,1,0,1,True,2026-08-08,06:51:00,Low
135,2026-08-08 06:50:00+10:00,5,10,15,True,2026-08-08,06:50:00,Low
162,2026-08-08 06:50:00+10:00,6,0,6,True,2026-08-08,06:50:00,Low
182,2026-08-08 06:50:00+10:00,5,7,12,True,2026-08-08,06:50:00,Low
209,2026-08-08 06:50:00+10:00,0,2,2,True,2026-08-08,06:50:00,Low
48,2026-08-08 06:50:00+10:00,1,6,7,True,2026-08-08,06:50:00,Low
109,2026-08-08 06:50:00+10:00,2,1,3,True,2026-08-08,06:50:00,Low
117,2026-08-08 06:50:00+10:00,1,0,1,True,2026-08-08,06:50:00,Low
5,2026-08-08 06:50:00+10:00,3,0,3,True,2026-08-08,06:50:00,Low
21,2026-08-08 06:50:00+10:00,1,3,4,True,2026-08-08,06:50:00,Low
29,2026-08-08 06:50:00+10:00,1,5,6,True,2026-08-08,06:50:00,Low
41,2026-08-08 06:50:00+10:00,4,3,7,True,2026-08-08,06:50:00,Low
43,2026-08-08 06:50:00+10:00,1,2,3,True,2026-08-08,06:50:00,Low
59,2026-08-08 06:50:00+10:00,3,3,6,True,2026-08-08,06:50:00,Low
69,2026-08-08 06:50:00+10:00,0,1,1,True,2026-08-08,06:50:00,Low
4,2026-08-08 06:50:00+10:00,1,2,3,True,2026-08-08,06:50:00,Low
6,2026-08-08 06:50:00+10:00,4,0,4,True,2026-08-08,06:50:00,Low
84,2026-08-08 06:50:00+10:00,7,4,11,True,2026-08-08,06:50:00,Low
107,2026-08-08 06:50:00+10:00,1,2,3,True,2026-08-08,06:50:00,Low
131,2026-08-08 06:50:00+10:00,5,0,5,True,2026-08-08,06:50:00,Low
179,2026-08-08 06:50:00+10:00,1,0,1,True,2026-08-08,06:50:00,Low
181,2026-08-08 06:50:00+10:00,0,1,1,True,2026-08-08,06:50:00,Low
11,2026-08-08 06:50:00+10:00,2,0,2,True,2026-08-08,06:50:00,Low
17,2026-08-08 06:50:00+10:00,2,0,2,True,2026-08-08,06:50:00,Low
23,2026-08-08 06:50:00+10:00,3,4,7,True,2026-08-08,06:50:00,Low
24,2026-08-08 06:50:00+10:00,2,5,7,True,2026-08-08,06:50:00,Low
27,2026-08-08 06:50:00+10:00,0,2,2,True,2026-08-08,06:50:00,Low
30,2026-08-08 06:50:00+10:00,2,1,3,True,2026-08-08,06:50:00,Low
49,2026-08-08 06:50:00+10:00,0,8,8,True,2026-08-08,06:50:00,Low
52,2026-08-08 06:50:00+10:00,1,0,1,True,2026-08-08,06:50:00,Low
58,2026-08-08 06:50:00+10:00,7,2,9,True,2026-08-08,06:50:00,Low
63,2026-08-08 06:50:00+10:00,1,0,1,True,2026-08-08,06:50:00,Low
68,2026-08-08 06:50:00+10:00,0,1,1,True,2026-08-08,06:50:00,Low
72,2026-08-08 06:50:00+10:00,1,0,1,True,2026-08-08,06:50:00,Low
130,2026-08-08 06:50:00+10:00,2,0,2,True,2026-08-08,06:50:00,Low
141,2026-08-08 06:50:00+10:00,1,3,4,True,2026-08-08,06:50:00,Low
132,2026-08-08 06:50:00+10:00,2,3,5,True,2026-08-08,06:50:00,Low
133,2026-08-08 06:50:00+10:00,11,20,31,True,2026-08-08,06:50:00,Low
134,2026-08-08 06:50:00+10:00,6,6,12,True,2026-08-08,06:50:00,Low
143,2026-08-08 06:50:00+10:00,1,4,5,True,2026-08-08,06:50:00,Low
184,2026-08-08 06:50:00+10:00,3,5,8,True,2026-08-08,06:50:00,Low
185,2026-08-08 06:50:00+10:00,5,2,7,True,2026-08-08,06:50:00,Low
25,2026-08-08 06:50:00+10:00,3,9,12,True,2026-08-08,06:50:00,Low
35,2026-08-08 06:50:00+10:00,1,1,2,True,2026-08-08,06:50:00,Low
67,2026-08-08 06:50:00+10:00,0,1,1,True,2026-08-08,06:50:00,Low
85,2026-08-08 06:50:00+10:00,1,0,1,True,2026-08-08,06:50:00,Low
139,2026-08-08 06:50:00+10:00,1,0,1,True,2026-08-08,06:50:00,Low
142,2026-08-08 06:50:00+10:00,3,2,5,True,2026-08-08,06:50:00,Low
164,2026-08-08 06:50:00+10:00,0,1,1,True,2026-08-08,06:50:00,Low
3,2026-08-08 06:50:00+10:00,0,1,1,True,2026-08-08,06:50:00,Low
44,2026-08-08 06:50:00+10:00,1,1,2,True,2026-08-08,06:50:00,Low
45,2026-08-08 06:50:00+10:00,1,3,4,True,2026-08-08,06:50:00,Low
47,2026-08-08 06:50:00+10:00,5,5,10,True,2026-08-08,06:50:00,Low
61,2026-08-08 06:50:00+10:00,0,1,1,True,2026-08-08,06:50:00,Low
66,2026-08-08 06:50:00+10:00,1,1,2,True,2026-08-08,06:50:00,Low
70,2026-08-08 06:50:00+10:00,0,1,1,True,2026-08-08,06:50:00,Low
77,2026-08-08 06:50:00+10:00,3,3,6,True,2026-08-08,06:50:00,Low
9,2026-08-08 06:49:00+10:00,0,3,3,True,2026-08-08,06:49:00,Low
17,2026-08-08 06:49:00+10:00,2,0,2,True,2026-08-08,06:49:00,Low
53,2026-08-08 06:49:00+10:00,0,1,1,True,2026-08-08,06:49:00,Low
63,2026-08-08 06:49:00+10:00,0,1,1,True,2026-08-08,06:49:00,Low
67,2026-08-08 06:49:00+10:00,0,1,1,True,2026-08-08,06:49:00,Low
3,2026-08-08 06:49:00+10:00,2,0,2,True,2026-08-08,06:49:00,Low
8,2026-08-08 06:49:00+10:00,1,0,1,True,2026-08-08,06:49:00,Low
41,2026-08-08 06:49:00+10:00,2,1,3,True,2026-08-08,06:49:00,Low
29,2026-08-08 06:49:00+10:00,0,2,2,True,2026-08-08,06:49:00,Low
36,2026-08-08 06:49:00+10:00,0,1,1,True,2026-08-08,06:49:00,Low
40,2026-08-08 06:49:00+10:00,0,1,1,True,2026-08-08,06:49:00,Low
61,2026-08-08 06:49:00+10:00,0,1,1,True,2026-08-08,06:49:00,Low
66,2026-08-08 06:49:00+10:00,0,1,1,True,2026-08-08,06:49:00,Low
87,2026-08-08 06:49:00+10:00,0,1,1,True,2026-08-08,06:49:00,Low
181,2026-08-08 06:49:00+10:00,0,1,1,True,2026-08-08,06:49:00,Low
209,2026-08-08 06:49:00+10:00,0,2,2,True,2026-08-08,06:49:00,Low
79,2026-08-08 06:49:00+10:00,0,1,1,True,2026-08-08,06:49:00,Low
11,2026-08-08 06:49:00+10:00,1,0,1,True,2026-08-08,06:49:00,Low
24,2026-08-08 06:49:00+10:00,2,1,3,True,2026-08-08,06:49:00,Low
35,2026-08-08 06:49:00+10:00,0,1,1,True,2026-08-08,06:49:00,Low
62,2026-08-08 06:49:00+10:00,1,1,2,True,2026-08-08,06:49:00,Low
72,2026-08-08 06:49:00+10:00,1,2,3,True,2026-08-08,06:49:00,Low
6,2026-08-08 06:49:00+10:00,2,0,2,True,2026-08-08,06:49:00,Low
209,2026-08-08 06:48:00+10:00,3,0,3,True,2026-08-08,06:48:00,Low
1,2026-08-08 06:48:00+10:00,1,0,1,True,2026-08-08,06:48:00,Low
9,2026-08-08 06:48:00+10:00,1,1,2,True,2026-08-08,06:48:00,Low
17,2026-08-08 06:48:00+10:00,1,1,2,True,2026-08-08,06:48:00,Low
56,2026-08-08 06:48:00+10:00,1,0,1,True,2026-08-08,06:48:00,Low
63,2026-08-08 06:48:00+10:00,1,1,2,True,2026-08-08,06:48:00,Low
29,2026-08-08 06:48:00+10:00,0,1,1,True,2026-08-08,06:48:00,Low
41,2026-08-08 06:48:00+10:00,5,3,8,True,2026-08-08,06:48:00,Low
66,2026-08-08 06:48:00+10:00,1,0,1,True,2026-08-08,06:48:00,Low
181,2026-08-08 06:48:00+10:00,2,1,3,True,2026-08-08,06:48:00,Low
24,2026-08-08 06:48:00+10:00,2,3,5,True,2026-08-08,06:48:00,Low
35,2026-08-08 06:48:00+10:00,3,1,4,True,2026-08-08,06:48:00,Low
68,2026-08-08 06:48:00+10:00,1,0,1,True,2026-08-08,06:48:00,Low
62,2026-08-08 06:48:00+10:00,1,0,1,True,2026-08-08,06:48:00,Low
72,2026-08-08 06:48:00+10:00,0,1,1,True,2026-08-08,06:48:00,Low
4,2026-08-08 06:48:00+10:00,1,1,2,True,2026-08-08,06:48:00,Low
61,2026-08-08 06:48:00+10:00,1,0,1,True,2026-08-08,06:48:00,Low
1,2026-08-08 06:47:00+10:00,0,1,1,True,2026-08-08,06:47:00,Low
67,2026-08-08 06:47:00+10:00,0,1,1,True,2026-08-08,06:47:00,Low
79,2026-08-08 06:47:00+10:00,1,0,1,True,2026-08-08,06:47:00,Low
85,2026-08-08 06:47:00+10:00,1,0,1,True,2026-08-08,06:47:00,Low
3,2026-08-08 06:47:00+10:00,2,1,3,True,2026-08-08,06:47:00,Low
29,2026-08-08 06:47:00+10:00,0,1,1,True,2026-08-08,06:47:00,Low
61,2026-08-08 06:47:00+10:00,0,1,1,True,2026-08-08,06:47:00,Low
8,2026-08-08 06:47:00+10:00,0,1,1,True,2026-08-08,06:47:00,Low
36,2026-08-08 06:47:00+10:00,2,1,3,True,2026-08-08,06:47:00,Low
40,2026-08-08 06:47:00+10:00,3,0,3,True,2026-08-08,06:47:00,Low
24,2026-08-08 06:47:00+10:00,1,4,5,True,2026-08-08,06:47:00,Low
52,2026-08-08 06:47:00+10:00,0,2,2,True,2026-08-08,06:47:00,Low
181,2026-08-08 06:47:00+10:00,2,0,2,True,2026-08-08,06:47:00,Low
209,2026-08-08 06:47:00+10:00,1,0,1,True,2026-08-08,06:47:00,Low
2,2026-08-08 06:47:00+10:00,0,2,2,True,2026-08-08,06:47:00,Low
63,2026-08-08 06:47:00+10:00,0,1,1,True,2026-08-08,06:47:00,Low
187,2026-08-08 06:47:00+10:00,1,1,2,True,2026-08-08,06:47:00,Low
41,2026-08-08 06:47:00+10:00,4,4,8,True,2026-08-08,06:47:00,Low
70,2026-08-08 06:47:00+10:00,0,1,1,True,2026-08-08,06:47:00,Low
181,2026-08-08 06:46:00+10:00,1,0,1,True,2026-08-08,06:46:00,Low
9,2026-08-08 06:46:00+10:00,1,0,1,True,2026-08-08,06:46:00,Low
10,2026-08-08 06:46:00+10:00,1,0,1,True,2026-08-08,06:46:00,Low
17,2026-08-08 06:46:00+10:00,0,2,2,True,2026-08-08,06:46:00,Low
20,2026-08-08 06:46:00+10:00,1,0,1,True,2026-08-08,06:46:00,Low
24,2026-08-08 06:46:00+10:00,6,0,6,True,2026-08-08,06:46:00,Low
35,2026-08-08 06:46:00+10:00,2,0,2,True,2026-08-08,06:46:00,Low
63,2026-08-08 06:46:00+10:00,0,1,1,True,2026-08-08,06:46:00,Low
79,2026-08-08 06:46:00+10:00,3,3,6,True,2026-08-08,06:46:00,Low
3,2026-08-08 06:46:00+10:00,1,0,1,True,2026-08-08,06:46:00,Low
4,2026-08-08 06:46:00+10:00,1,0,1,True,2026-08-08,06:46:00,Low
36,2026-08-08 06:46:00+10:00,0,1,1,True,2026-08-08,06:46:00,Low
66,2026-08-08 06:46:00+10:00,0,1,1,True,2026-08-08,06:46:00,Low
67,2026-08-08 06:46:00+10:00,0,1,1,True,2026-08-08,06:46:00,Low
209,2026-08-08 06:46:00+10:00,1,0,1,True,2026-08-08,06:46:00,Low
6,2026-08-08 06:46:00+10:00,0,1,1,True,2026-08-08,06:46:00,Low
41,2026-08-08 06:46:00+10:00,2,3,5,True,2026-08-08,06:46:00,Low
135,2026-08-08 06:45:00+10:00,4,2,6,True,2026-08-08,06:45:00,Low
179,2026-08-08 06:45:00+10:00,0,1,1,True,2026-08-08,06:45:00,Low
181,2026-08-08 06:45:00+10:00,0,2,2,True,2026-08-08,06:45:00,Low
209,2026-08-08 06:45:00+10:00,1,0,1,True,2026-08-08,06:45:00,Low
9,2026-08-08 06:45:00+10:00,1,0,1,True,2026-08-08,06:45:00,Low
23,2026-08-08 06:45:00+10:00,3,2,5,True,2026-08-08,06:45:00,Low
24,2026-08-08 06:45:00+10:00,1,1,2,True,2026-08-08,06:45:00,Low
25,2026-08-08 06:45:00+10:00,5,9,14,True,2026-08-08,06:45:00,Low
30,2026-08-08 06:45:00+10:00,2,1,3,True,2026-08-08,06:45:00,Low
46,2026-08-08 06:45:00+10:00,0,1,1,True,2026-08-08,06:45:00,Low
53,2026-08-08 06:45:00+10:00,0,2,2,True,2026-08-08,06:45:00,Low
58,2026-08-08 06:45:00+10:00,18,2,20,True,2026-08-08,06:45:00,Low
85,2026-08-08 06:45:00+10:00,1,0,1,True,2026-08-08,06:45:00,Low
109,2026-08-08 06:45:00+10:00,1,4,5,True,2026-08-08,06:45:00,Low
123,2026-08-08 06:45:00+10:00,1,0,1,True,2026-08-08,06:45:00,Low
141,2026-08-08 06:45:00+10:00,4,0,4,True,2026-08-08,06:45:00,Low
3,2026-08-08 06:45:00+10:00,1,1,2,True,2026-08-08,06:45:00,Low
6,2026-08-08 06:45:00+10:00,3,0,3,True,2026-08-08,06:45:00,Low
21,2026-08-08 06:45:00+10:00,0,1,1,True,2026-08-08,06:45:00,Low
37,2026-08-08 06:45:00+10:00,2,0,2,True,2026-08-08,06:45:00,Low
41,2026-08-08 06:45:00+10:00,6,2,8,True,2026-08-08,06:45:00,Low
45,2026-08-08 06:45:00+10:00,1,13,14,True,2026-08-08,06:45:00,Low
47,2026-08-08 06:45:00+10:00,2,1,3,True,2026-08-08,06:45:00,Low
61,2026-08-08 06:45:00+10:00,0,1,1,True,2026-08-08,06:45:00,Low
84,2026-08-08 06:45:00+10:00,2,4,6,True,2026-08-08,06:45:00,Low
131,2026-08-08 06:45:00+10:00,1,2,3,True,2026-08-08,06:45:00,Low
5,2026-08-08 06:45:00+10:00,4,6,10,True,2026-08-08,06:45:00,Low
59,2026-08-08 06:45:00+10:00,1,7,8,True,2026-08-08,06:45:00,Low
107,2026-08-08 06:45:00+10:00,0,3,3,True,2026-08-08,06:45:00,Low
132,2026-08-08 06:45:00+10:00,2,3,5,True,2026-08-08,06:45:00,Low
134,2026-08-08 06:45:00+10:00,6,3,9,True,2026-08-08,06:45:00,Low
143,2026-08-08 06:45:00+10:00,3,7,10,True,2026-08-08,06:45:00,Low
162,2026-08-08 06:45:00+10:00,3,3,6,True,2026-08-08,06:45:00,Low
166,2026-08-08 06:45:00+10:00,0,3,3,True,2026-08-08,06:45:00,Low
184,2026-08-08 06:45:00+10:00,3,6,9,True,2026-08-08,06:45:00,Low
11,2026-08-08 06:45:00+10:00,0,1,1,True,2026-08-08,06:45:00,Low
27,2026-08-08 06:45:00+10:00,1,0,1,True,2026-08-08,06:45:00,Low
130,2026-08-08 06:45:00+10:00,1,0,1,True,2026-08-08,06:45:00,Low
136,2026-08-08 06:45:00+10:00,0,1,1,True,2026-08-08,06:45:00,Low
164,2026-08-08 06:45:00+10:00,6,0,6,True,2026-08-08,06:45:00,Low
133,2026-08-08 06:45:00+10:00,8,10,18,True,2026-08-08,06:45:00,Low
167,2026-08-08 06:45:00+10:00,0,1,1,True,2026-08-08,06:45:00,Low
182,2026-08-08 06:45:00+10:00,4,5,9,True,2026-08-08,06:45:00,Low
48,2026-08-08 06:45:00+10:00,4,2,6,True,2026-08-08,06:45:00,Low
49,2026-08-08 06:45:00+10:00,3,4,7,True,2026-08-08,06:45:00,Low
52,2026-08-08 06:45:00+10:00,0,1,1,True,2026-08-08,06:45:00,Low
63,2026-08-08 06:45:00+10:00,1,0,1,True,2026-08-08,06:45:00,Low
67,2026-08-08 06:45:00+10:00,0,2,2,True,2026-08-08,06:45:00,Low
79,2026-08-08 06:45:00+10:00,0,1,1,True,2026-08-08,06:45:00,Low
139,2026-08-08 06:45:00+10:00,0,1,1,True,2026-08-08,06:45:00,Low
142,2026-08-08 06:45:00+10:00,5,1,6,True,2026-08-08,06:45:00,Low
161,2026-08-08 06:45:00+10:00,0,2,2,True,2026-08-08,06:45:00,Low
44,2026-08-08 06:45:00+10:00,2,0,2,True,2026-08-08,06:45:00,Low
54,2026-08-08 06:45:00+10:00,0,1,1,True,2026-08-08,06:45:00,Low
66,2026-08-08 06:45:00+10:00,1,0,1,True,2026-08-08,06:45:00,Low
77,2026-08-08 06:45:00+10:00,0,1,1,True,2026-08-08,06:45:00,Low
87,2026-08-08 06:45:00+10:00,0,1,1,True,2026-08-08,06:45:00,Low
2,2026-08-08 06:44:00+10:00,1,0,1,True,2026-08-08,06:44:00,Low
11,2026-08-08 06:44:00+10:00,0,1,1,True,2026-08-08,06:44:00,Low
17,2026-08-08 06:44:00+10:00,1,0,1,True,2026-08-08,06:44:00,Low
19,2026-08-08 06:44:00+10:00,0,1,1,True,2026-08-08,06:44:00,Low
79,2026-08-08 06:44:00+10:00,2,1,3,True,2026-08-08,06:44:00,Low
66,2026-08-08 06:44:00+10:00,2,1,3,True,2026-08-08,06:44:00,Low
3,2026-08-08 06:44:00+10:00,1,0,1,True,2026-08-08,06:44:00,Low
4,2026-08-08 06:44:00+10:00,0,2,2,True,2026-08-08,06:44:00,Low
41,2026-08-08 06:44:00+10:00,3,0,3,True,2026-08-08,06:44:00,Low
71,2026-08-08 06:44:00+10:00,0,1,1,True,2026-08-08,06:44:00,Low
181,2026-08-08 06:44:00+10:00,0,1,1,True,2026-08-08,06:44:00,Low
24,2026-08-08 06:44:00+10:00,4,0,4,True,2026-08-08,06:44:00,Low
35,2026-08-08 06:44:00+10:00,1,1,2,True,2026-08-08,06:44:00,Low
52,2026-08-08 06:44:00+10:00,1,0,1,True,2026-08-08,06:44:00,Low
6,2026-08-08 06:44:00+10:00,0,1,1,True,2026-08-08,06:44:00,Low
29,2026-08-08 06:44:00+10:00,0,1,1,True,2026-08-08,06:44:00,Low
61,2026-08-08 06:44:00+10:00,0,1,1,True,2026-08-08,06:44:00,Low
35,2026-08-08 06:43:00+10:00,2,1,3,True,2026-08-08,06:43:00,Low
67,2026-08-08 06:43:00+10:00,1,1,2,True,2026-08-08,06:43:00,Low
180,2026-08-08 06:43:00+10:00,0,1,1,True,2026-08-08,06:43:00,Low
6,2026-08-08 06:43:00+10:00,0,4,4,True,2026-08-08,06:43:00,Low
61,2026-08-08 06:43:00+10:00,0,1,1,True,2026-08-08,06:43:00,Low
75,2026-08-08 06:43:00+10:00,1,0,1,True,2026-08-08,06:43:00,Low
181,2026-08-08 06:43:00+10:00,0,1,1,True,2026-08-08,06:43:00,Low
2,2026-08-08 06:43:00+10:00,0,2,2,True,2026-08-08,06:43:00,Low
9,2026-08-08 06:43:00+10:00,0,2,2,True,2026-08-08,06:43:00,Low
24,2026-08-08 06:43:00+10:00,1,1,2,True,2026-08-08,06:43:00,Low
51,2026-08-08 06:43:00+10:00,1,0,1,True,2026-08-08,06:43:00,Low
56,2026-08-08 06:43:00+10:00,1,0,1,True,2026-08-08,06:43:00,Low
63,2026-08-08 06:43:00+10:00,0,1,1,True,2026-08-08,06:43:00,Low
29,2026-08-08 06:43:00+10:00,1,4,5,True,2026-08-08,06:43:00,Low
41,2026-08-08 06:43:00+10:00,2,2,4,True,2026-08-08,06:43:00,Low
50,2026-08-08 06:43:00+10:00,0,1,1,True,2026-08-08,06:43:00,Low
66,2026-08-08 06:43:00+10:00,0,1,1,True,2026-08-08,06:43:00,Low
181,2026-08-08 06:42:00+10:00,2,1,3,True,2026-08-08,06:42:00,Low
17,2026-08-08 06:42:00+10:00,1,0,1,True,2026-08-08,06:42:00,Low
67,2026-08-08 06:42:00+10:00,0,2,2,True,2026-08-08,06:42:00,Low
4,2026-08-08 06:42:00+10:00,1,3,4,True,2026-08-08,06:42:00,Low
31,2026-08-08 06:42:00+10:00,1,0,1,True,2026-08-08,06:42:00,Low
36,2026-08-08 06:42:00+10:00,2,0,2,True,2026-08-08,06:42:00,Low
3,2026-08-08 06:42:00+10:00,0,1,1,True,2026-08-08,06:42:00,Low
6,2026-08-08 06:42:00+10:00,1,1,2,True,2026-08-08,06:42:00,Low
29,2026-08-08 06:42:00+10:00,1,0,1,True,2026-08-08,06:42:00,Low
41,2026-08-08 06:42:00+10:00,1,0,1,True,2026-08-08,06:42:00,Low
2,2026-08-08 06:42:00+10:00,0,2,2,True,2026-08-08,06:42:00,Low
24,2026-08-08 06:42:00+10:00,1,1,2,True,2026-08-08,06:42:00,Low
35,2026-08-08 06:42:00+10:00,1,0,1,True,2026-08-08,06:42:00,Low
79,2026-08-08 06:42:00+10:00,0,3,3,True,2026-08-08,06:42:00,Low
9,2026-08-08 06:42:00+10:00,0,2,2,True,2026-08-08,06:42:00,Low
19,2026-08-08 06:42:00+10:00,1,0,1,True,2026-08-08,06:42:00,Low
63,2026-08-08 06:42:00+10:00,1,0,1,True,2026-08-08,06:42:00,Low
69,2026-08-08 06:42:00+10:00,0,1,1,True,2026-08-08,06:42:00,Low
71,2026-08-08 06:42:00+10:00,0,1,1,True,2026-08-08,06:42:00,Low
20,2026-08-08 06:41:00+10:00,1,2,3,True,2026-08-08,06:41:00,Low
24,2026-08-08 06:41:00+10:00,5,6,11,True,2026-08-08,06:41:00,Low
52,2026-08-08 06:41:00+10:00,1,0,1,True,2026-08-08,06:41:00,Low
72,2026-08-08 06:41:00+10:00,0,1,1,True,2026-08-08,06:41:00,Low
76,2026-08-08 06:41:00+10:00,0,1,1,True,2026-08-08,06:41:00,Low
41,2026-08-08 06:41:00+10:00,5,5,10,True,2026-08-08,06:41:00,Low
6,2026-08-08 06:41:00+10:00,1,11,12,True,2026-08-08,06:41:00,Low
66,2026-08-08 06:41:00+10:00,0,1,1,True,2026-08-08,06:41:00,Low
35,2026-08-08 06:41:00+10:00,2,0,2,True,2026-08-08,06:41:00,Low
56,2026-08-08 06:41:00+10:00,0,1,1,True,2026-08-08,06:41:00,Low
85,2026-08-08 06:41:00+10:00,1,0,1,True,2026-08-08,06:41:00,Low
209,2026-08-08 06:41:00+10:00,1,0,1,True,2026-08-08,06:41:00,Low
51,2026-08-08 06:41:00+10:00,3,0,3,True,2026-08-08,06:41:00,Low
53,2026-08-08 06:41:00+10:00,0,1,1,True,2026-08-08,06:41:00,Low
63,2026-08-08 06:41:00+10:00,0,1,1,True,2026-08-08,06:41:00,Low
4,2026-08-08 06:41:00+10:00,1,1,2,True,2026-08-08,06:41:00,Low
133,2026-08-08 06:40:00+10:00,14,7,21,True,2026-08-08,06:40:00,Low
182,2026-08-08 06:40:00+10:00,4,5,9,True,2026-08-08,06:40:00,Low
185,2026-08-08 06:40:00+10:00,4,4,8,True,2026-08-08,06:40:00,Low
24,2026-08-08 06:40:00+10:00,2,2,4,True,2026-08-08,06:40:00,Low
35,2026-08-08 06:40:00+10:00,1,0,1,True,2026-08-08,06:40:00,Low
48,2026-08-08 06:40:00+10:00,0,1,1,True,2026-08-08,06:40:00,Low
49,2026-08-08 06:40:00+10:00,1,0,1,True,2026-08-08,06:40:00,Low
58,2026-08-08 06:40:00+10:00,10,8,18,True,2026-08-08,06:40:00,Low
62,2026-08-08 06:40:00+10:00,0,1,1,True,2026-08-08,06:40:00,Low
67,2026-08-08 06:40:00+10:00,1,0,1,True,2026-08-08,06:40:00,Low
109,2026-08-08 06:40:00+10:00,1,0,1,True,2026-08-08,06:40:00,Low
161,2026-08-08 06:40:00+10:00,1,0,1,True,2026-08-08,06:40:00,Low
5,2026-08-08 06:40:00+10:00,4,3,7,True,2026-08-08,06:40:00,Low
6,2026-08-08 06:40:00+10:00,1,1,2,True,2026-08-08,06:40:00,Low
45,2026-08-08 06:40:00+10:00,1,6,7,True,2026-08-08,06:40:00,Low
47,2026-08-08 06:40:00+10:00,0,4,4,True,2026-08-08,06:40:00,Low
3,2026-08-08 06:40:00+10:00,0,1,1,True,2026-08-08,06:40:00,Low
4,2026-08-08 06:40:00+10:00,3,2,5,True,2026-08-08,06:40:00,Low
84,2026-08-08 06:40:00+10:00,7,1,8,True,2026-08-08,06:40:00,Low
107,2026-08-08 06:40:00+10:00,1,2,3,True,2026-08-08,06:40:00,Low
132,2026-08-08 06:40:00+10:00,2,0,2,True,2026-08-08,06:40:00,Low
134,2026-08-08 06:40:00+10:00,8,3,11,True,2026-08-08,06:40:00,Low
135,2026-08-08 06:40:00+10:00,3,0,3,True,2026-08-08,06:40:00,Low
162,2026-08-08 06:40:00+10:00,12,6,18,True,2026-08-08,06:40:00,Low
10,2026-08-08 06:40:00+10:00,0,1,1,True,2026-08-08,06:40:00,Low
25,2026-08-08 06:40:00+10:00,1,4,5,True,2026-08-08,06:40:00,Low
27,2026-08-08 06:40:00+10:00,1,0,1,True,2026-08-08,06:40:00,Low
51,2026-08-08 06:40:00+10:00,0,1,1,True,2026-08-08,06:40:00,Low
63,2026-08-08 06:40:00+10:00,1,0,1,True,2026-08-08,06:40:00,Low
141,2026-08-08 06:40:00+10:00,6,2,8,True,2026-08-08,06:40:00,Low
164,2026-08-08 06:40:00+10:00,2,0,2,True,2026-08-08,06:40:00,Low
143,2026-08-08 06:40:00+10:00,10,8,18,True,2026-08-08,06:40:00,Low
167,2026-08-08 06:40:00+10:00,0,2,2,True,2026-08-08,06:40:00,Low
184,2026-08-08 06:40:00+10:00,3,4,7,True,2026-08-08,06:40:00,Low
23,2026-08-08 06:40:00+10:00,0,7,7,True,2026-08-08,06:40:00,Low
79,2026-08-08 06:40:00+10:00,1,1,2,True,2026-08-08,06:40:00,Low
137,2026-08-08 06:40:00+10:00,0,1,1,True,2026-08-08,06:40:00,Low
142,2026-08-08 06:40:00+10:00,4,2,6,True,2026-08-08,06:40:00,Low
21,2026-08-08 06:40:00+10:00,1,2,3,True,2026-08-08,06:40:00,Low
41,2026-08-08 06:40:00+10:00,1,1,2,True,2026-08-08,06:40:00,Low
43,2026-08-08 06:40:00+10:00,2,0,2,True,2026-08-08,06:40:00,Low
59,2026-08-08 06:40:00+10:00,0,2,2,True,2026-08-08,06:40:00,Low
77,2026-08-08 06:40:00+10:00,3,2,5,True,2026-08-08,06:40:00,Low
131,2026-08-08 06:40:00+10:00,3,4,7,True,2026-08-08,06:40:00,Low
181,2026-08-08 06:39:00+10:00,3,1,4,True,2026-08-08,06:39:00,Low
2,2026-08-08 06:39:00+10:00,1,1,2,True,2026-08-08,06:39:00,Low
24,2026-08-08 06:39:00+10:00,10,0,10,True,2026-08-08,06:39:00,Low
63,2026-08-08 06:39:00+10:00,1,0,1,True,2026-08-08,06:39:00,Low
3,2026-08-08 06:39:00+10:00,0,1,1,True,2026-08-08,06:39:00,Low
50,2026-08-08 06:39:00+10:00,1,0,1,True,2026-08-08,06:39:00,Low
36,2026-08-08 06:39:00+10:00,0,1,1,True,2026-08-08,06:39:00,Low
41,2026-08-08 06:39:00+10:00,0,3,3,True,2026-08-08,06:39:00,Low
35,2026-08-08 06:39:00+10:00,0,1,1,True,2026-08-08,06:39:00,Low
51,2026-08-08 06:39:00+10:00,0,1,1,True,2026-08-08,06:39:00,Low
72,2026-08-08 06:39:00+10:00,0,2,2,True,2026-08-08,06:39:00,Low
76,2026-08-08 06:39:00+10:00,1,0,1,True,2026-08-08,06:39:00,Low
4,2026-08-08 06:39:00+10:00,2,0,2,True,2026-08-08,06:39:00,Low
61,2026-08-08 06:39:00+10:00,0,4,4,True,2026-08-08,06:39:00,Low
2,2026-08-08 06:38:00+10:00,1,0,1,True,2026-08-08,06:38:00,Low
17,2026-08-08 06:38:00+10:00,0,1,1,True,2026-08-08,06:38:00,Low
19,2026-08-08 06:38:00+10:00,2,0,2,True,2026-08-08,06:38:00,Low
56,2026-08-08 06:38:00+10:00,2,0,2,True,2026-08-08,06:38:00,Low
187,2026-08-08 06:38:00+10:00,2,0,2,True,2026-08-08,06:38:00,Low
41,2026-08-08 06:38:00+10:00,6,1,7,True,2026-08-08,06:38:00,Low
70,2026-08-08 06:38:00+10:00,0,1,1,True,2026-08-08,06:38:00,Low
6,2026-08-08 06:38:00+10:00,1,0,1,True,2026-08-08,06:38:00,Low
24,2026-08-08 06:38:00+10:00,0,3,3,True,2026-08-08,06:38:00,Low
35,2026-08-08 06:38:00+10:00,2,0,2,True,2026-08-08,06:38:00,Low
67,2026-08-08 06:38:00+10:00,0,2,2,True,2026-08-08,06:38:00,Low
72,2026-08-08 06:38:00+10:00,0,1,1,True,2026-08-08,06:38:00,Low
181,2026-08-08 06:38:00+10:00,1,1,2,True,2026-08-08,06:38:00,Low
53,2026-08-08 06:38:00+10:00,2,0,2,True,2026-08-08,06:38:00,Low
63,2026-08-08 06:38:00+10:00,0,2,2,True,2026-08-08,06:38:00,Low
68,2026-08-08 06:38:00+10:00,1,0,1,True,2026-08-08,06:38:00,Low
4,2026-08-08 06:38:00+10:00,3,1,4,True,2026-08-08,06:38:00,Low
31,2026-08-08 06:38:00+10:00,1,0,1,True,2026-08-08,06:38:00,Low
63,2026-08-08 06:37:00+10:00,0,1,1,True,2026-08-08,06:37:00,Low
85,2026-08-08 06:37:00+10:00,1,0,1,True,2026-08-08,06:37:00,Low
3,2026-08-08 06:37:00+10:00,1,1,2,True,2026-08-08,06:37:00,Low
61,2026-08-08 06:37:00+10:00,0,2,2,True,2026-08-08,06:37:00,Low
6,2026-08-08 06:37:00+10:00,1,0,1,True,2026-08-08,06:37:00,Low
40,2026-08-08 06:37:00+10:00,0,2,2,True,2026-08-08,06:37:00,Low
41,2026-08-08 06:37:00+10:00,1,3,4,True,2026-08-08,06:37:00,Low
50,2026-08-08 06:37:00+10:00,0,1,1,True,2026-08-08,06:37:00,Low
35,2026-08-08 06:37:00+10:00,1,0,1,True,2026-08-08,06:37:00,Low
67,2026-08-08 06:37:00+10:00,1,2,3,True,2026-08-08,06:37:00,Low
181,2026-08-08 06:37:00+10:00,0,1,1,True,2026-08-08,06:37:00,Low
24,2026-08-08 06:37:00+10:00,0,4,4,True,2026-08-08,06:37:00,Low
51,2026-08-08 06:37:00+10:00,0,2,2,True,2026-08-08,06:37:00,Low
4,2026-08-08 06:37:00+10:00,1,1,2,True,2026-08-08,06:37:00,Low
42,2026-08-08 06:37:00+10:00,0,1,1,True,2026-08-08,06:37:00,Low
2,2026-08-08 06:36:00+10:00,0,1,1,True,2026-08-08,06:36:00,Low
17,2026-08-08 06:36:00+10:00,0,1,1,True,2026-08-08,06:36:00,Low
24,2026-08-08 06:36:00+10:00,0,2,2,True,2026-08-08,06:36:00,Low
53,2026-08-08 06:36:00+10:00,0,1,1,True,2026-08-08,06:36:00,Low
72,2026-08-08 06:36:00+10:00,3,0,3,True,2026-08-08,06:36:00,Low
76,2026-08-08 06:36:00+10:00,1,0,1,True,2026-08-08,06:36:00,Low
79,2026-08-08 06:36:00+10:00,1,0,1,True,2026-08-08,06:36:00,Low
41,2026-08-08 06:36:00+10:00,3,1,4,True,2026-08-08,06:36:00,Low
4,2026-08-08 06:36:00+10:00,3,0,3,True,2026-08-08,06:36:00,Low
69,2026-08-08 06:36:00+10:00,1,0,1,True,2026-08-08,06:36:00,Low
181,2026-08-08 06:36:00+10:00,1,0,1,True,2026-08-08,06:36:00,Low
1,2026-08-08 06:36:00+10:00,0,1,1,True,2026-08-08,06:36:00,Low
209,2026-08-08 06:36:00+10:00,1,1,2,True,2026-08-08,06:36:00,Low
19,2026-08-08 06:36:00+10:00,0,1,1,True,2026-08-08,06:36:00,Low
35,2026-08-08 06:36:00+10:00,1,0,1,True,2026-08-08,06:36:00,Low
67,2026-08-08 06:36:00+10:00,2,0,2,True,2026-08-08,06:36:00,Low
6,2026-08-08 06:36:00+10:00,0,1,1,True,2026-08-08,06:36:00,Low
8,2026-08-08 06:36:00+10:00,1,0,1,True,2026-08-08,06:36:00,Low
29,2026-08-08 06:36:00+10:00,0,2,2,True,2026-08-08,06:36:00,Low
77,2026-08-08 06:35:00+10:00,1,5,6,True,2026-08-08,06:35:00,Low
84,2026-08-08 06:35:00+10:00,3,3,6,True,2026-08-08,06:35:00,Low
131,2026-08-08 06:35:00+10:00,1,0,1,True,2026-08-08,06:35:00,Low
132,2026-08-08 06:35:00+10:00,4,3,7,True,2026-08-08,06:35:00,Low
135,2026-08-08 06:35:00+10:00,3,7,10,True,2026-08-08,06:35:00,Low
162,2026-08-08 06:35:00+10:00,2,2,4,True,2026-08-08,06:35:00,Low
167,2026-08-08 06:35:00+10:00,0,1,1,True,2026-08-08,06:35:00,Low
185,2026-08-08 06:35:00+10:00,5,4,9,True,2026-08-08,06:35:00,Low
10,2026-08-08 06:35:00+10:00,0,1,1,True,2026-08-08,06:35:00,Low
23,2026-08-08 06:35:00+10:00,0,2,2,True,2026-08-08,06:35:00,Low
30,2026-08-08 06:35:00+10:00,0,5,5,True,2026-08-08,06:35:00,Low
35,2026-08-08 06:35:00+10:00,2,1,3,True,2026-08-08,06:35:00,Low
51,2026-08-08 06:35:00+10:00,1,0,1,True,2026-08-08,06:35:00,Low
58,2026-08-08 06:35:00+10:00,2,3,5,True,2026-08-08,06:35:00,Low
62,2026-08-08 06:35:00+10:00,1,1,2,True,2026-08-08,06:35:00,Low
63,2026-08-08 06:35:00+10:00,0,2,2,True,2026-08-08,06:35:00,Low
141,2026-08-08 06:35:00+10:00,0,1,1,True,2026-08-08,06:35:00,Low
142,2026-08-08 06:35:00+10:00,3,0,3,True,2026-08-08,06:35:00,Low
5,2026-08-08 06:35:00+10:00,8,5,13,True,2026-08-08,06:35:00,Low
21,2026-08-08 06:35:00+10:00,1,0,1,True,2026-08-08,06:35:00,Low
37,2026-08-08 06:35:00+10:00,0,1,1,True,2026-08-08,06:35:00,Low
41,2026-08-08 06:35:00+10:00,2,1,3,True,2026-08-08,06:35:00,Low
44,2026-08-08 06:35:00+10:00,1,0,1,True,2026-08-08,06:35:00,Low
61,2026-08-08 06:35:00+10:00,0,2,2,True,2026-08-08,06:35:00,Low
107,2026-08-08 06:35:00+10:00,0,5,5,True,2026-08-08,06:35:00,Low
133,2026-08-08 06:35:00+10:00,4,7,11,True,2026-08-08,06:35:00,Low
143,2026-08-08 06:35:00+10:00,2,5,7,True,2026-08-08,06:35:00,Low
181,2026-08-08 06:35:00+10:00,0,3,3,True,2026-08-08,06:35:00,Low
182,2026-08-08 06:35:00+10:00,2,5,7,True,2026-08-08,06:35:00,Low
184,2026-08-08 06:35:00+10:00,3,2,5,True,2026-08-08,06:35:00,Low
12,2026-08-08 06:35:00+10:00,1,0,1,True,2026-08-08,06:35:00,Low
24,2026-08-08 06:35:00+10:00,0,1,1,True,2026-08-08,06:35:00,Low
25,2026-08-08 06:35:00+10:00,2,4,6,True,2026-08-08,06:35:00,Low
48,2026-08-08 06:35:00+10:00,3,2,5,True,2026-08-08,06:35:00,Low
49,2026-08-08 06:35:00+10:00,3,2,5,True,2026-08-08,06:35:00,Low
67,2026-08-08 06:35:00+10:00,0,4,4,True,2026-08-08,06:35:00,Low
109,2026-08-08 06:35:00+10:00,0,1,1,True,2026-08-08,06:35:00,Low
87,2026-08-08 06:35:00+10:00,1,0,1,True,2026-08-08,06:35:00,Low
134,2026-08-08 06:35:00+10:00,3,15,18,True,2026-08-08,06:35:00,Low
1,2026-08-08 06:35:00+10:00,1,0,1,True,2026-08-08,06:35:00,Low
53,2026-08-08 06:35:00+10:00,3,0,3,True,2026-08-08,06:35:00,Low
56,2026-08-08 06:35:00+10:00,0,1,1,True,2026-08-08,06:35:00,Low
79,2026-08-08 06:35:00+10:00,1,0,1,True,2026-08-08,06:35:00,Low
117,2026-08-08 06:35:00+10:00,1,3,4,True,2026-08-08,06:35:00,Low
130,2026-08-08 06:35:00+10:00,1,0,1,True,2026-08-08,06:35:00,Low
4,2026-08-08 06:35:00+10:00,1,0,1,True,2026-08-08,06:35:00,Low
43,2026-08-08 06:35:00+10:00,1,0,1,True,2026-08-08,06:35:00,Low
45,2026-08-08 06:35:00+10:00,4,5,9,True,2026-08-08,06:35:00,Low
47,2026-08-08 06:35:00+10:00,0,5,5,True,2026-08-08,06:35:00,Low
54,2026-08-08 06:35:00+10:00,1,0,1,True,2026-08-08,06:35:00,Low
59,2026-08-08 06:35:00+10:00,1,3,4,True,2026-08-08,06:35:00,Low
24,2026-08-08 06:34:00+10:00,2,0,2,True,2026-08-08,06:34:00,Low
14,2026-08-08 06:34:00+10:00,0,1,1,True,2026-08-08,06:34:00,Low
61,2026-08-08 06:34:00+10:00,0,1,1,True,2026-08-08,06:34:00,Low
6,2026-08-08 06:34:00+10:00,2,0,2,True,2026-08-08,06:34:00,Low
36,2026-08-08 06:34:00+10:00,1,0,1,True,2026-08-08,06:34:00,Low
41,2026-08-08 06:34:00+10:00,2,2,4,True,2026-08-08,06:34:00,Low
42,2026-08-08 06:34:00+10:00,1,0,1,True,2026-08-08,06:34:00,Low
87,2026-08-08 06:34:00+10:00,1,0,1,True,2026-08-08,06:34:00,Low
19,2026-08-08 06:34:00+10:00,1,0,1,True,2026-08-08,06:34:00,Low
181,2026-08-08 06:34:00+10:00,0,1,1,True,2026-08-08,06:34:00,Low
1,2026-08-08 06:34:00+10:00,0,1,1,True,2026-08-08,06:34:00,Low
35,2026-08-08 06:34:00+10:00,0,1,1,True,2026-08-08,06:34:00,Low
72,2026-08-08 06:34:00+10:00,1,1,2,True,2026-08-08,06:34:00,Low
79,2026-08-08 06:34:00+10:00,1,0,1,True,2026-08-08,06:34:00,Low
3,2026-08-08 06:34:00+10:00,2,0,2,True,2026-08-08,06:34:00,Low
29,2026-08-08 06:34:00+10:00,1,0,1,True,2026-08-08,06:34:00,Low
75,2026-08-08 06:34:00+10:00,0,1,1,True,2026-08-08,06:34:00,Low
181,2026-08-08 06:33:00+10:00,1,0,1,True,2026-08-08,06:33:00,Low
63,2026-08-08 06:33:00+10:00,0,3,3,True,2026-08-08,06:33:00,Low
3,2026-08-08 06:33:00+10:00,1,2,3,True,2026-08-08,06:33:00,Low
6,2026-08-08 06:33:00+10:00,0,1,1,True,2026-08-08,06:33:00,Low
41,2026-08-08 06:33:00+10:00,8,1,9,True,2026-08-08,06:33:00,Low
209,2026-08-08 06:33:00+10:00,0,1,1,True,2026-08-08,06:33:00,Low
35,2026-08-08 06:33:00+10:00,1,4,5,True,2026-08-08,06:33:00,Low
51,2026-08-08 06:33:00+10:00,1,0,1,True,2026-08-08,06:33:00,Low
52,2026-08-08 06:33:00+10:00,1,0,1,True,2026-08-08,06:33:00,Low
10,2026-08-08 06:32:00+10:00,0,1,1,True,2026-08-08,06:32:00,Low
12,2026-08-08 06:32:00+10:00,1,0,1,True,2026-08-08,06:32:00,Low
24,2026-08-08 06:32:00+10:00,2,0,2,True,2026-08-08,06:32:00,Low
62,2026-08-08 06:32:00+10:00,2,0,2,True,2026-08-08,06:32:00,Low
79,2026-08-08 06:32:00+10:00,1,0,1,True,2026-08-08,06:32:00,Low
41,2026-08-08 06:32:00+10:00,5,0,5,True,2026-08-08,06:32:00,Low
50,2026-08-08 06:32:00+10:00,1,0,1,True,2026-08-08,06:32:00,Low
69,2026-08-08 06:32:00+10:00,1,0,1,True,2026-08-08,06:32:00,Low
4,2026-08-08 06:32:00+10:00,1,0,1,True,2026-08-08,06:32:00,Low
6,2026-08-08 06:32:00+10:00,3,5,8,True,2026-08-08,06:32:00,Low
14,2026-08-08 06:32:00+10:00,1,0,1,True,2026-08-08,06:32:00,Low
35,2026-08-08 06:32:00+10:00,1,4,5,True,2026-08-08,06:32:00,Low
87,2026-08-08 06:32:00+10:00,1,0,1,True,2026-08-08,06:32:00,Low
17,2026-08-08 06:32:00+10:00,1,0,1,True,2026-08-08,06:32:00,Low
67,2026-08-08 06:32:00+10:00,1,2,3,True,2026-08-08,06:32:00,Low
9,2026-08-08 06:31:00+10:00,0,1,1,True,2026-08-08,06:31:00,Low
72,2026-08-08 06:31:00+10:00,1,0,1,True,2026-08-08,06:31:00,Low
4,2026-08-08 06:31:00+10:00,0,4,4,True,2026-08-08,06:31:00,Low
6,2026-08-08 06:31:00+10:00,0,3,3,True,2026-08-08,06:31:00,Low
29,2026-08-08 06:31:00+10:00,1,0,1,True,2026-08-08,06:31:00,Low
41,2026-08-08 06:31:00+10:00,2,1,3,True,2026-08-08,06:31:00,Low
42,2026-08-08 06:31:00+10:00,1,0,1,True,2026-08-08,06:31:00,Low
209,2026-08-08 06:31:00+10:00,0,2,2,True,2026-08-08,06:31:00,Low
20,2026-08-08 06:31:00+10:00,1,0,1,True,2026-08-08,06:31:00,Low
2,2026-08-08 06:31:00+10:00,0,2,2,True,2026-08-08,06:31:00,Low
79,2026-08-08 06:31:00+10:00,0,1,1,True,2026-08-08,06:31:00,Low
61,2026-08-08 06:31:00+10:00,0,1,1,True,2026-08-08,06:31:00,Low
11,2026-08-08 06:30:00+10:00,1,0,1,True,2026-08-08,06:30:00,Low
107,2026-08-08 06:30:00+10:00,1,1,2,True,2026-08-08,06:30:00,Low
134,2026-08-08 06:30:00+10:00,5,3,8,True,2026-08-08,06:30:00,Low
135,2026-08-08 06:30:00+10:00,3,0,3,True,2026-08-08,06:30:00,Low
162,2026-08-08 06:30:00+10:00,3,3,6,True,2026-08-08,06:30:00,Low
179,2026-08-08 06:30:00+10:00,1,0,1,True,2026-08-08,06:30:00,Low
184,2026-08-08 06:30:00+10:00,5,5,10,True,2026-08-08,06:30:00,Low
209,2026-08-08 06:30:00+10:00,0,2,2,True,2026-08-08,06:30:00,Low
17,2026-08-08 06:30:00+10:00,1,0,1,True,2026-08-08,06:30:00,Low
35,2026-08-08 06:30:00+10:00,1,2,3,True,2026-08-08,06:30:00,Low
48,2026-08-08 06:30:00+10:00,2,0,2,True,2026-08-08,06:30:00,Low
58,2026-08-08 06:30:00+10:00,4,3,7,True,2026-08-08,06:30:00,Low
67,2026-08-08 06:30:00+10:00,0,1,1,True,2026-08-08,06:30:00,Low
72,2026-08-08 06:30:00+10:00,1,1,2,True,2026-08-08,06:30:00,Low
142,2026-08-08 06:30:00+10:00,2,1,3,True,2026-08-08,06:30:00,Low
4,2026-08-08 06:30:00+10:00,1,0,1,True,2026-08-08,06:30:00,Low
5,2026-08-08 06:30:00+10:00,2,8,10,True,2026-08-08,06:30:00,Low
36,2026-08-08 06:30:00+10:00,0,1,1,True,2026-08-08,06:30:00,Low
41,2026-08-08 06:30:00+10:00,4,0,4,True,2026-08-08,06:30:00,Low
43,2026-08-08 06:30:00+10:00,1,0,1,True,2026-08-08,06:30:00,Low
39,2026-08-08 06:30:00+10:00,0,1,1,True,2026-08-08,06:30:00,Low
42,2026-08-08 06:30:00+10:00,2,1,3,True,2026-08-08,06:30:00,Low
47,2026-08-08 06:30:00+10:00,0,6,6,True,2026-08-08,06:30:00,Low
70,2026-08-08 06:30:00+10:00,0,1,1,True,2026-08-08,06:30:00,Low
132,2026-08-08 06:30:00+10:00,2,0,2,True,2026-08-08,06:30:00,Low
133,2026-08-08 06:30:00+10:00,5,10,15,True,2026-08-08,06:30:00,Low
143,2026-08-08 06:30:00+10:00,2,2,4,True,2026-08-08,06:30:00,Low
166,2026-08-08 06:30:00+10:00,1,1,2,True,2026-08-08,06:30:00,Low
167,2026-08-08 06:30:00+10:00,0,1,1,True,2026-08-08,06:30:00,Low
181,2026-08-08 06:30:00+10:00,0,4,4,True,2026-08-08,06:30:00,Low
182,2026-08-08 06:30:00+10:00,0,3,3,True,2026-08-08,06:30:00,Low
9,2026-08-08 06:30:00+10:00,1,1,2,True,2026-08-08,06:30:00,Low
20,2026-08-08 06:30:00+10:00,0,1,1,True,2026-08-08,06:30:00,Low
23,2026-08-08 06:30:00+10:00,2,1,3,True,2026-08-08,06:30:00,Low
25,2026-08-08 06:30:00+10:00,2,6,8,True,2026-08-08,06:30:00,Low
30,2026-08-08 06:30:00+10:00,4,6,10,True,2026-08-08,06:30:00,Low
49,2026-08-08 06:30:00+10:00,3,1,4,True,2026-08-08,06:30:00,Low
117,2026-08-08 06:30:00+10:00,3,0,3,True,2026-08-08,06:30:00,Low
141,2026-08-08 06:30:00+10:00,2,0,2,True,2026-08-08,06:30:00,Low
187,2026-08-08 06:30:00+10:00,1,0,1,True,2026-08-08,06:30:00,Low
77,2026-08-08 06:30:00+10:00,1,3,4,True,2026-08-08,06:30:00,Low
84,2026-08-08 06:30:00+10:00,2,12,14,True,2026-08-08,06:30:00,Low
185,2026-08-08 06:30:00+10:00,7,2,9,True,2026-08-08,06:30:00,Low
24,2026-08-08 06:30:00+10:00,3,6,9,True,2026-08-08,06:30:00,Low
27,2026-08-08 06:30:00+10:00,3,0,3,True,2026-08-08,06:30:00,Low
62,2026-08-08 06:30:00+10:00,1,0,1,True,2026-08-08,06:30:00,Low
109,2026-08-08 06:30:00+10:00,0,1,1,True,2026-08-08,06:30:00,Low
6,2026-08-08 06:30:00+10:00,1,8,9,True,2026-08-08,06:30:00,Low
21,2026-08-08 06:30:00+10:00,1,1,2,True,2026-08-08,06:30:00,Low
29,2026-08-08 06:30:00+10:00,0,1,1,True,2026-08-08,06:30:00,Low
44,2026-08-08 06:30:00+10:00,1,0,1,True,2026-08-08,06:30:00,Low
61,2026-08-08 06:30:00+10:00,1,0,1,True,2026-08-08,06:30:00,Low
75,2026-08-08 06:30:00+10:00,0,1,1,True,2026-08-08,06:30:00,Low
9,2026-08-08 06:29:00+10:00,0,1,1,True,2026-08-08,06:29:00,Low
17,2026-08-08 06:29:00+10:00,1,0,1,True,2026-08-08,06:29:00,Low
24,2026-08-08 06:29:00+10:00,3,1,4,True,2026-08-08,06:29:00,Low
4,2026-08-08 06:29:00+10:00,0,1,1,True,2026-08-08,06:29:00,Low
69,2026-08-08 06:29:00+10:00,1,0,1,True,2026-08-08,06:29:00,Low
3,2026-08-08 06:29:00+10:00,0,1,1,True,2026-08-08,06:29:00,Low
6,2026-08-08 06:29:00+10:00,0,1,1,True,2026-08-08,06:29:00,Low
36,2026-08-08 06:29:00+10:00,1,0,1,True,2026-08-08,06:29:00,Low
41,2026-08-08 06:29:00+10:00,0,2,2,True,2026-08-08,06:29:00,Low
181,2026-08-08 06:29:00+10:00,0,1,1,True,2026-08-08,06:29:00,Low
63,2026-08-08 06:29:00+10:00,1,1,2,True,2026-08-08,06:29:00,Low
35,2026-08-08 06:29:00+10:00,0,1,1,True,2026-08-08,06:29:00,Low
79,2026-08-08 06:29:00+10:00,3,0,3,True,2026-08-08,06:29:00,Low
50,2026-08-08 06:29:00+10:00,0,1,1,True,2026-08-08,06:29:00,Low
53,2026-08-08 06:28:00+10:00,1,2,3,True,2026-08-08,06:28:00,Low
62,2026-08-08 06:28:00+10:00,0,1,1,True,2026-08-08,06:28:00,Low
79,2026-08-08 06:28:00+10:00,1,1,2,True,2026-08-08,06:28:00,Low
3,2026-08-08 06:28:00+10:00,1,0,1,True,2026-08-08,06:28:00,Low
66,2026-08-08 06:28:00+10:00,4,1,5,True,2026-08-08,06:28:00,Low
4,2026-08-08 06:28:00+10:00,1,0,1,True,2026-08-08,06:28:00,Low
6,2026-08-08 06:28:00+10:00,2,0,2,True,2026-08-08,06:28:00,Low
41,2026-08-08 06:28:00+10:00,0,1,1,True,2026-08-08,06:28:00,Low
17,2026-08-08 06:28:00+10:00,0,1,1,True,2026-08-08,06:28:00,Low
20,2026-08-08 06:28:00+10:00,0,1,1,True,2026-08-08,06:28:00,Low
71,2026-08-08 06:28:00+10:00,2,0,2,True,2026-08-08,06:28:00,Low
52,2026-08-08 06:27:00+10:00,2,0,2,True,2026-08-08,06:27:00,Low
39,2026-08-08 06:27:00+10:00,1,0,1,True,2026-08-08,06:27:00,Low
41,2026-08-08 06:27:00+10:00,4,2,6,True,2026-08-08,06:27:00,Low
4,2026-08-08 06:27:00+10:00,1,1,2,True,2026-08-08,06:27:00,Low
66,2026-08-08 06:27:00+10:00,1,0,1,True,2026-08-08,06:27:00,Low
181,2026-08-08 06:27:00+10:00,1,0,1,True,2026-08-08,06:27:00,Low
1,2026-08-08 06:27:00+10:00,1,0,1,True,2026-08-08,06:27:00,Low
17,2026-08-08 06:27:00+10:00,0,1,1,True,2026-08-08,06:27:00,Low
19,2026-08-08 06:27:00+10:00,1,0,1,True,2026-08-08,06:27:00,Low
24,2026-08-08 06:27:00+10:00,0,1,1,True,2026-08-08,06:27:00,Low
51,2026-08-08 06:27:00+10:00,2,0,2,True,2026-08-08,06:27:00,Low
187,2026-08-08 06:27:00+10:00,0,1,1,True,2026-08-08,06:27:00,Low
6,2026-08-08 06:27:00+10:00,3,1,4,True,2026-08-08,06:27:00,Low
29,2026-08-08 06:27:00+10:00,0,1,1,True,2026-08-08,06:27:00,Low
35,2026-08-08 06:26:00+10:00,0,1,1,True,2026-08-08,06:26:00,Low
67,2026-08-08 06:26:00+10:00,1,3,4,True,2026-08-08,06:26:00,Low
3,2026-08-08 06:26:00+10:00,2,1,3,True,2026-08-08,06:26:00,Low
6,2026-08-08 06:26:00+10:00,2,0,2,True,2026-08-08,06:26:00,Low
29,2026-08-08 06:26:00+10:00,4,0,4,True,2026-08-08,06:26:00,Low
209,2026-08-08 06:26:00+10:00,2,0,2,True,2026-08-08,06:26:00,Low
2,2026-08-08 06:26:00+10:00,0,2,2,True,2026-08-08,06:26:00,Low
11,2026-08-08 06:26:00+10:00,1,0,1,True,2026-08-08,06:26:00,Low
24,2026-08-08 06:26:00+10:00,2,0,2,True,2026-08-08,06:26:00,Low
62,2026-08-08 06:26:00+10:00,0,1,1,True,2026-08-08,06:26:00,Low
187,2026-08-08 06:26:00+10:00,1,0,1,True,2026-08-08,06:26:00,Low
53,2026-08-08 06:26:00+10:00,0,4,4,True,2026-08-08,06:26:00,Low
31,2026-08-08 06:26:00+10:00,0,1,1,True,2026-08-08,06:26:00,Low
41,2026-08-08 06:26:00+10:00,3,2,5,True,2026-08-08,06:26:00,Low
77,2026-08-08 06:25:00+10:00,0,1,1,True,2026-08-08,06:25:00,Low
87,2026-08-08 06:25:00+10:00,1,0,1,True,2026-08-08,06:25:00,Low
107,2026-08-08 06:25:00+10:00,0,6,6,True,2026-08-08,06:25:00,Low
131,2026-08-08 06:25:00+10:00,1,3,4,True,2026-08-08,06:25:00,Low
134,2026-08-08 06:25:00+10:00,5,6,11,True,2026-08-08,06:25:00,Low
162,2026-08-08 06:25:00+10:00,3,1,4,True,2026-08-08,06:25:00,Low
179,2026-08-08 06:25:00+10:00,1,1,2,True,2026-08-08,06:25:00,Low
182,2026-08-08 06:25:00+10:00,1,4,5,True,2026-08-08,06:25:00,Low
9,2026-08-08 06:25:00+10:00,0,1,1,True,2026-08-08,06:25:00,Low
11,2026-08-08 06:25:00+10:00,0,1,1,True,2026-08-08,06:25:00,Low
23,2026-08-08 06:25:00+10:00,1,4,5,True,2026-08-08,06:25:00,Low
24,2026-08-08 06:25:00+10:00,0,5,5,True,2026-08-08,06:25:00,Low
25,2026-08-08 06:25:00+10:00,3,3,6,True,2026-08-08,06:25:00,Low
49,2026-08-08 06:25:00+10:00,0,3,3,True,2026-08-08,06:25:00,Low
58,2026-08-08 06:25:00+10:00,3,13,16,True,2026-08-08,06:25:00,Low
63,2026-08-08 06:25:00+10:00,1,0,1,True,2026-08-08,06:25:00,Low
67,2026-08-08 06:25:00+10:00,2,1,3,True,2026-08-08,06:25:00,Low
139,2026-08-08 06:25:00+10:00,1,0,1,True,2026-08-08,06:25:00,Low
187,2026-08-08 06:25:00+10:00,1,0,1,True,2026-08-08,06:25:00,Low
3,2026-08-08 06:25:00+10:00,1,1,2,True,2026-08-08,06:25:00,Low
5,2026-08-08 06:25:00+10:00,1,3,4,True,2026-08-08,06:25:00,Low
45,2026-08-08 06:25:00+10:00,2,6,8,True,2026-08-08,06:25:00,Low
37,2026-08-08 06:25:00+10:00,1,0,1,True,2026-08-08,06:25:00,Low
41,2026-08-08 06:25:00+10:00,1,1,2,True,2026-08-08,06:25:00,Low
43,2026-08-08 06:25:00+10:00,0,2,2,True,2026-08-08,06:25:00,Low
44,2026-08-08 06:25:00+10:00,0,2,2,True,2026-08-08,06:25:00,Low
59,2026-08-08 06:25:00+10:00,2,1,3,True,2026-08-08,06:25:00,Low
66,2026-08-08 06:25:00+10:00,0,1,1,True,2026-08-08,06:25:00,Low
133,2026-08-08 06:25:00+10:00,4,2,6,True,2026-08-08,06:25:00,Low
27,2026-08-08 06:25:00+10:00,0,2,2,True,2026-08-08,06:25:00,Low
30,2026-08-08 06:25:00+10:00,0,1,1,True,2026-08-08,06:25:00,Low
48,2026-08-08 06:25:00+10:00,1,1,2,True,2026-08-08,06:25:00,Low
52,2026-08-08 06:25:00+10:00,1,0,1,True,2026-08-08,06:25:00,Low
62,2026-08-08 06:25:00+10:00,0,1,1,True,2026-08-08,06:25:00,Low
117,2026-08-08 06:25:00+10:00,2,1,3,True,2026-08-08,06:25:00,Low
141,2026-08-08 06:25:00+10:00,1,2,3,True,2026-08-08,06:25:00,Low
142,2026-08-08 06:25:00+10:00,2,0,2,True,2026-08-08,06:25:00,Low
161,2026-08-08 06:25:00+10:00,3,0,3,True,2026-08-08,06:25:00,Low
84,2026-08-08 06:25:00+10:00,4,10,14,True,2026-08-08,06:25:00,Low
132,2026-08-08 06:25:00+10:00,1,0,1,True,2026-08-08,06:25:00,Low
135,2026-08-08 06:25:00+10:00,3,2,5,True,2026-08-08,06:25:00,Low
143,2026-08-08 06:25:00+10:00,1,6,7,True,2026-08-08,06:25:00,Low
167,2026-08-08 06:25:00+10:00,0,1,1,True,2026-08-08,06:25:00,Low
184,2026-08-08 06:25:00+10:00,2,10,12,True,2026-08-08,06:25:00,Low
185,2026-08-08 06:25:00+10:00,1,4,5,True,2026-08-08,06:25:00,Low
1,2026-08-08 06:25:00+10:00,1,0,1,True,2026-08-08,06:25:00,Low
35,2026-08-08 06:25:00+10:00,3,1,4,True,2026-08-08,06:25:00,Low
109,2026-08-08 06:25:00+10:00,0,2,2,True,2026-08-08,06:25:00,Low
164,2026-08-08 06:25:00+10:00,1,1,2,True,2026-08-08,06:25:00,Low
21,2026-08-08 06:25:00+10:00,1,1,2,True,2026-08-08,06:25:00,Low
20,2026-08-08 06:24:00+10:00,1,0,1,True,2026-08-08,06:24:00,Low
56,2026-08-08 06:24:00+10:00,0,1,1,True,2026-08-08,06:24:00,Low
36,2026-08-08 06:24:00+10:00,0,2,2,True,2026-08-08,06:24:00,Low
3,2026-08-08 06:24:00+10:00,0,1,1,True,2026-08-08,06:24:00,Low
31,2026-08-08 06:24:00+10:00,1,0,1,True,2026-08-08,06:24:00,Low
41,2026-08-08 06:24:00+10:00,1,1,2,True,2026-08-08,06:24:00,Low
66,2026-08-08 06:24:00+10:00,0,2,2,True,2026-08-08,06:24:00,Low
85,2026-08-08 06:24:00+10:00,1,0,1,True,2026-08-08,06:24:00,Low
180,2026-08-08 06:24:00+10:00,1,0,1,True,2026-08-08,06:24:00,Low
4,2026-08-08 06:24:00+10:00,1,0,1,True,2026-08-08,06:24:00,Low
17,2026-08-08 06:24:00+10:00,0,1,1,True,2026-08-08,06:24:00,Low
24,2026-08-08 06:24:00+10:00,1,0,1,True,2026-08-08,06:24:00,Low
35,2026-08-08 06:24:00+10:00,1,0,1,True,2026-08-08,06:24:00,Low
62,2026-08-08 06:24:00+10:00,0,1,1,True,2026-08-08,06:24:00,Low
67,2026-08-08 06:24:00+10:00,0,2,2,True,2026-08-08,06:24:00,Low
72,2026-08-08 06:24:00+10:00,0,4,4,True,2026-08-08,06:24:00,Low
19,2026-08-08 06:23:00+10:00,0,1,1,True,2026-08-08,06:23:00,Low
4,2026-08-08 06:23:00+10:00,0,1,1,True,2026-08-08,06:23:00,Low
40,2026-08-08 06:23:00+10:00,2,0,2,True,2026-08-08,06:23:00,Low
41,2026-08-08 06:23:00+10:00,1,0,1,True,2026-08-08,06:23:00,Low
50,2026-08-08 06:23:00+10:00,1,0,1,True,2026-08-08,06:23:00,Low
66,2026-08-08 06:23:00+10:00,1,0,1,True,2026-08-08,06:23:00,Low
71,2026-08-08 06:23:00+10:00,1,1,2,True,2026-08-08,06:23:00,Low
1,2026-08-08 06:23:00+10:00,1,0,1,True,2026-08-08,06:23:00,Low
24,2026-08-08 06:23:00+10:00,3,3,6,True,2026-08-08,06:23:00,Low
79,2026-08-08 06:23:00+10:00,1,1,2,True,2026-08-08,06:23:00,Low
3,2026-08-08 06:23:00+10:00,0,2,2,True,2026-08-08,06:23:00,Low
29,2026-08-08 06:23:00+10:00,0,1,1,True,2026-08-08,06:23:00,Low
181,2026-08-08 06:23:00+10:00,0,2,2,True,2026-08-08,06:23:00,Low
11,2026-08-08 06:23:00+10:00,0,1,1,True,2026-08-08,06:23:00,Low
17,2026-08-08 06:23:00+10:00,2,0,2,True,2026-08-08,06:23:00,Low
56,2026-08-08 06:23:00+10:00,1,0,1,True,2026-08-08,06:23:00,Low
62,2026-08-08 06:23:00+10:00,1,0,1,True,2026-08-08,06:23:00,Low
85,2026-08-08 06:23:00+10:00,1,0,1,True,2026-08-08,06:23:00,Low
209,2026-08-08 06:22:00+10:00,0,2,2,True,2026-08-08,06:22:00,Low
53,2026-08-08 06:22:00+10:00,0,1,1,True,2026-08-08,06:22:00,Low
67,2026-08-08 06:22:00+10:00,1,0,1,True,2026-08-08,06:22:00,Low
36,2026-08-08 06:22:00+10:00,3,0,3,True,2026-08-08,06:22:00,Low
69,2026-08-08 06:22:00+10:00,1,2,3,True,2026-08-08,06:22:00,Low
71,2026-08-08 06:22:00+10:00,1,0,1,True,2026-08-08,06:22:00,Low
181,2026-08-08 06:22:00+10:00,0,1,1,True,2026-08-08,06:22:00,Low
35,2026-08-08 06:22:00+10:00,1,0,1,True,2026-08-08,06:22:00,Low
85,2026-08-08 06:22:00+10:00,1,0,1,True,2026-08-08,06:22:00,Low
3,2026-08-08 06:22:00+10:00,1,0,1,True,2026-08-08,06:22:00,Low
4,2026-08-08 06:22:00+10:00,0,1,1,True,2026-08-08,06:22:00,Low
61,2026-08-08 06:22:00+10:00,0,1,1,True,2026-08-08,06:22:00,Low
17,2026-08-08 06:22:00+10:00,1,0,1,True,2026-08-08,06:22:00,Low
24,2026-08-08 06:22:00+10:00,1,0,1,True,2026-08-08,06:22:00,Low
68,2026-08-08 06:22:00+10:00,0,1,1,True,2026-08-08,06:22:00,Low
17,2026-08-08 06:21:00+10:00,1,0,1,True,2026-08-08,06:21:00,Low
53,2026-08-08 06:21:00+10:00,1,0,1,True,2026-08-08,06:21:00,Low
67,2026-08-08 06:21:00+10:00,0,1,1,True,2026-08-08,06:21:00,Low
68,2026-08-08 06:21:00+10:00,0,1,1,True,2026-08-08,06:21:00,Low
72,2026-08-08 06:21:00+10:00,2,0,2,True,2026-08-08,06:21:00,Low
14,2026-08-08 06:21:00+10:00,1,0,1,True,2026-08-08,06:21:00,Low
29,2026-08-08 06:21:00+10:00,1,1,2,True,2026-08-08,06:21:00,Low
6,2026-08-08 06:21:00+10:00,1,0,1,True,2026-08-08,06:21:00,Low
41,2026-08-08 06:21:00+10:00,1,3,4,True,2026-08-08,06:21:00,Low
50,2026-08-08 06:21:00+10:00,1,1,2,True,2026-08-08,06:21:00,Low
79,2026-08-08 06:21:00+10:00,3,0,3,True,2026-08-08,06:21:00,Low
24,2026-08-08 06:21:00+10:00,0,2,2,True,2026-08-08,06:21:00,Low
62,2026-08-08 06:21:00+10:00,1,2,3,True,2026-08-08,06:21:00,Low
179,2026-08-08 06:20:00+10:00,0,1,1,True,2026-08-08,06:20:00,Low
182,2026-08-08 06:20:00+10:00,0,3,3,True,2026-08-08,06:20:00,Low
184,2026-08-08 06:20:00+10:00,0,4,4,True,2026-08-08,06:20:00,Low
9,2026-08-08 06:20:00+10:00,0,1,1,True,2026-08-08,06:20:00,Low
19,2026-08-08 06:20:00+10:00,1,0,1,True,2026-08-08,06:20:00,Low
49,2026-08-08 06:20:00+10:00,2,1,3,True,2026-08-08,06:20:00,Low
130,2026-08-08 06:20:00+10:00,3,0,3,True,2026-08-08,06:20:00,Low
142,2026-08-08 06:20:00+10:00,0,2,2,True,2026-08-08,06:20:00,Low
5,2026-08-08 06:20:00+10:00,3,5,8,True,2026-08-08,06:20:00,Low
41,2026-08-08 06:20:00+10:00,1,1,2,True,2026-08-08,06:20:00,Low
43,2026-08-08 06:20:00+10:00,0,3,3,True,2026-08-08,06:20:00,Low
44,2026-08-08 06:20:00+10:00,0,2,2,True,2026-08-08,06:20:00,Low
47,2026-08-08 06:20:00+10:00,1,3,4,True,2026-08-08,06:20:00,Low
84,2026-08-08 06:20:00+10:00,4,0,4,True,2026-08-08,06:20:00,Low
134,2026-08-08 06:20:00+10:00,8,5,13,True,2026-08-08,06:20:00,Low
6,2026-08-08 06:20:00+10:00,1,1,2,True,2026-08-08,06:20:00,Low
45,2026-08-08 06:20:00+10:00,6,3,9,True,2026-08-08,06:20:00,Low
131,2026-08-08 06:20:00+10:00,3,4,7,True,2026-08-08,06:20:00,Low
135,2026-08-08 06:20:00+10:00,3,7,10,True,2026-08-08,06:20:00,Low
165,2026-08-08 06:20:00+10:00,0,1,1,True,2026-08-08,06:20:00,Low
181,2026-08-08 06:20:00+10:00,1,0,1,True,2026-08-08,06:20:00,Low
58,2026-08-08 06:20:00+10:00,10,3,13,True,2026-08-08,06:20:00,Low
67,2026-08-08 06:20:00+10:00,1,0,1,True,2026-08-08,06:20:00,Low
109,2026-08-08 06:20:00+10:00,0,1,1,True,2026-08-08,06:20:00,Low
36,2026-08-08 06:20:00+10:00,1,0,1,True,2026-08-08,06:20:00,Low
54,2026-08-08 06:20:00+10:00,0,1,1,True,2026-08-08,06:20:00,Low
59,2026-08-08 06:20:00+10:00,0,1,1,True,2026-08-08,06:20:00,Low
77,2026-08-08 06:20:00+10:00,1,1,2,True,2026-08-08,06:20:00,Low
132,2026-08-08 06:20:00+10:00,4,0,4,True,2026-08-08,06:20:00,Low
133,2026-08-08 06:20:00+10:00,14,12,26,True,2026-08-08,06:20:00,Low
143,2026-08-08 06:20:00+10:00,1,5,6,True,2026-08-08,06:20:00,Low
162,2026-08-08 06:20:00+10:00,5,3,8,True,2026-08-08,06:20:00,Low
185,2026-08-08 06:20:00+10:00,4,3,7,True,2026-08-08,06:20:00,Low
20,2026-08-08 06:20:00+10:00,0,1,1,True,2026-08-08,06:20:00,Low
23,2026-08-08 06:20:00+10:00,1,2,3,True,2026-08-08,06:20:00,Low
24,2026-08-08 06:20:00+10:00,0,8,8,True,2026-08-08,06:20:00,Low
25,2026-08-08 06:20:00+10:00,1,1,2,True,2026-08-08,06:20:00,Low
27,2026-08-08 06:20:00+10:00,1,0,1,True,2026-08-08,06:20:00,Low
30,2026-08-08 06:20:00+10:00,1,5,6,True,2026-08-08,06:20:00,Low
48,2026-08-08 06:20:00+10:00,3,3,6,True,2026-08-08,06:20:00,Low
56,2026-08-08 06:20:00+10:00,1,0,1,True,2026-08-08,06:20:00,Low
141,2026-08-08 06:20:00+10:00,3,1,4,True,2026-08-08,06:20:00,Low
181,2026-08-08 06:19:00+10:00,0,1,1,True,2026-08-08,06:19:00,Low
63,2026-08-08 06:19:00+10:00,0,1,1,True,2026-08-08,06:19:00,Low
40,2026-08-08 06:19:00+10:00,0,1,1,True,2026-08-08,06:19:00,Low
41,2026-08-08 06:19:00+10:00,0,5,5,True,2026-08-08,06:19:00,Low
29,2026-08-08 06:19:00+10:00,0,1,1,True,2026-08-08,06:19:00,Low
66,2026-08-08 06:19:00+10:00,0,1,1,True,2026-08-08,06:19:00,Low
209,2026-08-08 06:19:00+10:00,2,0,2,True,2026-08-08,06:19:00,Low
17,2026-08-08 06:19:00+10:00,0,1,1,True,2026-08-08,06:19:00,Low
53,2026-08-08 06:19:00+10:00,0,1,1,True,2026-08-08,06:19:00,Low
72,2026-08-08 06:19:00+10:00,2,0,2,True,2026-08-08,06:19:00,Low
24,2026-08-08 06:19:00+10:00,0,10,10,True,2026-08-08,06:19:00,Low
67,2026-08-08 06:19:00+10:00,2,1,3,True,2026-08-08,06:19:00,Low
35,2026-08-08 06:18:00+10:00,1,0,1,True,2026-08-08,06:18:00,Low
72,2026-08-08 06:18:00+10:00,0,1,1,True,2026-08-08,06:18:00,Low
3,2026-08-08 06:18:00+10:00,1,0,1,True,2026-08-08,06:18:00,Low
50,2026-08-08 06:18:00+10:00,0,1,1,True,2026-08-08,06:18:00,Low
75,2026-08-08 06:18:00+10:00,0,1,1,True,2026-08-08,06:18:00,Low
69,2026-08-08 06:18:00+10:00,1,0,1,True,2026-08-08,06:18:00,Low
1,2026-08-08 06:18:00+10:00,1,0,1,True,2026-08-08,06:18:00,Low
9,2026-08-08 06:18:00+10:00,0,1,1,True,2026-08-08,06:18:00,Low
56,2026-08-08 06:18:00+10:00,2,0,2,True,2026-08-08,06:18:00,Low
79,2026-08-08 06:18:00+10:00,1,1,2,True,2026-08-08,06:18:00,Low
41,2026-08-08 06:18:00+10:00,3,0,3,True,2026-08-08,06:18:00,Low
181,2026-08-08 06:18:00+10:00,0,1,1,True,2026-08-08,06:18:00,Low
4,2026-08-08 06:17:00+10:00,3,0,3,True,2026-08-08,06:17:00,Low
6,2026-08-08 06:17:00+10:00,1,1,2,True,2026-08-08,06:17:00,Low
61,2026-08-08 06:17:00+10:00,3,0,3,True,2026-08-08,06:17:00,Low
87,2026-08-08 06:17:00+10:00,1,0,1,True,2026-08-08,06:17:00,Low
41,2026-08-08 06:17:00+10:00,2,0,2,True,2026-08-08,06:17:00,Low
181,2026-08-08 06:17:00+10:00,2,1,3,True,2026-08-08,06:17:00,Low
24,2026-08-08 06:17:00+10:00,1,0,1,True,2026-08-08,06:17:00,Low
35,2026-08-08 06:17:00+10:00,1,0,1,True,2026-08-08,06:17:00,Low
56,2026-08-08 06:17:00+10:00,1,0,1,True,2026-08-08,06:17:00,Low
63,2026-08-08 06:17:00+10:00,1,0,1,True,2026-08-08,06:17:00,Low
67,2026-08-08 06:17:00+10:00,1,0,1,True,2026-08-08,06:17:00,Low
79,2026-08-08 06:17:00+10:00,2,2,4,True,2026-08-08,06:17:00,Low
1,2026-08-08 06:17:00+10:00,1,1,2,True,2026-08-08,06:17:00,Low
63,2026-08-08 06:16:00+10:00,0,1,1,True,2026-08-08,06:16:00,Low
72,2026-08-08 06:16:00+10:00,1,0,1,True,2026-08-08,06:16:00,Low
40,2026-08-08 06:16:00+10:00,0,1,1,True,2026-08-08,06:16:00,Low
69,2026-08-08 06:16:00+10:00,0,1,1,True,2026-08-08,06:16:00,Low
41,2026-08-08 06:16:00+10:00,3,0,3,True,2026-08-08,06:16:00,Low
181,2026-08-08 06:16:00+10:00,2,0,2,True,2026-08-08,06:16:00,Low
35,2026-08-08 06:16:00+10:00,1,1,2,True,2026-08-08,06:16:00,Low
53,2026-08-08 06:16:00+10:00,0,1,1,True,2026-08-08,06:16:00,Low
67,2026-08-08 06:16:00+10:00,0,1,1,True,2026-08-08,06:16:00,Low
4,2026-08-08 06:16:00+10:00,1,0,1,True,2026-08-08,06:16:00,Low
6,2026-08-08 06:16:00+10:00,1,0,1,True,2026-08-08,06:16:00,Low
9,2026-08-08 06:16:00+10:00,2,0,2,True,2026-08-08,06:16:00,Low
20,2026-08-08 06:16:00+10:00,1,0,1,True,2026-08-08,06:16:00,Low
24,2026-08-08 06:16:00+10:00,2,2,4,True,2026-08-08,06:16:00,Low
51,2026-08-08 06:16:00+10:00,0,1,1,True,2026-08-08,06:16:00,Low
62,2026-08-08 06:16:00+10:00,0,1,1,True,2026-08-08,06:16:00,Low
181,2026-08-08 06:15:00+10:00,1,0,1,True,2026-08-08,06:15:00,Low
17,2026-08-08 06:15:00+10:00,1,0,1,True,2026-08-08,06:15:00,Low
49,2026-08-08 06:15:00+10:00,0,1,1,True,2026-08-08,06:15:00,Low
53,2026-08-08 06:15:00+10:00,0,1,1,True,2026-08-08,06:15:00,Low
58,2026-08-08 06:15:00+10:00,3,6,9,True,2026-08-08,06:15:00,Low
141,2026-08-08 06:15:00+10:00,0,1,1,True,2026-08-08,06:15:00,Low
5,2026-08-08 06:15:00+10:00,1,3,4,True,2026-08-08,06:15:00,Low
43,2026-08-08 06:15:00+10:00,0,1,1,True,2026-08-08,06:15:00,Low
133,2026-08-08 06:15:00+10:00,8,15,23,True,2026-08-08,06:15:00,Low
143,2026-08-08 06:15:00+10:00,0,2,2,True,2026-08-08,06:15:00,Low
6,2026-08-08 06:15:00+10:00,3,0,3,True,2026-08-08,06:15:00,Low
29,2026-08-08 06:15:00+10:00,0,1,1,True,2026-08-08,06:15:00,Low
45,2026-08-08 06:15:00+10:00,3,5,8,True,2026-08-08,06:15:00,Low
47,2026-08-08 06:15:00+10:00,0,4,4,True,2026-08-08,06:15:00,Low
131,2026-08-08 06:15:00+10:00,0,1,1,True,2026-08-08,06:15:00,Low
134,2026-08-08 06:15:00+10:00,7,17,24,True,2026-08-08,06:15:00,Low
162,2026-08-08 06:15:00+10:00,2,4,6,True,2026-08-08,06:15:00,Low
10,2026-08-08 06:15:00+10:00,0,1,1,True,2026-08-08,06:15:00,Low
19,2026-08-08 06:15:00+10:00,1,0,1,True,2026-08-08,06:15:00,Low
23,2026-08-08 06:15:00+10:00,3,4,7,True,2026-08-08,06:15:00,Low
24,2026-08-08 06:15:00+10:00,0,6,6,True,2026-08-08,06:15:00,Low
27,2026-08-08 06:15:00+10:00,1,0,1,True,2026-08-08,06:15:00,Low
30,2026-08-08 06:15:00+10:00,1,1,2,True,2026-08-08,06:15:00,Low
46,2026-08-08 06:15:00+10:00,1,0,1,True,2026-08-08,06:15:00,Low
48,2026-08-08 06:15:00+10:00,2,3,5,True,2026-08-08,06:15:00,Low
4,2026-08-08 06:15:00+10:00,1,1,2,True,2026-08-08,06:15:00,Low
36,2026-08-08 06:15:00+10:00,0,1,1,True,2026-08-08,06:15:00,Low
41,2026-08-08 06:15:00+10:00,0,2,2,True,2026-08-08,06:15:00,Low
44,2026-08-08 06:15:00+10:00,0,1,1,True,2026-08-08,06:15:00,Low
59,2026-08-08 06:15:00+10:00,1,0,1,True,2026-08-08,06:15:00,Low
61,2026-08-08 06:15:00+10:00,0,1,1,True,2026-08-08,06:15:00,Low
77,2026-08-08 06:15:00+10:00,1,2,3,True,2026-08-08,06:15:00,Low
84,2026-08-08 06:15:00+10:00,3,2,5,True,2026-08-08,06:15:00,Low
132,2026-08-08 06:15:00+10:00,4,0,4,True,2026-08-08,06:15:00,Low
135,2026-08-08 06:15:00+10:00,5,3,8,True,2026-08-08,06:15:00,Low
179,2026-08-08 06:15:00+10:00,1,0,1,True,2026-08-08,06:15:00,Low
182,2026-08-08 06:15:00+10:00,1,5,6,True,2026-08-08,06:15:00,Low
184,2026-08-08 06:15:00+10:00,1,3,4,True,2026-08-08,06:15:00,Low
185,2026-08-08 06:15:00+10:00,0,1,1,True,2026-08-08,06:15:00,Low
25,2026-08-08 06:15:00+10:00,1,5,6,True,2026-08-08,06:15:00,Low
63,2026-08-08 06:15:00+10:00,1,0,1,True,2026-08-08,06:15:00,Low
79,2026-08-08 06:15:00+10:00,1,0,1,True,2026-08-08,06:15:00,Low
117,2026-08-08 06:15:00+10:00,4,0,4,True,2026-08-08,06:15:00,Low
139,2026-08-08 06:15:00+10:00,2,0,2,True,2026-08-08,06:15:00,Low
142,2026-08-08 06:15:00+10:00,1,0,1,True,2026-08-08,06:15:00,Low
164,2026-08-08 06:15:00+10:00,2,0,2,True,2026-08-08,06:15:00,Low
209,2026-08-08 06:14:00+10:00,2,1,3,True,2026-08-08,06:14:00,Low
52,2026-08-08 06:14:00+10:00,0,1,1,True,2026-08-08,06:14:00,Low
53,2026-08-08 06:14:00+10:00,1,0,1,True,2026-08-08,06:14:00,Low
68,2026-08-08 06:14:00+10:00,1,0,1,True,2026-08-08,06:14:00,Low
3,2026-08-08 06:14:00+10:00,0,3,3,True,2026-08-08,06:14:00,Low
4,2026-08-08 06:14:00+10:00,1,0,1,True,2026-08-08,06:14:00,Low
36,2026-08-08 06:14:00+10:00,1,0,1,True,2026-08-08,06:14:00,Low
61,2026-08-08 06:14:00+10:00,2,1,3,True,2026-08-08,06:14:00,Low
6,2026-08-08 06:14:00+10:00,0,1,1,True,2026-08-08,06:14:00,Low
41,2026-08-08 06:14:00+10:00,5,0,5,True,2026-08-08,06:14:00,Low
62,2026-08-08 06:14:00+10:00,1,0,1,True,2026-08-08,06:14:00,Low
87,2026-08-08 06:14:00+10:00,1,0,1,True,2026-08-08,06:14:00,Low
209,2026-08-08 06:13:00+10:00,0,3,3,True,2026-08-08,06:13:00,Low
12,2026-08-08 06:13:00+10:00,1,0,1,True,2026-08-08,06:13:00,Low
20,2026-08-08 06:13:00+10:00,0,1,1,True,2026-08-08,06:13:00,Low
63,2026-08-08 06:13:00+10:00,0,1,1,True,2026-08-08,06:13:00,Low
36,2026-08-08 06:13:00+10:00,0,1,1,True,2026-08-08,06:13:00,Low
41,2026-08-08 06:13:00+10:00,1,0,1,True,2026-08-08,06:13:00,Low
29,2026-08-08 06:13:00+10:00,1,1,2,True,2026-08-08,06:13:00,Low
35,2026-08-08 06:13:00+10:00,4,1,5,True,2026-08-08,06:13:00,Low
180,2026-08-08 06:13:00+10:00,1,0,1,True,2026-08-08,06:13:00,Low
4,2026-08-08 06:13:00+10:00,1,0,1,True,2026-08-08,06:13:00,Low
6,2026-08-08 06:13:00+10:00,1,0,1,True,2026-08-08,06:13:00,Low
61,2026-08-08 06:13:00+10:00,0,1,1,True,2026-08-08,06:13:00,Low
66,2026-08-08 06:13:00+10:00,1,0,1,True,2026-08-08,06:13:00,Low
69,2026-08-08 06:13:00+10:00,1,0,1,True,2026-08-08,06:13:00,Low
24,2026-08-08 06:13:00+10:00,5,0,5,True,2026-08-08,06:13:00,Low
209,2026-08-08 06:12:00+10:00,1,0,1,True,2026-08-08,06:12:00,Low
52,2026-08-08 06:12:00+10:00,0,1,1,True,2026-08-08,06:12:00,Low
56,2026-08-08 06:12:00+10:00,0,2,2,True,2026-08-08,06:12:00,Low
86,2026-08-08 06:12:00+10:00,1,0,1,True,2026-08-08,06:12:00,Low
6,2026-08-08 06:12:00+10:00,0,2,2,True,2026-08-08,06:12:00,Low
41,2026-08-08 06:12:00+10:00,1,2,3,True,2026-08-08,06:12:00,Low
3,2026-08-08 06:12:00+10:00,2,0,2,True,2026-08-08,06:12:00,Low
20,2026-08-08 06:12:00+10:00,0,1,1,True,2026-08-08,06:12:00,Low
63,2026-08-08 06:12:00+10:00,1,0,1,True,2026-08-08,06:12:00,Low
4,2026-08-08 06:12:00+10:00,2,0,2,True,2026-08-08,06:12:00,Low
75,2026-08-08 06:12:00+10:00,1,0,1,True,2026-08-08,06:12:00,Low
1,2026-08-08 06:12:00+10:00,1,0,1,True,2026-08-08,06:12:00,Low
24,2026-08-08 06:12:00+10:00,2,3,5,True,2026-08-08,06:12:00,Low
35,2026-08-08 06:12:00+10:00,1,0,1,True,2026-08-08,06:12:00,Low
17,2026-08-08 06:11:00+10:00,3,1,4,True,2026-08-08,06:11:00,Low
187,2026-08-08 06:11:00+10:00,0,2,2,True,2026-08-08,06:11:00,Low
6,2026-08-08 06:11:00+10:00,0,5,5,True,2026-08-08,06:11:00,Low
41,2026-08-08 06:11:00+10:00,3,2,5,True,2026-08-08,06:11:00,Low
3,2026-08-08 06:11:00+10:00,1,1,2,True,2026-08-08,06:11:00,Low
4,2026-08-08 06:11:00+10:00,1,0,1,True,2026-08-08,06:11:00,Low
181,2026-08-08 06:11:00+10:00,1,0,1,True,2026-08-08,06:11:00,Low
24,2026-08-08 06:11:00+10:00,0,7,7,True,2026-08-08,06:11:00,Low
53,2026-08-08 06:11:00+10:00,1,0,1,True,2026-08-08,06:11:00,Low
62,2026-08-08 06:11:00+10:00,2,0,2,True,2026-08-08,06:11:00,Low
76,2026-08-08 06:11:00+10:00,1,0,1,True,2026-08-08,06:11:00,Low
29,2026-08-08 06:11:00+10:00,0,2,2,True,2026-08-08,06:11:00,Low
40,2026-08-08 06:11:00+10:00,1,0,1,True,2026-08-08,06:11:00,Low
209,2026-08-08 06:11:00+10:00,0,1,1,True,2026-08-08,06:11:00,Low
184,2026-08-08 06:10:00+10:00,0,3,3,True,2026-08-08,06:10:00,Low
2,2026-08-08 06:10:00+10:00,1,0,1,True,2026-08-08,06:10:00,Low
17,2026-08-08 06:10:00+10:00,1,0,1,True,2026-08-08,06:10:00,Low
23,2026-08-08 06:10:00+10:00,2,2,4,True,2026-08-08,06:10:00,Low
30,2026-08-08 06:10:00+10:00,1,4,5,True,2026-08-08,06:10:00,Low
79,2026-08-08 06:10:00+10:00,1,1,2,True,2026-08-08,06:10:00,Low
161,2026-08-08 06:10:00+10:00,1,0,1,True,2026-08-08,06:10:00,Low
164,2026-08-08 06:10:00+10:00,0,1,1,True,2026-08-08,06:10:00,Low
5,2026-08-08 06:10:00+10:00,3,4,7,True,2026-08-08,06:10:00,Low
41,2026-08-08 06:10:00+10:00,0,2,2,True,2026-08-08,06:10:00,Low
45,2026-08-08 06:10:00+10:00,3,1,4,True,2026-08-08,06:10:00,Low
47,2026-08-08 06:10:00+10:00,0,2,2,True,2026-08-08,06:10:00,Low
54,2026-08-08 06:10:00+10:00,0,1,1,True,2026-08-08,06:10:00,Low
59,2026-08-08 06:10:00+10:00,1,3,4,True,2026-08-08,06:10:00,Low
133,2026-08-08 06:10:00+10:00,7,12,19,True,2026-08-08,06:10:00,Low
29,2026-08-08 06:10:00+10:00,1,0,1,True,2026-08-08,06:10:00,Low
43,2026-08-08 06:10:00+10:00,0,1,1,True,2026-08-08,06:10:00,Low
84,2026-08-08 06:10:00+10:00,5,4,9,True,2026-08-08,06:10:00,Low
131,2026-08-08 06:10:00+10:00,2,3,5,True,2026-08-08,06:10:00,Low
132,2026-08-08 06:10:00+10:00,2,1,3,True,2026-08-08,06:10:00,Low
143,2026-08-08 06:10:00+10:00,3,1,4,True,2026-08-08,06:10:00,Low
167,2026-08-08 06:10:00+10:00,0,1,1,True,2026-08-08,06:10:00,Low
182,2026-08-08 06:10:00+10:00,5,6,11,True,2026-08-08,06:10:00,Low
185,2026-08-08 06:10:00+10:00,3,5,8,True,2026-08-08,06:10:00,Low
67,2026-08-08 06:10:00+10:00,1,0,1,True,2026-08-08,06:10:00,Low
109,2026-08-08 06:10:00+10:00,1,0,1,True,2026-08-08,06:10:00,Low
136,2026-08-08 06:10:00+10:00,1,0,1,True,2026-08-08,06:10:00,Low
142,2026-08-08 06:10:00+10:00,3,0,3,True,2026-08-08,06:10:00,Low
6,2026-08-08 06:10:00+10:00,4,3,7,True,2026-08-08,06:10:00,Low
36,2026-08-08 06:10:00+10:00,3,0,3,True,2026-08-08,06:10:00,Low
44,2026-08-08 06:10:00+10:00,0,1,1,True,2026-08-08,06:10:00,Low
107,2026-08-08 06:10:00+10:00,0,1,1,True,2026-08-08,06:10:00,Low
134,2026-08-08 06:10:00+10:00,3,4,7,True,2026-08-08,06:10:00,Low
135,2026-08-08 06:10:00+10:00,1,1,2,True,2026-08-08,06:10:00,Low
162,2026-08-08 06:10:00+10:00,1,0,1,True,2026-08-08,06:10:00,Low
166,2026-08-08 06:10:00+10:00,0,2,2,True,2026-08-08,06:10:00,Low
24,2026-08-08 06:10:00+10:00,0,1,1,True,2026-08-08,06:10:00,Low
25,2026-08-08 06:10:00+10:00,7,5,12,True,2026-08-08,06:10:00,Low
27,2026-08-08 06:10:00+10:00,2,0,2,True,2026-08-08,06:10:00,Low
35,2026-08-08 06:10:00+10:00,0,1,1,True,2026-08-08,06:10:00,Low
48,2026-08-08 06:10:00+10:00,0,4,4,True,2026-08-08,06:10:00,Low
49,2026-08-08 06:10:00+10:00,1,1,2,True,2026-08-08,06:10:00,Low
58,2026-08-08 06:10:00+10:00,2,2,4,True,2026-08-08,06:10:00,Low
72,2026-08-08 06:10:00+10:00,1,0,1,True,2026-08-08,06:10:00,Low
137,2026-08-08 06:10:00+10:00,1,0,1,True,2026-08-08,06:10:00,Low
141,2026-08-08 06:10:00+10:00,1,0,1,True,2026-08-08,06:10:00,Low
53,2026-08-08 06:09:00+10:00,2,0,2,True,2026-08-08,06:09:00,Low
56,2026-08-08 06:09:00+10:00,1,0,1,True,2026-08-08,06:09:00,Low
62,2026-08-08 06:09:00+10:00,1,0,1,True,2026-08-08,06:09:00,Low
67,2026-08-08 06:09:00+10:00,0,1,1,True,2026-08-08,06:09:00,Low
3,2026-08-08 06:09:00+10:00,1,0,1,True,2026-08-08,06:09:00,Low
4,2026-08-08 06:09:00+10:00,0,1,1,True,2026-08-08,06:09:00,Low
17,2026-08-08 06:09:00+10:00,2,1,3,True,2026-08-08,06:09:00,Low
20,2026-08-08 06:09:00+10:00,1,0,1,True,2026-08-08,06:09:00,Low
24,2026-08-08 06:09:00+10:00,1,0,1,True,2026-08-08,06:09:00,Low
2,2026-08-08 06:09:00+10:00,0,1,1,True,2026-08-08,06:09:00,Low
51,2026-08-08 06:09:00+10:00,2,0,2,True,2026-08-08,06:09:00,Low
63,2026-08-08 06:09:00+10:00,1,0,1,True,2026-08-08,06:09:00,Low
72,2026-08-08 06:09:00+10:00,0,1,1,True,2026-08-08,06:09:00,Low
79,2026-08-08 06:09:00+10:00,2,2,4,True,2026-08-08,06:09:00,Low
85,2026-08-08 06:09:00+10:00,1,0,1,True,2026-08-08,06:09:00,Low
29,2026-08-08 06:09:00+10:00,0,1,1,True,2026-08-08,06:09:00,Low
39,2026-08-08 06:09:00+10:00,1,0,1,True,2026-08-08,06:09:00,Low
40,2026-08-08 06:09:00+10:00,1,4,5,True,2026-08-08,06:09:00,Low
41,2026-08-08 06:09:00+10:00,0,2,2,True,2026-08-08,06:09:00,Low
66,2026-08-08 06:09:00+10:00,0,1,1,True,2026-08-08,06:09:00,Low
181,2026-08-08 06:08:00+10:00,1,5,6,True,2026-08-08,06:08:00,Low
72,2026-08-08 06:08:00+10:00,2,0,2,True,2026-08-08,06:08:00,Low
79,2026-08-08 06:08:00+10:00,1,0,1,True,2026-08-08,06:08:00,Low
3,2026-08-08 06:08:00+10:00,1,0,1,True,2026-08-08,06:08:00,Low
4,2026-08-08 06:08:00+10:00,1,1,2,True,2026-08-08,06:08:00,Low
41,2026-08-08 06:08:00+10:00,2,1,3,True,2026-08-08,06:08:00,Low
63,2026-08-08 06:08:00+10:00,1,0,1,True,2026-08-08,06:08:00,Low
24,2026-08-08 06:08:00+10:00,0,2,2,True,2026-08-08,06:08:00,Low
35,2026-08-08 06:08:00+10:00,1,0,1,True,2026-08-08,06:08:00,Low
53,2026-08-08 06:08:00+10:00,1,0,1,True,2026-08-08,06:08:00,Low
62,2026-08-08 06:08:00+10:00,1,1,2,True,2026-08-08,06:08:00,Low
29,2026-08-08 06:08:00+10:00,1,0,1,True,2026-08-08,06:08:00,Low
40,2026-08-08 06:08:00+10:00,0,1,1,True,2026-08-08,06:08:00,Low
53,2026-08-08 06:07:00+10:00,1,0,1,True,2026-08-08,06:07:00,Low
67,2026-08-08 06:07:00+10:00,0,1,1,True,2026-08-08,06:07:00,Low
3,2026-08-08 06:07:00+10:00,0,1,1,True,2026-08-08,06:07:00,Low
6,2026-08-08 06:07:00+10:00,1,1,2,True,2026-08-08,06:07:00,Low
41,2026-08-08 06:07:00+10:00,1,0,1,True,2026-08-08,06:07:00,Low
75,2026-08-08 06:07:00+10:00,0,1,1,True,2026-08-08,06:07:00,Low
39,2026-08-08 06:07:00+10:00,1,0,1,True,2026-08-08,06:07:00,Low
181,2026-08-08 06:07:00+10:00,0,1,1,True,2026-08-08,06:07:00,Low
24,2026-08-08 06:07:00+10:00,0,1,1,True,2026-08-08,06:07:00,Low
51,2026-08-08 06:07:00+10:00,1,0,1,True,2026-08-08,06:07:00,Low
56,2026-08-08 06:07:00+10:00,2,0,2,True,2026-08-08,06:07:00,Low
1,2026-08-08 06:07:00+10:00,0,2,2,True,2026-08-08,06:07:00,Low
17,2026-08-08 06:07:00+10:00,0,4,4,True,2026-08-08,06:07:00,Low
35,2026-08-08 06:07:00+10:00,2,0,2,True,2026-08-08,06:07:00,Low
187,2026-08-08 06:07:00+10:00,0,1,1,True,2026-08-08,06:07:00,Low
40,2026-08-08 06:07:00+10:00,2,0,2,True,2026-08-08,06:07:00,Low
67,2026-08-08 06:06:00+10:00,1,0,1,True,2026-08-08,06:06:00,Low
79,2026-08-08 06:06:00+10:00,2,1,3,True,2026-08-08,06:06:00,Low
4,2026-08-08 06:06:00+10:00,1,1,2,True,2026-08-08,06:06:00,Low
6,2026-08-08 06:06:00+10:00,0,1,1,True,2026-08-08,06:06:00,Low
66,2026-08-08 06:06:00+10:00,0,1,1,True,2026-08-08,06:06:00,Low
41,2026-08-08 06:06:00+10:00,2,0,2,True,2026-08-08,06:06:00,Low
71,2026-08-08 06:06:00+10:00,2,0,2,True,2026-08-08,06:06:00,Low
56,2026-08-08 06:06:00+10:00,0,1,1,True,2026-08-08,06:06:00,Low
9,2026-08-08 06:06:00+10:00,0,2,2,True,2026-08-08,06:06:00,Low
10,2026-08-08 06:06:00+10:00,0,2,2,True,2026-08-08,06:06:00,Low
20,2026-08-08 06:06:00+10:00,2,0,2,True,2026-08-08,06:06:00,Low
24,2026-08-08 06:06:00+10:00,2,0,2,True,2026-08-08,06:06:00,Low
61,2026-08-08 06:06:00+10:00,1,0,1,True,2026-08-08,06:06:00,Low
134,2026-08-08 06:05:00+10:00,5,4,9,True,2026-08-08,06:05:00,Low
135,2026-08-08 06:05:00+10:00,2,1,3,True,2026-08-08,06:05:00,Low
162,2026-08-08 06:05:00+10:00,6,1,7,True,2026-08-08,06:05:00,Low
167,2026-08-08 06:05:00+10:00,0,1,1,True,2026-08-08,06:05:00,Low
182,2026-08-08 06:05:00+10:00,2,13,15,True,2026-08-08,06:05:00,Low
185,2026-08-08 06:05:00+10:00,0,5,5,True,2026-08-08,06:05:00,Low
25,2026-08-08 06:05:00+10:00,4,3,7,True,2026-08-08,06:05:00,Low
27,2026-08-08 06:05:00+10:00,1,1,2,True,2026-08-08,06:05:00,Low
48,2026-08-08 06:05:00+10:00,1,3,4,True,2026-08-08,06:05:00,Low
49,2026-08-08 06:05:00+10:00,0,3,3,True,2026-08-08,06:05:00,Low
63,2026-08-08 06:05:00+10:00,0,1,1,True,2026-08-08,06:05:00,Low
5,2026-08-08 06:05:00+10:00,4,3,7,True,2026-08-08,06:05:00,Low
21,2026-08-08 06:05:00+10:00,3,0,3,True,2026-08-08,06:05:00,Low
47,2026-08-08 06:05:00+10:00,1,2,3,True,2026-08-08,06:05:00,Low
50,2026-08-08 06:05:00+10:00,1,1,2,True,2026-08-08,06:05:00,Low
54,2026-08-08 06:05:00+10:00,2,0,2,True,2026-08-08,06:05:00,Low
77,2026-08-08 06:05:00+10:00,0,1,1,True,2026-08-08,06:05:00,Low
41,2026-08-08 06:05:00+10:00,1,4,5,True,2026-08-08,06:05:00,Low
59,2026-08-08 06:05:00+10:00,1,1,2,True,2026-08-08,06:05:00,Low
132,2026-08-08 06:05:00+10:00,3,1,4,True,2026-08-08,06:05:00,Low
133,2026-08-08 06:05:00+10:00,2,3,5,True,2026-08-08,06:05:00,Low
17,2026-08-08 06:05:00+10:00,0,1,1,True,2026-08-08,06:05:00,Low
23,2026-08-08 06:05:00+10:00,1,0,1,True,2026-08-08,06:05:00,Low
109,2026-08-08 06:05:00+10:00,4,0,4,True,2026-08-08,06:05:00,Low
137,2026-08-08 06:05:00+10:00,0,1,1,True,2026-08-08,06:05:00,Low
30,2026-08-08 06:05:00+10:00,3,1,4,True,2026-08-08,06:05:00,Low
58,2026-08-08 06:05:00+10:00,4,0,4,True,2026-08-08,06:05:00,Low
130,2026-08-08 06:05:00+10:00,1,0,1,True,2026-08-08,06:05:00,Low
161,2026-08-08 06:05:00+10:00,2,0,2,True,2026-08-08,06:05:00,Low
3,2026-08-08 06:05:00+10:00,1,0,1,True,2026-08-08,06:05:00,Low
4,2026-08-08 06:05:00+10:00,1,1,2,True,2026-08-08,06:05:00,Low
43,2026-08-08 06:05:00+10:00,0,1,1,True,2026-08-08,06:05:00,Low
45,2026-08-08 06:05:00+10:00,1,6,7,True,2026-08-08,06:05:00,Low
84,2026-08-08 06:05:00+10:00,2,5,7,True,2026-08-08,06:05:00,Low
131,2026-08-08 06:05:00+10:00,4,2,6,True,2026-08-08,06:05:00,Low
17,2026-08-08 06:04:00+10:00,1,1,2,True,2026-08-08,06:04:00,Low
63,2026-08-08 06:04:00+10:00,0,1,1,True,2026-08-08,06:04:00,Low
67,2026-08-08 06:04:00+10:00,1,0,1,True,2026-08-08,06:04:00,Low
72,2026-08-08 06:04:00+10:00,1,0,1,True,2026-08-08,06:04:00,Low
6,2026-08-08 06:04:00+10:00,1,0,1,True,2026-08-08,06:04:00,Low
24,2026-08-08 06:04:00+10:00,1,4,5,True,2026-08-08,06:04:00,Low
35,2026-08-08 06:04:00+10:00,0,1,1,True,2026-08-08,06:04:00,Low
40,2026-08-08 06:04:00+10:00,0,1,1,True,2026-08-08,06:04:00,Low
66,2026-08-08 06:04:00+10:00,1,0,1,True,2026-08-08,06:04:00,Low
17,2026-08-08 06:03:00+10:00,1,1,2,True,2026-08-08,06:03:00,Low
24,2026-08-08 06:03:00+10:00,0,1,1,True,2026-08-08,06:03:00,Low
63,2026-08-08 06:03:00+10:00,2,1,3,True,2026-08-08,06:03:00,Low
39,2026-08-08 06:03:00+10:00,0,1,1,True,2026-08-08,06:03:00,Low
41,2026-08-08 06:03:00+10:00,2,3,5,True,2026-08-08,06:03:00,Low
69,2026-08-08 06:03:00+10:00,0,1,1,True,2026-08-08,06:03:00,Low
40,2026-08-08 06:03:00+10:00,1,0,1,True,2026-08-08,06:03:00,Low
9,2026-08-08 06:03:00+10:00,0,2,2,True,2026-08-08,06:03:00,Low
20,2026-08-08 06:03:00+10:00,3,1,4,True,2026-08-08,06:03:00,Low
72,2026-08-08 06:03:00+10:00,0,3,3,True,2026-08-08,06:03:00,Low
85,2026-08-08 06:03:00+10:00,1,0,1,True,2026-08-08,06:03:00,Low
4,2026-08-08 06:03:00+10:00,0,1,1,True,2026-08-08,06:03:00,Low
181,2026-08-08 06:02:00+10:00,0,1,1,True,2026-08-08,06:02:00,Low
53,2026-08-08 06:02:00+10:00,1,0,1,True,2026-08-08,06:02:00,Low
3,2026-08-08 06:02:00+10:00,0,1,1,True,2026-08-08,06:02:00,Low
4,2026-08-08 06:02:00+10:00,0,2,2,True,2026-08-08,06:02:00,Low
66,2026-08-08 06:02:00+10:00,0,3,3,True,2026-08-08,06:02:00,Low
72,2026-08-08 06:02:00+10:00,1,0,1,True,2026-08-08,06:02:00,Low
79,2026-08-08 06:02:00+10:00,1,0,1,True,2026-08-08,06:02:00,Low
18,2026-08-08 06:02:00+10:00,0,1,1,True,2026-08-08,06:02:00,Low
40,2026-08-08 06:02:00+10:00,1,2,3,True,2026-08-08,06:02:00,Low
41,2026-08-08 06:02:00+10:00,0,1,1,True,2026-08-08,06:02:00,Low
61,2026-08-08 06:02:00+10:00,0,1,1,True,2026-08-08,06:02:00,Low
66,2026-08-08 06:01:00+10:00,0,2,2,True,2026-08-08,06:01:00,Low
3,2026-08-08 06:01:00+10:00,0,1,1,True,2026-08-08,06:01:00,Low
6,2026-08-08 06:01:00+10:00,1,1,2,True,2026-08-08,06:01:00,Low
181,2026-08-08 06:01:00+10:00,3,0,3,True,2026-08-08,06:01:00,Low
20,2026-08-08 06:01:00+10:00,1,0,1,True,2026-08-08,06:01:00,Low
24,2026-08-08 06:01:00+10:00,0,2,2,True,2026-08-08,06:01:00,Low
67,2026-08-08 06:01:00+10:00,1,0,1,True,2026-08-08,06:01:00,Low
2,2026-08-08 06:01:00+10:00,0,1,1,True,2026-08-08,06:01:00,Low
35,2026-08-08 06:01:00+10:00,1,1,2,True,2026-08-08,06:01:00,Low
51,2026-08-08 06:01:00+10:00,3,0,3,True,2026-08-08,06:01:00,Low
53,2026-08-08 06:01:00+10:00,0,1,1,True,2026-08-08,06:01:00,Low
63,2026-08-08 06:01:00+10:00,0,1,1,True,2026-08-08,06:01:00,Low
68,2026-08-08 06:01:00+10:00,0,1,1,True,2026-08-08,06:01:00,Low
79,2026-08-08 06:01:00+10:00,1,0,1,True,2026-08-08,06:01:00,Low
40,2026-08-08 06:01:00+10:00,0,1,1,True,2026-08-08,06:01:00,Low
69,2026-08-08 06:01:00+10:00,0,1,1,True,2026-08-08,06:01:00,Low
75,2026-08-08 06:01:00+10:00,2,0,2,True,2026-08-08,06:01:00,Low
135,2026-08-08 06:00:00+10:00,2,5,7,True,2026-08-08,06:00:00,Low
143,2026-08-08 06:00:00+10:00,1,0,1,True,2026-08-08,06:00:00,Low
162,2026-08-08 06:00:00+10:00,4,1,5,True,2026-08-08,06:00:00,Low
184,2026-08-08 06:00:00+10:00,3,4,7,True,2026-08-08,06:00:00,Low
2,2026-08-08 06:00:00+10:00,2,0,2,True,2026-08-08,06:00:00,Low
25,2026-08-08 06:00:00+10:00,1,1,2,True,2026-08-08,06:00:00,Low
30,2026-08-08 06:00:00+10:00,2,2,4,True,2026-08-08,06:00:00,Low
62,2026-08-08 06:00:00+10:00,1,1,2,True,2026-08-08,06:00:00,Low
63,2026-08-08 06:00:00+10:00,1,0,1,True,2026-08-08,06:00:00,Low
67,2026-08-08 06:00:00+10:00,0,1,1,True,2026-08-08,06:00:00,Low
142,2026-08-08 06:00:00+10:00,2,2,4,True,2026-08-08,06:00:00,Low
54,2026-08-08 06:00:00+10:00,1,0,1,True,2026-08-08,06:00:00,Low
75,2026-08-08 06:00:00+10:00,1,0,1,True,2026-08-08,06:00:00,Low
21,2026-08-08 06:00:00+10:00,1,1,2,True,2026-08-08,06:00:00,Low
41,2026-08-08 06:00:00+10:00,4,0,4,True,2026-08-08,06:00:00,Low
45,2026-08-08 06:00:00+10:00,2,2,4,True,2026-08-08,06:00:00,Low
47,2026-08-08 06:00:00+10:00,3,2,5,True,2026-08-08,06:00:00,Low
66,2026-08-08 06:00:00+10:00,3,0,3,True,2026-08-08,06:00:00,Low
1,2026-08-08 06:00:00+10:00,1,0,1,True,2026-08-08,06:00:00,Low
23,2026-08-08 06:00:00+10:00,2,1,3,True,2026-08-08,06:00:00,Low
24,2026-08-08 06:00:00+10:00,1,1,2,True,2026-08-08,06:00:00,Low
48,2026-08-08 06:00:00+10:00,0,2,2,True,2026-08-08,06:00:00,Low
49,2026-08-08 06:00:00+10:00,3,5,8,True,2026-08-08,06:00:00,Low
58,2026-08-08 06:00:00+10:00,5,2,7,True,2026-08-08,06:00:00,Low
109,2026-08-08 06:00:00+10:00,0,1,1,True,2026-08-08,06:00:00,Low
130,2026-08-08 06:00:00+10:00,1,0,1,True,2026-08-08,06:00:00,Low
141,2026-08-08 06:00:00+10:00,2,2,4,True,2026-08-08,06:00:00,Low
164,2026-08-08 06:00:00+10:00,0,2,2,True,2026-08-08,06:00:00,Low
133,2026-08-08 06:00:00+10:00,12,3,15,True,2026-08-08,06:00:00,Low
134,2026-08-08 06:00:00+10:00,3,4,7,True,2026-08-08,06:00:00,Low
182,2026-08-08 06:00:00+10:00,0,2,2,True,2026-08-08,06:00:00,Low
185,2026-08-08 06:00:00+10:00,0,2,2,True,2026-08-08,06:00:00,Low
17,2026-08-08 06:00:00+10:00,2,0,2,True,2026-08-08,06:00:00,Low
27,2026-08-08 06:00:00+10:00,0,1,1,True,2026-08-08,06:00:00,Low
35,2026-08-08 06:00:00+10:00,0,1,1,True,2026-08-08,06:00:00,Low
117,2026-08-08 06:00:00+10:00,3,1,4,True,2026-08-08,06:00:00,Low
5,2026-08-08 06:00:00+10:00,5,2,7,True,2026-08-08,06:00:00,Low
8,2026-08-08 06:00:00+10:00,1,0,1,True,2026-08-08,06:00:00,Low
77,2026-08-08 06:00:00+10:00,0,2,2,True,2026-08-08,06:00:00,Low
84,2026-08-08 06:00:00+10:00,0,6,6,True,2026-08-08,06:00:00,Low
131,2026-08-08 06:00:00+10:00,2,2,4,True,2026-08-08,06:00:00,Low
2,2026-08-08 05:59:00+10:00,0,1,1,True,2026-08-08,05:59:00,Low
9,2026-08-08 05:59:00+10:00,0,1,1,True,2026-08-08,05:59:00,Low
79,2026-08-08 05:59:00+10:00,1,0,1,True,2026-08-08,05:59:00,Low
31,2026-08-08 05:59:00+10:00,1,0,1,True,2026-08-08,05:59:00,Low
75,2026-08-08 05:59:00+10:00,0,1,1,True,2026-08-08,05:59:00,Low
4,2026-08-08 05:59:00+10:00,2,0,2,True,2026-08-08,05:59:00,Low
11,2026-08-08 05:59:00+10:00,1,0,1,True,2026-08-08,05:59:00,Low
20,2026-08-08 05:59:00+10:00,2,0,2,True,2026-08-08,05:59:00,Low
24,2026-08-08 05:59:00+10:00,1,0,1,True,2026-08-08,05:59:00,Low
35,2026-08-08 05:59:00+10:00,1,1,2,True,2026-08-08,05:59:00,Low
53,2026-08-08 05:59:00+10:00,1,0,1,True,2026-08-08,05:59:00,Low
67,2026-08-08 05:59:00+10:00,1,0,1,True,2026-08-08,05:59:00,Low
3,2026-08-08 05:59:00+10:00,0,1,1,True,2026-08-08,05:59:00,Low
66,2026-08-08 05:59:00+10:00,1,0,1,True,2026-08-08,05:59:00,Low
181,2026-08-08 05:58:00+10:00,0,1,1,True,2026-08-08,05:58:00,Low
2,2026-08-08 05:58:00+10:00,1,0,1,True,2026-08-08,05:58:00,Low
17,2026-08-08 05:58:00+10:00,1,0,1,True,2026-08-08,05:58:00,Low
24,2026-08-08 05:58:00+10:00,0,4,4,True,2026-08-08,05:58:00,Low
63,2026-08-08 05:58:00+10:00,1,0,1,True,2026-08-08,05:58:00,Low
68,2026-08-08 05:58:00+10:00,1,0,1,True,2026-08-08,05:58:00,Low
72,2026-08-08 05:58:00+10:00,0,1,1,True,2026-08-08,05:58:00,Low
6,2026-08-08 05:58:00+10:00,0,1,1,True,2026-08-08,05:58:00,Low
41,2026-08-08 05:58:00+10:00,2,3,5,True,2026-08-08,05:58:00,Low
1,2026-08-08 05:58:00+10:00,1,0,1,True,2026-08-08,05:58:00,Low
51,2026-08-08 05:58:00+10:00,1,0,1,True,2026-08-08,05:58:00,Low
67,2026-08-08 05:58:00+10:00,0,2,2,True,2026-08-08,05:58:00,Low
79,2026-08-08 05:58:00+10:00,0,1,1,True,2026-08-08,05:58:00,Low
19,2026-08-08 05:57:00+10:00,0,1,1,True,2026-08-08,05:57:00,Low
24,2026-08-08 05:57:00+10:00,0,2,2,True,2026-08-08,05:57:00,Low
67,2026-08-08 05:57:00+10:00,2,3,5,True,2026-08-08,05:57:00,Low
68,2026-08-08 05:57:00+10:00,0,1,1,True,2026-08-08,05:57:00,Low
29,2026-08-08 05:57:00+10:00,1,0,1,True,2026-08-08,05:57:00,Low
75,2026-08-08 05:57:00+10:00,1,1,2,True,2026-08-08,05:57:00,Low
6,2026-08-08 05:57:00+10:00,0,2,2,True,2026-08-08,05:57:00,Low
41,2026-08-08 05:57:00+10:00,4,1,5,True,2026-08-08,05:57:00,Low
63,2026-08-08 05:57:00+10:00,0,1,1,True,2026-08-08,05:57:00,Low
4,2026-08-08 05:57:00+10:00,1,0,1,True,2026-08-08,05:57:00,Low
181,2026-08-08 05:56:00+10:00,2,0,2,True,2026-08-08,05:56:00,Low
17,2026-08-08 05:56:00+10:00,0,1,1,True,2026-08-08,05:56:00,Low
40,2026-08-08 05:56:00+10:00,1,0,1,True,2026-08-08,05:56:00,Low
41,2026-08-08 05:56:00+10:00,2,2,4,True,2026-08-08,05:56:00,Low
4,2026-08-08 05:56:00+10:00,2,0,2,True,2026-08-08,05:56:00,Low
9,2026-08-08 05:56:00+10:00,1,0,1,True,2026-08-08,05:56:00,Low
62,2026-08-08 05:56:00+10:00,1,0,1,True,2026-08-08,05:56:00,Low
72,2026-08-08 05:56:00+10:00,0,1,1,True,2026-08-08,05:56:00,Low
24,2026-08-08 05:56:00+10:00,0,4,4,True,2026-08-08,05:56:00,Low
56,2026-08-08 05:56:00+10:00,1,0,1,True,2026-08-08,05:56:00,Low
143,2026-08-08 05:55:00+10:00,3,4,7,True,2026-08-08,05:55:00,Low
182,2026-08-08 05:55:00+10:00,0,1,1,True,2026-08-08,05:55:00,Low
184,2026-08-08 05:55:00+10:00,4,4,8,True,2026-08-08,05:55:00,Low
11,2026-08-08 05:55:00+10:00,1,0,1,True,2026-08-08,05:55:00,Low
25,2026-08-08 05:55:00+10:00,0,3,3,True,2026-08-08,05:55:00,Low
48,2026-08-08 05:55:00+10:00,1,3,4,True,2026-08-08,05:55:00,Low
49,2026-08-08 05:55:00+10:00,2,2,4,True,2026-08-08,05:55:00,Low
58,2026-08-08 05:55:00+10:00,0,4,4,True,2026-08-08,05:55:00,Low
62,2026-08-08 05:55:00+10:00,1,0,1,True,2026-08-08,05:55:00,Low
130,2026-08-08 05:55:00+10:00,0,1,1,True,2026-08-08,05:55:00,Low
141,2026-08-08 05:55:00+10:00,0,1,1,True,2026-08-08,05:55:00,Low
4,2026-08-08 05:55:00+10:00,1,0,1,True,2026-08-08,05:55:00,Low
5,2026-08-08 05:55:00+10:00,2,3,5,True,2026-08-08,05:55:00,Low
21,2026-08-08 05:55:00+10:00,1,1,2,True,2026-08-08,05:55:00,Low
131,2026-08-08 05:55:00+10:00,3,2,5,True,2026-08-08,05:55:00,Low
41,2026-08-08 05:55:00+10:00,5,0,5,True,2026-08-08,05:55:00,Low
47,2026-08-08 05:55:00+10:00,0,4,4,True,2026-08-08,05:55:00,Low
54,2026-08-08 05:55:00+10:00,1,0,1,True,2026-08-08,05:55:00,Low
59,2026-08-08 05:55:00+10:00,1,1,2,True,2026-08-08,05:55:00,Low
84,2026-08-08 05:55:00+10:00,2,6,8,True,2026-08-08,05:55:00,Low
132,2026-08-08 05:55:00+10:00,6,0,6,True,2026-08-08,05:55:00,Low
133,2026-08-08 05:55:00+10:00,5,8,13,True,2026-08-08,05:55:00,Low
135,2026-08-08 05:55:00+10:00,0,3,3,True,2026-08-08,05:55:00,Low
181,2026-08-08 05:55:00+10:00,0,2,2,True,2026-08-08,05:55:00,Low
185,2026-08-08 05:55:00+10:00,0,1,1,True,2026-08-08,05:55:00,Low
17,2026-08-08 05:55:00+10:00,2,0,2,True,2026-08-08,05:55:00,Low
30,2026-08-08 05:55:00+10:00,1,3,4,True,2026-08-08,05:55:00,Low
109,2026-08-08 05:55:00+10:00,1,0,1,True,2026-08-08,05:55:00,Low
117,2026-08-08 05:55:00+10:00,0,1,1,True,2026-08-08,05:55:00,Low
164,2026-08-08 05:55:00+10:00,2,1,3,True,2026-08-08,05:55:00,Low
134,2026-08-08 05:55:00+10:00,9,4,13,True,2026-08-08,05:55:00,Low
162,2026-08-08 05:55:00+10:00,4,1,5,True,2026-08-08,05:55:00,Low
165,2026-08-08 05:55:00+10:00,1,0,1,True,2026-08-08,05:55:00,Low
23,2026-08-08 05:55:00+10:00,0,1,1,True,2026-08-08,05:55:00,Low
24,2026-08-08 05:55:00+10:00,1,4,5,True,2026-08-08,05:55:00,Low
27,2026-08-08 05:55:00+10:00,1,1,2,True,2026-08-08,05:55:00,Low
72,2026-08-08 05:55:00+10:00,2,2,4,True,2026-08-08,05:55:00,Low
45,2026-08-08 05:55:00+10:00,5,4,9,True,2026-08-08,05:55:00,Low
77,2026-08-08 05:55:00+10:00,0,3,3,True,2026-08-08,05:55:00,Low
107,2026-08-08 05:55:00+10:00,0,2,2,True,2026-08-08,05:55:00,Low
36,2026-08-08 05:54:00+10:00,0,1,1,True,2026-08-08,05:54:00,Low
181,2026-08-08 05:54:00+10:00,1,2,3,True,2026-08-08,05:54:00,Low
11,2026-08-08 05:54:00+10:00,1,0,1,True,2026-08-08,05:54:00,Low
3,2026-08-08 05:54:00+10:00,0,1,1,True,2026-08-08,05:54:00,Low
4,2026-08-08 05:54:00+10:00,1,0,1,True,2026-08-08,05:54:00,Low
41,2026-08-08 05:54:00+10:00,8,0,8,True,2026-08-08,05:54:00,Low
24,2026-08-08 05:54:00+10:00,1,0,1,True,2026-08-08,05:54:00,Low
68,2026-08-08 05:54:00+10:00,1,1,2,True,2026-08-08,05:54:00,Low
79,2026-08-08 05:54:00+10:00,0,2,2,True,2026-08-08,05:54:00,Low
72,2026-08-08 05:54:00+10:00,0,1,1,True,2026-08-08,05:54:00,Low
4,2026-08-08 05:53:00+10:00,1,1,2,True,2026-08-08,05:53:00,Low
41,2026-08-08 05:53:00+10:00,6,2,8,True,2026-08-08,05:53:00,Low
2,2026-08-08 05:53:00+10:00,1,1,2,True,2026-08-08,05:53:00,Low
24,2026-08-08 05:53:00+10:00,2,1,3,True,2026-08-08,05:53:00,Low
35,2026-08-08 05:53:00+10:00,1,0,1,True,2026-08-08,05:53:00,Low
42,2026-08-08 05:53:00+10:00,0,1,1,True,2026-08-08,05:53:00,Low
61,2026-08-08 05:53:00+10:00,0,1,1,True,2026-08-08,05:53:00,Low
17,2026-08-08 05:53:00+10:00,2,1,3,True,2026-08-08,05:53:00,Low
40,2026-08-08 05:53:00+10:00,2,1,3,True,2026-08-08,05:53:00,Low
56,2026-08-08 05:53:00+10:00,1,0,1,True,2026-08-08,05:53:00,Low
79,2026-08-08 05:53:00+10:00,2,0,2,True,2026-08-08,05:53:00,Low
62,2026-08-08 05:52:00+10:00,1,0,1,True,2026-08-08,05:52:00,Low
6,2026-08-08 05:52:00+10:00,0,1,1,True,2026-08-08,05:52:00,Low
36,2026-08-08 05:52:00+10:00,6,0,6,True,2026-08-08,05:52:00,Low
41,2026-08-08 05:52:00+10:00,2,0,2,True,2026-08-08,05:52:00,Low
181,2026-08-08 05:52:00+10:00,0,1,1,True,2026-08-08,05:52:00,Low
29,2026-08-08 05:52:00+10:00,1,0,1,True,2026-08-08,05:52:00,Low
17,2026-08-08 05:52:00+10:00,0,2,2,True,2026-08-08,05:52:00,Low
35,2026-08-08 05:52:00+10:00,0,1,1,True,2026-08-08,05:52:00,Low
68,2026-08-08 05:52:00+10:00,1,0,1,True,2026-08-08,05:52:00,Low
3,2026-08-08 05:51:00+10:00,1,0,1,True,2026-08-08,05:51:00,Low
4,2026-08-08 05:51:00+10:00,1,0,1,True,2026-08-08,05:51:00,Low
72,2026-08-08 05:51:00+10:00,2,0,2,True,2026-08-08,05:51:00,Low
29,2026-08-08 05:51:00+10:00,2,0,2,True,2026-08-08,05:51:00,Low
66,2026-08-08 05:51:00+10:00,1,0,1,True,2026-08-08,05:51:00,Low
24,2026-08-08 05:51:00+10:00,1,1,2,True,2026-08-08,05:51:00,Low
181,2026-08-08 05:51:00+10:00,0,1,1,True,2026-08-08,05:51:00,Low
19,2026-08-08 05:51:00+10:00,0,1,1,True,2026-08-08,05:51:00,Low
79,2026-08-08 05:51:00+10:00,0,1,1,True,2026-08-08,05:51:00,Low
3,2026-08-08 05:50:00+10:00,1,0,1,True,2026-08-08,05:50:00,Low
21,2026-08-08 05:50:00+10:00,1,1,2,True,2026-08-08,05:50:00,Low
47,2026-08-08 05:50:00+10:00,1,1,2,True,2026-08-08,05:50:00,Low
54,2026-08-08 05:50:00+10:00,0,1,1,True,2026-08-08,05:50:00,Low
77,2026-08-08 05:50:00+10:00,0,1,1,True,2026-08-08,05:50:00,Low
84,2026-08-08 05:50:00+10:00,2,0,2,True,2026-08-08,05:50:00,Low
107,2026-08-08 05:50:00+10:00,1,0,1,True,2026-08-08,05:50:00,Low
162,2026-08-08 05:50:00+10:00,1,2,3,True,2026-08-08,05:50:00,Low
181,2026-08-08 05:50:00+10:00,0,2,2,True,2026-08-08,05:50:00,Low
182,2026-08-08 05:50:00+10:00,4,4,8,True,2026-08-08,05:50:00,Low
184,2026-08-08 05:50:00+10:00,1,2,3,True,2026-08-08,05:50:00,Low
185,2026-08-08 05:50:00+10:00,2,3,5,True,2026-08-08,05:50:00,Low
35,2026-08-08 05:50:00+10:00,1,1,2,True,2026-08-08,05:50:00,Low
58,2026-08-08 05:50:00+10:00,3,2,5,True,2026-08-08,05:50:00,Low
187,2026-08-08 05:50:00+10:00,1,0,1,True,2026-08-08,05:50:00,Low
45,2026-08-08 05:50:00+10:00,1,2,3,True,2026-08-08,05:50:00,Low
132,2026-08-08 05:50:00+10:00,0,1,1,True,2026-08-08,05:50:00,Low
133,2026-08-08 05:50:00+10:00,7,9,16,True,2026-08-08,05:50:00,Low
135,2026-08-08 05:50:00+10:00,4,3,7,True,2026-08-08,05:50:00,Low
143,2026-08-08 05:50:00+10:00,3,2,5,True,2026-08-08,05:50:00,Low
23,2026-08-08 05:50:00+10:00,1,0,1,True,2026-08-08,05:50:00,Low
24,2026-08-08 05:50:00+10:00,2,6,8,True,2026-08-08,05:50:00,Low
25,2026-08-08 05:50:00+10:00,2,2,4,True,2026-08-08,05:50:00,Low
27,2026-08-08 05:50:00+10:00,1,0,1,True,2026-08-08,05:50:00,Low
30,2026-08-08 05:50:00+10:00,1,3,4,True,2026-08-08,05:50:00,Low
48,2026-08-08 05:50:00+10:00,0,1,1,True,2026-08-08,05:50:00,Low
67,2026-08-08 05:50:00+10:00,0,1,1,True,2026-08-08,05:50:00,Low
141,2026-08-08 05:50:00+10:00,6,3,9,True,2026-08-08,05:50:00,Low
164,2026-08-08 05:50:00+10:00,2,0,2,True,2026-08-08,05:50:00,Low
5,2026-08-08 05:50:00+10:00,2,5,7,True,2026-08-08,05:50:00,Low
6,2026-08-08 05:50:00+10:00,0,1,1,True,2026-08-08,05:50:00,Low
41,2026-08-08 05:50:00+10:00,0,5,5,True,2026-08-08,05:50:00,Low
66,2026-08-08 05:50:00+10:00,1,0,1,True,2026-08-08,05:50:00,Low
131,2026-08-08 05:50:00+10:00,0,1,1,True,2026-08-08,05:50:00,Low
134,2026-08-08 05:50:00+10:00,5,3,8,True,2026-08-08,05:50:00,Low
11,2026-08-08 05:50:00+10:00,1,0,1,True,2026-08-08,05:50:00,Low
17,2026-08-08 05:50:00+10:00,2,1,3,True,2026-08-08,05:50:00,Low
49,2026-08-08 05:50:00+10:00,2,4,6,True,2026-08-08,05:50:00,Low
79,2026-08-08 05:50:00+10:00,2,0,2,True,2026-08-08,05:50:00,Low
109,2026-08-08 05:50:00+10:00,1,0,1,True,2026-08-08,05:50:00,Low
142,2026-08-08 05:50:00+10:00,2,0,2,True,2026-08-08,05:50:00,Low
6,2026-08-08 05:49:00+10:00,2,2,4,True,2026-08-08,05:49:00,Low
31,2026-08-08 05:49:00+10:00,0,1,1,True,2026-08-08,05:49:00,Low
69,2026-08-08 05:49:00+10:00,1,0,1,True,2026-08-08,05:49:00,Low
181,2026-08-08 05:49:00+10:00,0,1,1,True,2026-08-08,05:49:00,Low
1,2026-08-08 05:49:00+10:00,1,0,1,True,2026-08-08,05:49:00,Low
24,2026-08-08 05:49:00+10:00,2,0,2,True,2026-08-08,05:49:00,Low
35,2026-08-08 05:49:00+10:00,1,1,2,True,2026-08-08,05:49:00,Low
79,2026-08-08 05:49:00+10:00,0,1,1,True,2026-08-08,05:49:00,Low
41,2026-08-08 05:49:00+10:00,1,1,2,True,2026-08-08,05:49:00,Low
66,2026-08-08 05:49:00+10:00,0,1,1,True,2026-08-08,05:49:00,Low
71,2026-08-08 05:49:00+10:00,0,2,2,True,2026-08-08,05:49:00,Low
72,2026-08-08 05:49:00+10:00,1,0,1,True,2026-08-08,05:49:00,Low
209,2026-08-08 05:49:00+10:00,1,0,1,True,2026-08-08,05:49:00,Low
9,2026-08-08 05:49:00+10:00,0,7,7,True,2026-08-08,05:49:00,Low
17,2026-08-08 05:49:00+10:00,1,0,1,True,2026-08-08,05:49:00,Low
19,2026-08-08 05:49:00+10:00,2,0,2,True,2026-08-08,05:49:00,Low
29,2026-08-08 05:48:00+10:00,0,1,1,True,2026-08-08,05:48:00,Low
9,2026-08-08 05:48:00+10:00,0,1,1,True,2026-08-08,05:48:00,Low
3,2026-08-08 05:48:00+10:00,0,1,1,True,2026-08-08,05:48:00,Low
36,2026-08-08 05:48:00+10:00,4,0,4,True,2026-08-08,05:48:00,Low
41,2026-08-08 05:48:00+10:00,1,0,1,True,2026-08-08,05:48:00,Low
66,2026-08-08 05:48:00+10:00,0,1,1,True,2026-08-08,05:48:00,Low
75,2026-08-08 05:48:00+10:00,1,0,1,True,2026-08-08,05:48:00,Low
181,2026-08-08 05:48:00+10:00,1,1,2,True,2026-08-08,05:48:00,Low
209,2026-08-08 05:48:00+10:00,0,2,2,True,2026-08-08,05:48:00,Low
17,2026-08-08 05:48:00+10:00,1,0,1,True,2026-08-08,05:48:00,Low
35,2026-08-08 05:48:00+10:00,1,1,2,True,2026-08-08,05:48:00,Low
53,2026-08-08 05:48:00+10:00,1,0,1,True,2026-08-08,05:48:00,Low
79,2026-08-08 05:48:00+10:00,1,0,1,True,2026-08-08,05:48:00,Low
4,2026-08-08 05:48:00+10:00,2,0,2,True,2026-08-08,05:48:00,Low
24,2026-08-08 05:48:00+10:00,0,1,1,True,2026-08-08,05:48:00,Low
41,2026-08-08 05:47:00+10:00,0,1,1,True,2026-08-08,05:47:00,Low
42,2026-08-08 05:47:00+10:00,0,2,2,True,2026-08-08,05:47:00,Low
72,2026-08-08 05:47:00+10:00,0,1,1,True,2026-08-08,05:47:00,Low
39,2026-08-08 05:47:00+10:00,1,0,1,True,2026-08-08,05:47:00,Low
87,2026-08-08 05:47:00+10:00,1,1,2,True,2026-08-08,05:47:00,Low
209,2026-08-08 05:47:00+10:00,0,1,1,True,2026-08-08,05:47:00,Low
35,2026-08-08 05:47:00+10:00,1,2,3,True,2026-08-08,05:47:00,Low
53,2026-08-08 05:47:00+10:00,1,1,2,True,2026-08-08,05:47:00,Low
4,2026-08-08 05:47:00+10:00,1,0,1,True,2026-08-08,05:47:00,Low
36,2026-08-08 05:47:00+10:00,0,1,1,True,2026-08-08,05:47:00,Low
24,2026-08-08 05:47:00+10:00,1,1,2,True,2026-08-08,05:47:00,Low
79,2026-08-08 05:47:00+10:00,0,1,1,True,2026-08-08,05:47:00,Low
181,2026-08-08 05:46:00+10:00,0,1,1,True,2026-08-08,05:46:00,Low
35,2026-08-08 05:46:00+10:00,1,0,1,True,2026-08-08,05:46:00,Low
79,2026-08-08 05:46:00+10:00,1,0,1,True,2026-08-08,05:46:00,Low
4,2026-08-08 05:46:00+10:00,0,1,1,True,2026-08-08,05:46:00,Low
41,2026-08-08 05:46:00+10:00,5,0,5,True,2026-08-08,05:46:00,Low
87,2026-08-08 05:46:00+10:00,0,2,2,True,2026-08-08,05:46:00,Low
209,2026-08-08 05:46:00+10:00,0,1,1,True,2026-08-08,05:46:00,Low
17,2026-08-08 05:46:00+10:00,2,0,2,True,2026-08-08,05:46:00,Low
20,2026-08-08 05:46:00+10:00,0,1,1,True,2026-08-08,05:46:00,Low
24,2026-08-08 05:46:00+10:00,1,0,1,True,2026-08-08,05:46:00,Low
63,2026-08-08 05:46:00+10:00,1,0,1,True,2026-08-08,05:46:00,Low
6,2026-08-08 05:46:00+10:00,2,2,4,True,2026-08-08,05:46:00,Low
42,2026-08-08 05:46:00+10:00,0,1,1,True,2026-08-08,05:46:00,Low
62,2026-08-08 05:46:00+10:00,1,0,1,True,2026-08-08,05:46:00,Low
21,2026-08-08 05:45:00+10:00,0,1,1,True,2026-08-08,05:45:00,Low
36,2026-08-08 05:45:00+10:00,0,1,1,True,2026-08-08,05:45:00,Low
41,2026-08-08 05:45:00+10:00,1,1,2,True,2026-08-08,05:45:00,Low
66,2026-08-08 05:45:00+10:00,2,0,2,True,2026-08-08,05:45:00,Low
84,2026-08-08 05:45:00+10:00,1,3,4,True,2026-08-08,05:45:00,Low
131,2026-08-08 05:45:00+10:00,2,1,3,True,2026-08-08,05:45:00,Low
135,2026-08-08 05:45:00+10:00,0,5,5,True,2026-08-08,05:45:00,Low
209,2026-08-08 05:45:00+10:00,1,0,1,True,2026-08-08,05:45:00,Low
27,2026-08-08 05:45:00+10:00,1,4,5,True,2026-08-08,05:45:00,Low
63,2026-08-08 05:45:00+10:00,1,0,1,True,2026-08-08,05:45:00,Low
109,2026-08-08 05:45:00+10:00,0,1,1,True,2026-08-08,05:45:00,Low
164,2026-08-08 05:45:00+10:00,2,2,4,True,2026-08-08,05:45:00,Low
59,2026-08-08 05:45:00+10:00,2,0,2,True,2026-08-08,05:45:00,Low
77,2026-08-08 05:45:00+10:00,1,2,3,True,2026-08-08,05:45:00,Low
107,2026-08-08 05:45:00+10:00,0,1,1,True,2026-08-08,05:45:00,Low
133,2026-08-08 05:45:00+10:00,3,8,11,True,2026-08-08,05:45:00,Low
179,2026-08-08 05:45:00+10:00,0,1,1,True,2026-08-08,05:45:00,Low
181,2026-08-08 05:45:00+10:00,0,1,1,True,2026-08-08,05:45:00,Low
184,2026-08-08 05:45:00+10:00,1,2,3,True,2026-08-08,05:45:00,Low
17,2026-08-08 05:45:00+10:00,2,0,2,True,2026-08-08,05:45:00,Low
49,2026-08-08 05:45:00+10:00,1,3,4,True,2026-08-08,05:45:00,Low
58,2026-08-08 05:45:00+10:00,4,4,8,True,2026-08-08,05:45:00,Low
141,2026-08-08 05:45:00+10:00,1,0,1,True,2026-08-08,05:45:00,Low
3,2026-08-08 05:45:00+10:00,1,0,1,True,2026-08-08,05:45:00,Low
5,2026-08-08 05:45:00+10:00,4,1,5,True,2026-08-08,05:45:00,Low
6,2026-08-08 05:45:00+10:00,0,4,4,True,2026-08-08,05:45:00,Low
40,2026-08-08 05:45:00+10:00,0,1,1,True,2026-08-08,05:45:00,Low
47,2026-08-08 05:45:00+10:00,0,4,4,True,2026-08-08,05:45:00,Low
132,2026-08-08 05:45:00+10:00,0,1,1,True,2026-08-08,05:45:00,Low
134,2026-08-08 05:45:00+10:00,3,5,8,True,2026-08-08,05:45:00,Low
143,2026-08-08 05:45:00+10:00,2,1,3,True,2026-08-08,05:45:00,Low
162,2026-08-08 05:45:00+10:00,5,7,12,True,2026-08-08,05:45:00,Low
182,2026-08-08 05:45:00+10:00,1,6,7,True,2026-08-08,05:45:00,Low
185,2026-08-08 05:45:00+10:00,0,2,2,True,2026-08-08,05:45:00,Low
23,2026-08-08 05:45:00+10:00,1,0,1,True,2026-08-08,05:45:00,Low
25,2026-08-08 05:45:00+10:00,0,2,2,True,2026-08-08,05:45:00,Low
48,2026-08-08 05:45:00+10:00,1,0,1,True,2026-08-08,05:45:00,Low
142,2026-08-08 05:45:00+10:00,2,0,2,True,2026-08-08,05:45:00,Low
36,2026-08-08 05:44:00+10:00,0,1,1,True,2026-08-08,05:44:00,Low
10,2026-08-08 05:44:00+10:00,2,0,2,True,2026-08-08,05:44:00,Low
35,2026-08-08 05:44:00+10:00,1,0,1,True,2026-08-08,05:44:00,Low
4,2026-08-08 05:44:00+10:00,0,1,1,True,2026-08-08,05:44:00,Low
6,2026-08-08 05:44:00+10:00,0,9,9,True,2026-08-08,05:44:00,Low
61,2026-08-08 05:44:00+10:00,0,1,1,True,2026-08-08,05:44:00,Low
1,2026-08-08 05:44:00+10:00,1,0,1,True,2026-08-08,05:44:00,Low
72,2026-08-08 05:44:00+10:00,1,0,1,True,2026-08-08,05:44:00,Low
79,2026-08-08 05:44:00+10:00,2,1,3,True,2026-08-08,05:44:00,Low
29,2026-08-08 05:44:00+10:00,0,1,1,True,2026-08-08,05:44:00,Low
181,2026-08-08 05:44:00+10:00,0,1,1,True,2026-08-08,05:44:00,Low
24,2026-08-08 05:44:00+10:00,0,1,1,True,2026-08-08,05:44:00,Low
56,2026-08-08 05:44:00+10:00,1,0,1,True,2026-08-08,05:44:00,Low
61,2026-08-08 05:43:00+10:00,1,0,1,True,2026-08-08,05:43:00,Low
1,2026-08-08 05:43:00+10:00,1,0,1,True,2026-08-08,05:43:00,Low
35,2026-08-08 05:43:00+10:00,0,1,1,True,2026-08-08,05:43:00,Low
52,2026-08-08 05:43:00+10:00,1,0,1,True,2026-08-08,05:43:00,Low
79,2026-08-08 05:43:00+10:00,0,1,1,True,2026-08-08,05:43:00,Low
41,2026-08-08 05:43:00+10:00,0,2,2,True,2026-08-08,05:43:00,Low
11,2026-08-08 05:42:00+10:00,1,0,1,True,2026-08-08,05:42:00,Low
181,2026-08-08 05:42:00+10:00,2,0,2,True,2026-08-08,05:42:00,Low
17,2026-08-08 05:42:00+10:00,0,1,1,True,2026-08-08,05:42:00,Low
3,2026-08-08 05:42:00+10:00,0,1,1,True,2026-08-08,05:42:00,Low
6,2026-08-08 05:42:00+10:00,1,1,2,True,2026-08-08,05:42:00,Low
69,2026-08-08 05:42:00+10:00,1,0,1,True,2026-08-08,05:42:00,Low
24,2026-08-08 05:42:00+10:00,1,0,1,True,2026-08-08,05:42:00,Low
51,2026-08-08 05:42:00+10:00,0,2,2,True,2026-08-08,05:42:00,Low
79,2026-08-08 05:42:00+10:00,1,0,1,True,2026-08-08,05:42:00,Low
4,2026-08-08 05:41:00+10:00,0,1,1,True,2026-08-08,05:41:00,Low
6,2026-08-08 05:41:00+10:00,1,0,1,True,2026-08-08,05:41:00,Low
209,2026-08-08 05:41:00+10:00,0,2,2,True,2026-08-08,05:41:00,Low
24,2026-08-08 05:41:00+10:00,7,0,7,True,2026-08-08,05:41:00,Low
62,2026-08-08 05:41:00+10:00,1,0,1,True,2026-08-08,05:41:00,Low
29,2026-08-08 05:41:00+10:00,0,3,3,True,2026-08-08,05:41:00,Low
40,2026-08-08 05:41:00+10:00,0,1,1,True,2026-08-08,05:41:00,Low
69,2026-08-08 05:41:00+10:00,1,0,1,True,2026-08-08,05:41:00,Low
51,2026-08-08 05:41:00+10:00,0,1,1,True,2026-08-08,05:41:00,Low
79,2026-08-08 05:41:00+10:00,0,1,1,True,2026-08-08,05:41:00,Low
3,2026-08-08 05:41:00+10:00,2,0,2,True,2026-08-08,05:41:00,Low
36,2026-08-08 05:41:00+10:00,0,2,2,True,2026-08-08,05:41:00,Low
41,2026-08-08 05:41:00+10:00,1,0,1,True,2026-08-08,05:41:00,Low
5,2026-08-08 05:40:00+10:00,1,6,7,True,2026-08-08,05:40:00,Low
21,2026-08-08 05:40:00+10:00,0,1,1,True,2026-08-08,05:40:00,Low
47,2026-08-08 05:40:00+10:00,1,1,2,True,2026-08-08,05:40:00,Low
59,2026-08-08 05:40:00+10:00,2,0,2,True,2026-08-08,05:40:00,Low
84,2026-08-08 05:40:00+10:00,1,2,3,True,2026-08-08,05:40:00,Low
134,2026-08-08 05:40:00+10:00,3,2,5,True,2026-08-08,05:40:00,Low
162,2026-08-08 05:40:00+10:00,3,1,4,True,2026-08-08,05:40:00,Low
181,2026-08-08 05:40:00+10:00,0,1,1,True,2026-08-08,05:40:00,Low
182,2026-08-08 05:40:00+10:00,8,8,16,True,2026-08-08,05:40:00,Low
1,2026-08-08 05:40:00+10:00,1,0,1,True,2026-08-08,05:40:00,Low
141,2026-08-08 05:40:00+10:00,0,1,1,True,2026-08-08,05:40:00,Low
3,2026-08-08 05:40:00+10:00,1,0,1,True,2026-08-08,05:40:00,Low
43,2026-08-08 05:40:00+10:00,0,2,2,True,2026-08-08,05:40:00,Low
45,2026-08-08 05:40:00+10:00,1,4,5,True,2026-08-08,05:40:00,Low
87,2026-08-08 05:40:00+10:00,1,0,1,True,2026-08-08,05:40:00,Low
132,2026-08-08 05:40:00+10:00,3,0,3,True,2026-08-08,05:40:00,Low
135,2026-08-08 05:40:00+10:00,0,2,2,True,2026-08-08,05:40:00,Low
185,2026-08-08 05:40:00+10:00,2,2,4,True,2026-08-08,05:40:00,Low
30,2026-08-08 05:40:00+10:00,1,0,1,True,2026-08-08,05:40:00,Low
35,2026-08-08 05:40:00+10:00,0,1,1,True,2026-08-08,05:40:00,Low
48,2026-08-08 05:40:00+10:00,2,4,6,True,2026-08-08,05:40:00,Low
49,2026-08-08 05:40:00+10:00,2,0,2,True,2026-08-08,05:40:00,Low
37,2026-08-08 05:40:00+10:00,1,0,1,True,2026-08-08,05:40:00,Low
41,2026-08-08 05:40:00+10:00,0,3,3,True,2026-08-08,05:40:00,Low
44,2026-08-08 05:40:00+10:00,0,2,2,True,2026-08-08,05:40:00,Low
77,2026-08-08 05:40:00+10:00,0,1,1,True,2026-08-08,05:40:00,Low
133,2026-08-08 05:40:00+10:00,1,1,2,True,2026-08-08,05:40:00,Low
184,2026-08-08 05:40:00+10:00,1,5,6,True,2026-08-08,05:40:00,Low
209,2026-08-08 05:40:00+10:00,0,1,1,True,2026-08-08,05:40:00,Low
23,2026-08-08 05:40:00+10:00,2,1,3,True,2026-08-08,05:40:00,Low
24,2026-08-08 05:40:00+10:00,1,0,1,True,2026-08-08,05:40:00,Low
25,2026-08-08 05:40:00+10:00,0,2,2,True,2026-08-08,05:40:00,Low
51,2026-08-08 05:40:00+10:00,0,1,1,True,2026-08-08,05:40:00,Low
58,2026-08-08 05:40:00+10:00,2,3,5,True,2026-08-08,05:40:00,Low
164,2026-08-08 05:40:00+10:00,1,1,2,True,2026-08-08,05:40:00,Low
41,2026-08-08 05:39:00+10:00,1,0,1,True,2026-08-08,05:39:00,Low
181,2026-08-08 05:39:00+10:00,0,1,1,True,2026-08-08,05:39:00,Low
87,2026-08-08 05:39:00+10:00,1,1,2,True,2026-08-08,05:39:00,Low
79,2026-08-08 05:39:00+10:00,1,1,2,True,2026-08-08,05:39:00,Low
17,2026-08-08 05:39:00+10:00,1,0,1,True,2026-08-08,05:39:00,Low
24,2026-08-08 05:39:00+10:00,2,2,4,True,2026-08-08,05:39:00,Low
35,2026-08-08 05:39:00+10:00,0,1,1,True,2026-08-08,05:39:00,Low
3,2026-08-08 05:39:00+10:00,1,0,1,True,2026-08-08,05:39:00,Low
71,2026-08-08 05:39:00+10:00,0,1,1,True,2026-08-08,05:39:00,Low
41,2026-08-08 05:38:00+10:00,0,4,4,True,2026-08-08,05:38:00,Low
4,2026-08-08 05:38:00+10:00,1,0,1,True,2026-08-08,05:38:00,Low
209,2026-08-08 05:38:00+10:00,0,1,1,True,2026-08-08,05:38:00,Low
10,2026-08-08 05:38:00+10:00,1,0,1,True,2026-08-08,05:38:00,Low
19,2026-08-08 05:38:00+10:00,2,0,2,True,2026-08-08,05:38:00,Low
24,2026-08-08 05:38:00+10:00,2,0,2,True,2026-08-08,05:38:00,Low
53,2026-08-08 05:38:00+10:00,1,1,2,True,2026-08-08,05:38:00,Low
56,2026-08-08 05:38:00+10:00,2,1,3,True,2026-08-08,05:38:00,Low
3,2026-08-08 05:38:00+10:00,1,3,4,True,2026-08-08,05:38:00,Low
72,2026-08-08 05:37:00+10:00,0,1,1,True,2026-08-08,05:37:00,Low
87,2026-08-08 05:37:00+10:00,1,1,2,True,2026-08-08,05:37:00,Low
41,2026-08-08 05:37:00+10:00,0,1,1,True,2026-08-08,05:37:00,Low
181,2026-08-08 05:37:00+10:00,0,1,1,True,2026-08-08,05:37:00,Low
17,2026-08-08 05:37:00+10:00,0,1,1,True,2026-08-08,05:37:00,Low
187,2026-08-08 05:37:00+10:00,1,0,1,True,2026-08-08,05:37:00,Low
3,2026-08-08 05:36:00+10:00,1,0,1,True,2026-08-08,05:36:00,Low
4,2026-08-08 05:36:00+10:00,2,2,4,True,2026-08-08,05:36:00,Low
40,2026-08-08 05:36:00+10:00,1,0,1,True,2026-08-08,05:36:00,Low
41,2026-08-08 05:36:00+10:00,2,2,4,True,2026-08-08,05:36:00,Low
52,2026-08-08 05:36:00+10:00,1,0,1,True,2026-08-08,05:36:00,Low
17,2026-08-08 05:36:00+10:00,1,0,1,True,2026-08-08,05:36:00,Low
24,2026-08-08 05:36:00+10:00,2,2,4,True,2026-08-08,05:36:00,Low
56,2026-08-08 05:36:00+10:00,0,6,6,True,2026-08-08,05:36:00,Low
87,2026-08-08 05:36:00+10:00,1,0,1,True,2026-08-08,05:36:00,Low
25,2026-08-08 05:35:00+10:00,0,1,1,True,2026-08-08,05:35:00,Low
62,2026-08-08 05:35:00+10:00,2,0,2,True,2026-08-08,05:35:00,Low
79,2026-08-08 05:35:00+10:00,0,1,1,True,2026-08-08,05:35:00,Low
142,2026-08-08 05:35:00+10:00,0,1,1,True,2026-08-08,05:35:00,Low
45,2026-08-08 05:35:00+10:00,1,2,3,True,2026-08-08,05:35:00,Low
84,2026-08-08 05:35:00+10:00,0,3,3,True,2026-08-08,05:35:00,Low
131,2026-08-08 05:35:00+10:00,2,1,3,True,2026-08-08,05:35:00,Low
134,2026-08-08 05:35:00+10:00,2,1,3,True,2026-08-08,05:35:00,Low
143,2026-08-08 05:35:00+10:00,3,0,3,True,2026-08-08,05:35:00,Low
162,2026-08-08 05:35:00+10:00,3,1,4,True,2026-08-08,05:35:00,Low
5,2026-08-08 05:35:00+10:00,2,3,5,True,2026-08-08,05:35:00,Low
36,2026-08-08 05:35:00+10:00,2,0,2,True,2026-08-08,05:35:00,Low
133,2026-08-08 05:35:00+10:00,1,2,3,True,2026-08-08,05:35:00,Low
182,2026-08-08 05:35:00+10:00,3,1,4,True,2026-08-08,05:35:00,Low
184,2026-08-08 05:35:00+10:00,2,0,2,True,2026-08-08,05:35:00,Low
2,2026-08-08 05:35:00+10:00,0,1,1,True,2026-08-08,05:35:00,Low
30,2026-08-08 05:35:00+10:00,6,1,7,True,2026-08-08,05:35:00,Low
117,2026-08-08 05:35:00+10:00,0,2,2,True,2026-08-08,05:35:00,Low
141,2026-08-08 05:35:00+10:00,0,1,1,True,2026-08-08,05:35:00,Low
185,2026-08-08 05:35:00+10:00,1,1,2,True,2026-08-08,05:35:00,Low
209,2026-08-08 05:35:00+10:00,0,1,1,True,2026-08-08,05:35:00,Low
23,2026-08-08 05:35:00+10:00,2,1,3,True,2026-08-08,05:35:00,Low
49,2026-08-08 05:35:00+10:00,0,1,1,True,2026-08-08,05:35:00,Low
58,2026-08-08 05:35:00+10:00,1,3,4,True,2026-08-08,05:35:00,Low
109,2026-08-08 05:35:00+10:00,0,3,3,True,2026-08-08,05:35:00,Low
164,2026-08-08 05:35:00+10:00,0,1,1,True,2026-08-08,05:35:00,Low
21,2026-08-08 05:35:00+10:00,0,2,2,True,2026-08-08,05:35:00,Low
29,2026-08-08 05:35:00+10:00,0,2,2,True,2026-08-08,05:35:00,Low
41,2026-08-08 05:35:00+10:00,2,0,2,True,2026-08-08,05:35:00,Low
47,2026-08-08 05:35:00+10:00,0,5,5,True,2026-08-08,05:35:00,Low
59,2026-08-08 05:35:00+10:00,1,1,2,True,2026-08-08,05:35:00,Low
66,2026-08-08 05:35:00+10:00,0,1,1,True,2026-08-08,05:35:00,Low
77,2026-08-08 05:35:00+10:00,1,0,1,True,2026-08-08,05:35:00,Low
135,2026-08-08 05:35:00+10:00,1,0,1,True,2026-08-08,05:35:00,Low
165,2026-08-08 05:35:00+10:00,0,1,1,True,2026-08-08,05:35:00,Low
166,2026-08-08 05:35:00+10:00,0,1,1,True,2026-08-08,05:35:00,Low
4,2026-08-08 05:34:00+10:00,2,1,3,True,2026-08-08,05:34:00,Low
6,2026-08-08 05:34:00+10:00,1,0,1,True,2026-08-08,05:34:00,Low
41,2026-08-08 05:34:00+10:00,2,1,3,True,2026-08-08,05:34:00,Low
66,2026-08-08 05:34:00+10:00,1,0,1,True,2026-08-08,05:34:00,Low
75,2026-08-08 05:34:00+10:00,2,0,2,True,2026-08-08,05:34:00,Low
29,2026-08-08 05:34:00+10:00,0,1,1,True,2026-08-08,05:34:00,Low
209,2026-08-08 05:34:00+10:00,1,0,1,True,2026-08-08,05:34:00,Low
17,2026-08-08 05:34:00+10:00,0,1,1,True,2026-08-08,05:34:00,Low
24,2026-08-08 05:34:00+10:00,2,0,2,True,2026-08-08,05:34:00,Low
35,2026-08-08 05:34:00+10:00,1,0,1,True,2026-08-08,05:34:00,Low
79,2026-08-08 05:34:00+10:00,2,0,2,True,2026-08-08,05:34:00,Low
51,2026-08-08 05:33:00+10:00,1,0,1,True,2026-08-08,05:33:00,Low
52,2026-08-08 05:33:00+10:00,1,0,1,True,2026-08-08,05:33:00,Low
6,2026-08-08 05:33:00+10:00,0,2,2,True,2026-08-08,05:33:00,Low
24,2026-08-08 05:33:00+10:00,2,1,3,True,2026-08-08,05:33:00,Low
63,2026-08-08 05:33:00+10:00,0,1,1,True,2026-08-08,05:33:00,Low
1,2026-08-08 05:33:00+10:00,3,0,3,True,2026-08-08,05:33:00,Low
20,2026-08-08 05:33:00+10:00,0,2,2,True,2026-08-08,05:33:00,Low
53,2026-08-08 05:33:00+10:00,1,1,2,True,2026-08-08,05:33:00,Low
62,2026-08-08 05:33:00+10:00,1,0,1,True,2026-08-08,05:33:00,Low
36,2026-08-08 05:33:00+10:00,0,1,1,True,2026-08-08,05:33:00,Low
75,2026-08-08 05:33:00+10:00,1,0,1,True,2026-08-08,05:33:00,Low
20,2026-08-08 05:32:00+10:00,0,1,1,True,2026-08-08,05:32:00,Low
56,2026-08-08 05:32:00+10:00,2,0,2,True,2026-08-08,05:32:00,Low
40,2026-08-08 05:32:00+10:00,0,1,1,True,2026-08-08,05:32:00,Low
35,2026-08-08 05:32:00+10:00,1,0,1,True,2026-08-08,05:32:00,Low
19,2026-08-08 05:32:00+10:00,1,0,1,True,2026-08-08,05:32:00,Low
53,2026-08-08 05:32:00+10:00,0,1,1,True,2026-08-08,05:32:00,Low
63,2026-08-08 05:32:00+10:00,2,0,2,True,2026-08-08,05:32:00,Low
181,2026-08-08 05:32:00+10:00,0,2,2,True,2026-08-08,05:32:00,Low
1,2026-08-08 05:31:00+10:00,0,1,1,True,2026-08-08,05:31:00,Low
35,2026-08-08 05:31:00+10:00,0,1,1,True,2026-08-08,05:31:00,Low
79,2026-08-08 05:31:00+10:00,2,1,3,True,2026-08-08,05:31:00,Low
3,2026-08-08 05:31:00+10:00,1,0,1,True,2026-08-08,05:31:00,Low
41,2026-08-08 05:31:00+10:00,2,0,2,True,2026-08-08,05:31:00,Low
17,2026-08-08 05:31:00+10:00,1,0,1,True,2026-08-08,05:31:00,Low
24,2026-08-08 05:31:00+10:00,1,1,2,True,2026-08-08,05:31:00,Low
10,2026-08-08 05:31:00+10:00,0,1,1,True,2026-08-08,05:31:00,Low
19,2026-08-08 05:31:00+10:00,0,1,1,True,2026-08-08,05:31:00,Low
182,2026-08-08 05:30:00+10:00,0,2,2,True,2026-08-08,05:30:00,Low
184,2026-08-08 05:30:00+10:00,0,1,1,True,2026-08-08,05:30:00,Low
209,2026-08-08 05:30:00+10:00,0,1,1,True,2026-08-08,05:30:00,Low
48,2026-08-08 05:30:00+10:00,3,0,3,True,2026-08-08,05:30:00,Low
76,2026-08-08 05:30:00+10:00,1,0,1,True,2026-08-08,05:30:00,Low
79,2026-08-08 05:30:00+10:00,0,1,1,True,2026-08-08,05:30:00,Low
141,2026-08-08 05:30:00+10:00,1,1,2,True,2026-08-08,05:30:00,Low
21,2026-08-08 05:30:00+10:00,5,2,7,True,2026-08-08,05:30:00,Low
45,2026-08-08 05:30:00+10:00,0,3,3,True,2026-08-08,05:30:00,Low
3,2026-08-08 05:30:00+10:00,1,0,1,True,2026-08-08,05:30:00,Low
5,2026-08-08 05:30:00+10:00,1,4,5,True,2026-08-08,05:30:00,Low
6,2026-08-08 05:30:00+10:00,1,2,3,True,2026-08-08,05:30:00,Low
59,2026-08-08 05:30:00+10:00,1,0,1,True,2026-08-08,05:30:00,Low
131,2026-08-08 05:30:00+10:00,0,1,1,True,2026-08-08,05:30:00,Low
134,2026-08-08 05:30:00+10:00,3,2,5,True,2026-08-08,05:30:00,Low
135,2026-08-08 05:30:00+10:00,0,1,1,True,2026-08-08,05:30:00,Low
181,2026-08-08 05:30:00+10:00,0,1,1,True,2026-08-08,05:30:00,Low
1,2026-08-08 05:30:00+10:00,1,0,1,True,2026-08-08,05:30:00,Low
58,2026-08-08 05:30:00+10:00,0,1,1,True,2026-08-08,05:30:00,Low
109,2026-08-08 05:30:00+10:00,2,1,3,True,2026-08-08,05:30:00,Low
117,2026-08-08 05:30:00+10:00,0,1,1,True,2026-08-08,05:30:00,Low
185,2026-08-08 05:30:00+10:00,4,4,8,True,2026-08-08,05:30:00,Low
2,2026-08-08 05:30:00+10:00,0,1,1,True,2026-08-08,05:30:00,Low
23,2026-08-08 05:30:00+10:00,1,2,3,True,2026-08-08,05:30:00,Low
25,2026-08-08 05:30:00+10:00,4,1,5,True,2026-08-08,05:30:00,Low
30,2026-08-08 05:30:00+10:00,2,2,4,True,2026-08-08,05:30:00,Low
49,2026-08-08 05:30:00+10:00,1,0,1,True,2026-08-08,05:30:00,Low
4,2026-08-08 05:30:00+10:00,0,1,1,True,2026-08-08,05:30:00,Low
29,2026-08-08 05:30:00+10:00,0,1,1,True,2026-08-08,05:30:00,Low
41,2026-08-08 05:30:00+10:00,2,2,4,True,2026-08-08,05:30:00,Low
47,2026-08-08 05:30:00+10:00,0,4,4,True,2026-08-08,05:30:00,Low
70,2026-08-08 05:30:00+10:00,2,0,2,True,2026-08-08,05:30:00,Low
84,2026-08-08 05:30:00+10:00,3,3,6,True,2026-08-08,05:30:00,Low
132,2026-08-08 05:30:00+10:00,0,1,1,True,2026-08-08,05:30:00,Low
133,2026-08-08 05:30:00+10:00,3,6,9,True,2026-08-08,05:30:00,Low
143,2026-08-08 05:30:00+10:00,3,1,4,True,2026-08-08,05:30:00,Low
162,2026-08-08 05:30:00+10:00,2,2,4,True,2026-08-08,05:30:00,Low
165,2026-08-08 05:30:00+10:00,0,1,1,True,2026-08-08,05:30:00,Low
63,2026-08-08 05:29:00+10:00,0,4,4,True,2026-08-08,05:29:00,Low
4,2026-08-08 05:29:00+10:00,2,0,2,True,2026-08-08,05:29:00,Low
29,2026-08-08 05:29:00+10:00,1,1,2,True,2026-08-08,05:29:00,Low
41,2026-08-08 05:29:00+10:00,1,3,4,True,2026-08-08,05:29:00,Low
6,2026-08-08 05:29:00+10:00,1,3,4,True,2026-08-08,05:29:00,Low
61,2026-08-08 05:29:00+10:00,0,1,1,True,2026-08-08,05:29:00,Low
71,2026-08-08 05:29:00+10:00,0,1,1,True,2026-08-08,05:29:00,Low
181,2026-08-08 05:29:00+10:00,8,1,9,True,2026-08-08,05:29:00,Low
17,2026-08-08 05:29:00+10:00,1,1,2,True,2026-08-08,05:29:00,Low
52,2026-08-08 05:29:00+10:00,0,1,1,True,2026-08-08,05:29:00,Low
72,2026-08-08 05:29:00+10:00,0,1,1,True,2026-08-08,05:29:00,Low
1,2026-08-08 05:28:00+10:00,0,2,2,True,2026-08-08,05:28:00,Low
4,2026-08-08 05:28:00+10:00,1,0,1,True,2026-08-08,05:28:00,Low
31,2026-08-08 05:28:00+10:00,0,1,1,True,2026-08-08,05:28:00,Low
39,2026-08-08 05:28:00+10:00,4,0,4,True,2026-08-08,05:28:00,Low
20,2026-08-08 05:28:00+10:00,0,1,1,True,2026-08-08,05:28:00,Low
56,2026-08-08 05:28:00+10:00,0,2,2,True,2026-08-08,05:28:00,Low
35,2026-08-08 05:28:00+10:00,1,0,1,True,2026-08-08,05:28:00,Low
86,2026-08-08 05:28:00+10:00,1,0,1,True,2026-08-08,05:28:00,Low
6,2026-08-08 05:28:00+10:00,0,2,2,True,2026-08-08,05:28:00,Low
42,2026-08-08 05:28:00+10:00,0,1,1,True,2026-08-08,05:28:00,Low
17,2026-08-08 05:27:00+10:00,1,2,3,True,2026-08-08,05:27:00,Low
53,2026-08-08 05:27:00+10:00,0,1,1,True,2026-08-08,05:27:00,Low
75,2026-08-08 05:27:00+10:00,0,1,1,True,2026-08-08,05:27:00,Low
41,2026-08-08 05:27:00+10:00,0,2,2,True,2026-08-08,05:27:00,Low
24,2026-08-08 05:27:00+10:00,2,0,2,True,2026-08-08,05:27:00,Low
63,2026-08-08 05:27:00+10:00,1,0,1,True,2026-08-08,05:27:00,Low
19,2026-08-08 05:27:00+10:00,0,1,1,True,2026-08-08,05:27:00,Low
35,2026-08-08 05:26:00+10:00,0,1,1,True,2026-08-08,05:26:00,Low
79,2026-08-08 05:26:00+10:00,1,0,1,True,2026-08-08,05:26:00,Low
6,2026-08-08 05:26:00+10:00,1,0,1,True,2026-08-08,05:26:00,Low
39,2026-08-08 05:26:00+10:00,1,0,1,True,2026-08-08,05:26:00,Low
61,2026-08-08 05:26:00+10:00,1,0,1,True,2026-08-08,05:26:00,Low
4,2026-08-08 05:26:00+10:00,0,1,1,True,2026-08-08,05:26:00,Low
209,2026-08-08 05:26:00+10:00,1,1,2,True,2026-08-08,05:26:00,Low
17,2026-08-08 05:26:00+10:00,1,0,1,True,2026-08-08,05:26:00,Low
53,2026-08-08 05:26:00+10:00,1,0,1,True,2026-08-08,05:26:00,Low
181,2026-08-08 05:26:00+10:00,0,3,3,True,2026-08-08,05:26:00,Low
182,2026-08-08 05:25:00+10:00,2,4,6,True,2026-08-08,05:25:00,Low
185,2026-08-08 05:25:00+10:00,1,2,3,True,2026-08-08,05:25:00,Low
30,2026-08-08 05:25:00+10:00,4,0,4,True,2026-08-08,05:25:00,Low
5,2026-08-08 05:25:00+10:00,3,1,4,True,2026-08-08,05:25:00,Low
59,2026-08-08 05:25:00+10:00,1,4,5,True,2026-08-08,05:25:00,Low
179,2026-08-08 05:25:00+10:00,0,2,2,True,2026-08-08,05:25:00,Low
47,2026-08-08 05:25:00+10:00,0,1,1,True,2026-08-08,05:25:00,Low
131,2026-08-08 05:25:00+10:00,1,2,3,True,2026-08-08,05:25:00,Low
134,2026-08-08 05:25:00+10:00,11,2,13,True,2026-08-08,05:25:00,Low
135,2026-08-08 05:25:00+10:00,1,0,1,True,2026-08-08,05:25:00,Low
162,2026-08-08 05:25:00+10:00,3,4,7,True,2026-08-08,05:25:00,Low
167,2026-08-08 05:25:00+10:00,0,2,2,True,2026-08-08,05:25:00,Low
24,2026-08-08 05:25:00+10:00,1,2,3,True,2026-08-08,05:25:00,Low
49,2026-08-08 05:25:00+10:00,1,0,1,True,2026-08-08,05:25:00,Low
58,2026-08-08 05:25:00+10:00,2,0,2,True,2026-08-08,05:25:00,Low
117,2026-08-08 05:25:00+10:00,2,0,2,True,2026-08-08,05:25:00,Low
164,2026-08-08 05:25:00+10:00,0,2,2,True,2026-08-08,05:25:00,Low
184,2026-08-08 05:25:00+10:00,1,2,3,True,2026-08-08,05:25:00,Low
209,2026-08-08 05:25:00+10:00,0,1,1,True,2026-08-08,05:25:00,Low
25,2026-08-08 05:25:00+10:00,1,1,2,True,2026-08-08,05:25:00,Low
3,2026-08-08 05:25:00+10:00,2,0,2,True,2026-08-08,05:25:00,Low
45,2026-08-08 05:25:00+10:00,1,3,4,True,2026-08-08,05:25:00,Low
54,2026-08-08 05:25:00+10:00,2,0,2,True,2026-08-08,05:25:00,Low
133,2026-08-08 05:25:00+10:00,1,4,5,True,2026-08-08,05:25:00,Low
143,2026-08-08 05:25:00+10:00,2,0,2,True,2026-08-08,05:25:00,Low
181,2026-08-08 05:25:00+10:00,1,2,3,True,2026-08-08,05:25:00,Low
3,2026-08-08 05:24:00+10:00,4,1,5,True,2026-08-08,05:24:00,Low
66,2026-08-08 05:24:00+10:00,0,1,1,True,2026-08-08,05:24:00,Low
17,2026-08-08 05:24:00+10:00,1,0,1,True,2026-08-08,05:24:00,Low
56,2026-08-08 05:24:00+10:00,7,0,7,True,2026-08-08,05:24:00,Low
79,2026-08-08 05:24:00+10:00,2,0,2,True,2026-08-08,05:24:00,Low
31,2026-08-08 05:24:00+10:00,1,0,1,True,2026-08-08,05:24:00,Low
4,2026-08-08 05:24:00+10:00,2,1,3,True,2026-08-08,05:24:00,Low
41,2026-08-08 05:24:00+10:00,0,1,1,True,2026-08-08,05:24:00,Low
62,2026-08-08 05:24:00+10:00,0,4,4,True,2026-08-08,05:24:00,Low
4,2026-08-08 05:23:00+10:00,0,1,1,True,2026-08-08,05:23:00,Low
39,2026-08-08 05:23:00+10:00,1,0,1,True,2026-08-08,05:23:00,Low
41,2026-08-08 05:23:00+10:00,1,2,3,True,2026-08-08,05:23:00,Low
35,2026-08-08 05:23:00+10:00,1,1,2,True,2026-08-08,05:23:00,Low
63,2026-08-08 05:23:00+10:00,0,1,1,True,2026-08-08,05:23:00,Low
6,2026-08-08 05:23:00+10:00,2,0,2,True,2026-08-08,05:23:00,Low
9,2026-08-08 05:23:00+10:00,0,1,1,True,2026-08-08,05:23:00,Low
35,2026-08-08 05:22:00+10:00,1,0,1,True,2026-08-08,05:22:00,Low
3,2026-08-08 05:22:00+10:00,1,0,1,True,2026-08-08,05:22:00,Low
4,2026-08-08 05:22:00+10:00,1,0,1,True,2026-08-08,05:22:00,Low
40,2026-08-08 05:22:00+10:00,1,1,2,True,2026-08-08,05:22:00,Low
41,2026-08-08 05:22:00+10:00,0,1,1,True,2026-08-08,05:22:00,Low
79,2026-08-08 05:22:00+10:00,0,1,1,True,2026-08-08,05:22:00,Low
41,2026-08-08 05:21:00+10:00,2,1,3,True,2026-08-08,05:21:00,Low
66,2026-08-08 05:21:00+10:00,0,2,2,True,2026-08-08,05:21:00,Low
24,2026-08-08 05:21:00+10:00,1,0,1,True,2026-08-08,05:21:00,Low
56,2026-08-08 05:21:00+10:00,2,0,2,True,2026-08-08,05:21:00,Low
63,2026-08-08 05:21:00+10:00,0,5,5,True,2026-08-08,05:21:00,Low
67,2026-08-08 05:21:00+10:00,0,1,1,True,2026-08-08,05:21:00,Low
72,2026-08-08 05:21:00+10:00,0,1,1,True,2026-08-08,05:21:00,Low
35,2026-08-08 05:21:00+10:00,1,1,2,True,2026-08-08,05:21:00,Low
62,2026-08-08 05:21:00+10:00,2,0,2,True,2026-08-08,05:21:00,Low
40,2026-08-08 05:21:00+10:00,1,0,1,True,2026-08-08,05:21:00,Low
75,2026-08-08 05:21:00+10:00,1,0,1,True,2026-08-08,05:21:00,Low
79,2026-08-08 05:21:00+10:00,1,0,1,True,2026-08-08,05:21:00,Low
5,2026-08-08 05:20:00+10:00,1,1,2,True,2026-08-08,05:20:00,Low
21,2026-08-08 05:20:00+10:00,0,1,1,True,2026-08-08,05:20:00,Low
131,2026-08-08 05:20:00+10:00,0,2,2,True,2026-08-08,05:20:00,Low
135,2026-08-08 05:20:00+10:00,1,2,3,True,2026-08-08,05:20:00,Low
185,2026-08-08 05:20:00+10:00,0,1,1,True,2026-08-08,05:20:00,Low
48,2026-08-08 05:20:00+10:00,1,0,1,True,2026-08-08,05:20:00,Low
109,2026-08-08 05:20:00+10:00,1,0,1,True,2026-08-08,05:20:00,Low
30,2026-08-08 05:20:00+10:00,2,2,4,True,2026-08-08,05:20:00,Low
35,2026-08-08 05:20:00+10:00,2,0,2,True,2026-08-08,05:20:00,Low
58,2026-08-08 05:20:00+10:00,1,3,4,True,2026-08-08,05:20:00,Low
164,2026-08-08 05:20:00+10:00,1,0,1,True,2026-08-08,05:20:00,Low
3,2026-08-08 05:20:00+10:00,5,0,5,True,2026-08-08,05:20:00,Low
43,2026-08-08 05:20:00+10:00,0,4,4,True,2026-08-08,05:20:00,Low
44,2026-08-08 05:20:00+10:00,0,2,2,True,2026-08-08,05:20:00,Low
54,2026-08-08 05:20:00+10:00,3,0,3,True,2026-08-08,05:20:00,Low
107,2026-08-08 05:20:00+10:00,1,0,1,True,2026-08-08,05:20:00,Low
134,2026-08-08 05:20:00+10:00,3,1,4,True,2026-08-08,05:20:00,Low
143,2026-08-08 05:20:00+10:00,0,1,1,True,2026-08-08,05:20:00,Low
182,2026-08-08 05:20:00+10:00,4,3,7,True,2026-08-08,05:20:00,Low
41,2026-08-08 05:20:00+10:00,0,1,1,True,2026-08-08,05:20:00,Low
45,2026-08-08 05:20:00+10:00,0,6,6,True,2026-08-08,05:20:00,Low
47,2026-08-08 05:20:00+10:00,0,4,4,True,2026-08-08,05:20:00,Low
59,2026-08-08 05:20:00+10:00,7,1,8,True,2026-08-08,05:20:00,Low
61,2026-08-08 05:20:00+10:00,0,1,1,True,2026-08-08,05:20:00,Low
133,2026-08-08 05:20:00+10:00,3,3,6,True,2026-08-08,05:20:00,Low
181,2026-08-08 05:20:00+10:00,0,2,2,True,2026-08-08,05:20:00,Low
184,2026-08-08 05:20:00+10:00,1,2,3,True,2026-08-08,05:20:00,Low
23,2026-08-08 05:20:00+10:00,1,0,1,True,2026-08-08,05:20:00,Low
52,2026-08-08 05:20:00+10:00,0,2,2,True,2026-08-08,05:20:00,Low
63,2026-08-08 05:20:00+10:00,0,1,1,True,2026-08-08,05:20:00,Low
117,2026-08-08 05:20:00+10:00,2,0,2,True,2026-08-08,05:20:00,Low
141,2026-08-08 05:20:00+10:00,1,1,2,True,2026-08-08,05:20:00,Low
142,2026-08-08 05:20:00+10:00,0,1,1,True,2026-08-08,05:20:00,Low
9,2026-08-08 05:19:00+10:00,0,1,1,True,2026-08-08,05:19:00,Low
72,2026-08-08 05:19:00+10:00,0,1,1,True,2026-08-08,05:19:00,Low
24,2026-08-08 05:19:00+10:00,0,1,1,True,2026-08-08,05:19:00,Low
56,2026-08-08 05:19:00+10:00,4,0,4,True,2026-08-08,05:19:00,Low
63,2026-08-08 05:19:00+10:00,0,1,1,True,2026-08-08,05:19:00,Low
181,2026-08-08 05:19:00+10:00,2,1,3,True,2026-08-08,05:19:00,Low
36,2026-08-08 05:19:00+10:00,0,2,2,True,2026-08-08,05:19:00,Low
61,2026-08-08 05:19:00+10:00,1,0,1,True,2026-08-08,05:19:00,Low
3,2026-08-08 05:18:00+10:00,0,1,1,True,2026-08-08,05:18:00,Low
41,2026-08-08 05:18:00+10:00,0,1,1,True,2026-08-08,05:18:00,Low
9,2026-08-08 05:18:00+10:00,1,0,1,True,2026-08-08,05:18:00,Low
36,2026-08-08 05:18:00+10:00,0,2,2,True,2026-08-08,05:18:00,Low
56,2026-08-08 05:18:00+10:00,4,0,4,True,2026-08-08,05:18:00,Low
79,2026-08-08 05:18:00+10:00,1,0,1,True,2026-08-08,05:18:00,Low
209,2026-08-08 05:17:00+10:00,1,0,1,True,2026-08-08,05:17:00,Low
9,2026-08-08 05:17:00+10:00,1,0,1,True,2026-08-08,05:17:00,Low
63,2026-08-08 05:17:00+10:00,1,0,1,True,2026-08-08,05:17:00,Low
56,2026-08-08 05:17:00+10:00,0,1,1,True,2026-08-08,05:17:00,Low
17,2026-08-08 05:17:00+10:00,0,1,1,True,2026-08-08,05:17:00,Low
181,2026-08-08 05:17:00+10:00,0,2,2,True,2026-08-08,05:17:00,Low
24,2026-08-08 05:17:00+10:00,0,2,2,True,2026-08-08,05:17:00,Low
3,2026-08-08 05:16:00+10:00,3,0,3,True,2026-08-08,05:16:00,Low
4,2026-08-08 05:16:00+10:00,1,0,1,True,2026-08-08,05:16:00,Low
6,2026-08-08 05:16:00+10:00,1,0,1,True,2026-08-08,05:16:00,Low
41,2026-08-08 05:16:00+10:00,1,2,3,True,2026-08-08,05:16:00,Low
2,2026-08-08 05:16:00+10:00,1,0,1,True,2026-08-08,05:16:00,Low
24,2026-08-08 05:16:00+10:00,0,2,2,True,2026-08-08,05:16:00,Low
51,2026-08-08 05:16:00+10:00,1,0,1,True,2026-08-08,05:16:00,Low
61,2026-08-08 05:16:00+10:00,1,1,2,True,2026-08-08,05:16:00,Low
29,2026-08-08 05:16:00+10:00,0,1,1,True,2026-08-08,05:16:00,Low
53,2026-08-08 05:16:00+10:00,1,0,1,True,2026-08-08,05:16:00,Low
5,2026-08-08 05:15:00+10:00,2,3,5,True,2026-08-08,05:15:00,Low
6,2026-08-08 05:15:00+10:00,1,0,1,True,2026-08-08,05:15:00,Low
21,2026-08-08 05:15:00+10:00,9,5,14,True,2026-08-08,05:15:00,Low
47,2026-08-08 05:15:00+10:00,3,3,6,True,2026-08-08,05:15:00,Low
54,2026-08-08 05:15:00+10:00,1,1,2,True,2026-08-08,05:15:00,Low
77,2026-08-08 05:15:00+10:00,1,0,1,True,2026-08-08,05:15:00,Low
143,2026-08-08 05:15:00+10:00,1,0,1,True,2026-08-08,05:15:00,Low
182,2026-08-08 05:15:00+10:00,2,3,5,True,2026-08-08,05:15:00,Low
184,2026-08-08 05:15:00+10:00,0,1,1,True,2026-08-08,05:15:00,Low
20,2026-08-08 05:15:00+10:00,0,2,2,True,2026-08-08,05:15:00,Low
58,2026-08-08 05:15:00+10:00,2,3,5,True,2026-08-08,05:15:00,Low
109,2026-08-08 05:15:00+10:00,1,0,1,True,2026-08-08,05:15:00,Low
27,2026-08-08 05:15:00+10:00,0,1,1,True,2026-08-08,05:15:00,Low
56,2026-08-08 05:15:00+10:00,1,0,1,True,2026-08-08,05:15:00,Low
79,2026-08-08 05:15:00+10:00,0,1,1,True,2026-08-08,05:15:00,Low
131,2026-08-08 05:15:00+10:00,3,1,4,True,2026-08-08,05:15:00,Low
134,2026-08-08 05:15:00+10:00,2,3,5,True,2026-08-08,05:15:00,Low
135,2026-08-08 05:15:00+10:00,0,1,1,True,2026-08-08,05:15:00,Low
185,2026-08-08 05:15:00+10:00,4,3,7,True,2026-08-08,05:15:00,Low
3,2026-08-08 05:15:00+10:00,0,1,1,True,2026-08-08,05:15:00,Low
4,2026-08-08 05:15:00+10:00,1,0,1,True,2026-08-08,05:15:00,Low
45,2026-08-08 05:15:00+10:00,2,1,3,True,2026-08-08,05:15:00,Low
59,2026-08-08 05:15:00+10:00,4,0,4,True,2026-08-08,05:15:00,Low
84,2026-08-08 05:15:00+10:00,1,1,2,True,2026-08-08,05:15:00,Low
87,2026-08-08 05:15:00+10:00,0,2,2,True,2026-08-08,05:15:00,Low
132,2026-08-08 05:15:00+10:00,2,1,3,True,2026-08-08,05:15:00,Low
133,2026-08-08 05:15:00+10:00,1,0,1,True,2026-08-08,05:15:00,Low
162,2026-08-08 05:15:00+10:00,5,1,6,True,2026-08-08,05:15:00,Low
181,2026-08-08 05:15:00+10:00,1,0,1,True,2026-08-08,05:15:00,Low
23,2026-08-08 05:15:00+10:00,1,1,2,True,2026-08-08,05:15:00,Low
24,2026-08-08 05:15:00+10:00,0,1,1,True,2026-08-08,05:15:00,Low
30,2026-08-08 05:15:00+10:00,7,2,9,True,2026-08-08,05:15:00,Low
48,2026-08-08 05:15:00+10:00,0,1,1,True,2026-08-08,05:15:00,Low
141,2026-08-08 05:15:00+10:00,2,0,2,True,2026-08-08,05:15:00,Low
161,2026-08-08 05:15:00+10:00,1,0,1,True,2026-08-08,05:15:00,Low
3,2026-08-08 05:14:00+10:00,0,1,1,True,2026-08-08,05:14:00,Low
209,2026-08-08 05:14:00+10:00,2,0,2,True,2026-08-08,05:14:00,Low
35,2026-08-08 05:14:00+10:00,1,0,1,True,2026-08-08,05:14:00,Low
41,2026-08-08 05:14:00+10:00,0,2,2,True,2026-08-08,05:14:00,Low
61,2026-08-08 05:14:00+10:00,0,2,2,True,2026-08-08,05:14:00,Low
66,2026-08-08 05:14:00+10:00,1,0,1,True,2026-08-08,05:14:00,Low
181,2026-08-08 05:14:00+10:00,0,2,2,True,2026-08-08,05:14:00,Low
79,2026-08-08 05:14:00+10:00,1,0,1,True,2026-08-08,05:14:00,Low
3,2026-08-08 05:13:00+10:00,2,0,2,True,2026-08-08,05:13:00,Low
41,2026-08-08 05:13:00+10:00,1,0,1,True,2026-08-08,05:13:00,Low
66,2026-08-08 05:13:00+10:00,0,2,2,True,2026-08-08,05:13:00,Low
53,2026-08-08 05:13:00+10:00,1,0,1,True,2026-08-08,05:13:00,Low
187,2026-08-08 05:13:00+10:00,0,1,1,True,2026-08-08,05:13:00,Low
29,2026-08-08 05:13:00+10:00,0,1,1,True,2026-08-08,05:13:00,Low
4,2026-08-08 05:13:00+10:00,1,1,2,True,2026-08-08,05:13:00,Low
6,2026-08-08 05:13:00+10:00,1,0,1,True,2026-08-08,05:13:00,Low
56,2026-08-08 05:13:00+10:00,0,1,1,True,2026-08-08,05:13:00,Low
63,2026-08-08 05:13:00+10:00,0,1,1,True,2026-08-08,05:13:00,Low
29,2026-08-08 05:12:00+10:00,0,1,1,True,2026-08-08,05:12:00,Low
19,2026-08-08 05:12:00+10:00,1,0,1,True,2026-08-08,05:12:00,Low
72,2026-08-08 05:12:00+10:00,0,1,1,True,2026-08-08,05:12:00,Low
180,2026-08-08 05:12:00+10:00,1,0,1,True,2026-08-08,05:12:00,Low
35,2026-08-08 05:12:00+10:00,1,0,1,True,2026-08-08,05:12:00,Low
41,2026-08-08 05:12:00+10:00,0,1,1,True,2026-08-08,05:12:00,Low
209,2026-08-08 05:12:00+10:00,1,0,1,True,2026-08-08,05:12:00,Low
24,2026-08-08 05:12:00+10:00,1,0,1,True,2026-08-08,05:12:00,Low
41,2026-08-08 05:11:00+10:00,2,1,3,True,2026-08-08,05:11:00,Low
9,2026-08-08 05:11:00+10:00,0,1,1,True,2026-08-08,05:11:00,Low
72,2026-08-08 05:11:00+10:00,0,1,1,True,2026-08-08,05:11:00,Low
56,2026-08-08 05:11:00+10:00,2,0,2,True,2026-08-08,05:11:00,Low
21,2026-08-08 05:10:00+10:00,0,2,2,True,2026-08-08,05:10:00,Low
47,2026-08-08 05:10:00+10:00,1,1,2,True,2026-08-08,05:10:00,Low
59,2026-08-08 05:10:00+10:00,1,5,6,True,2026-08-08,05:10:00,Low
84,2026-08-08 05:10:00+10:00,1,2,3,True,2026-08-08,05:10:00,Low
107,2026-08-08 05:10:00+10:00,1,0,1,True,2026-08-08,05:10:00,Low
131,2026-08-08 05:10:00+10:00,2,2,4,True,2026-08-08,05:10:00,Low
132,2026-08-08 05:10:00+10:00,2,0,2,True,2026-08-08,05:10:00,Low
133,2026-08-08 05:10:00+10:00,1,3,4,True,2026-08-08,05:10:00,Low
135,2026-08-08 05:10:00+10:00,2,1,3,True,2026-08-08,05:10:00,Low
143,2026-08-08 05:10:00+10:00,1,0,1,True,2026-08-08,05:10:00,Low
162,2026-08-08 05:10:00+10:00,1,2,3,True,2026-08-08,05:10:00,Low
35,2026-08-08 05:10:00+10:00,1,1,2,True,2026-08-08,05:10:00,Low
53,2026-08-08 05:10:00+10:00,0,2,2,True,2026-08-08,05:10:00,Low
58,2026-08-08 05:10:00+10:00,5,2,7,True,2026-08-08,05:10:00,Low
109,2026-08-08 05:10:00+10:00,0,1,1,True,2026-08-08,05:10:00,Low
161,2026-08-08 05:10:00+10:00,0,2,2,True,2026-08-08,05:10:00,Low
49,2026-08-08 05:10:00+10:00,3,1,4,True,2026-08-08,05:10:00,Low
56,2026-08-08 05:10:00+10:00,5,0,5,True,2026-08-08,05:10:00,Low
164,2026-08-08 05:10:00+10:00,3,0,3,True,2026-08-08,05:10:00,Low
3,2026-08-08 05:10:00+10:00,1,0,1,True,2026-08-08,05:10:00,Low
40,2026-08-08 05:10:00+10:00,1,0,1,True,2026-08-08,05:10:00,Low
45,2026-08-08 05:10:00+10:00,0,2,2,True,2026-08-08,05:10:00,Low
167,2026-08-08 05:10:00+10:00,1,0,1,True,2026-08-08,05:10:00,Low
184,2026-08-08 05:10:00+10:00,3,2,5,True,2026-08-08,05:10:00,Low
185,2026-08-08 05:10:00+10:00,0,2,2,True,2026-08-08,05:10:00,Low
6,2026-08-08 05:10:00+10:00,0,1,1,True,2026-08-08,05:10:00,Low
41,2026-08-08 05:10:00+10:00,4,1,5,True,2026-08-08,05:10:00,Low
77,2026-08-08 05:10:00+10:00,1,1,2,True,2026-08-08,05:10:00,Low
134,2026-08-08 05:10:00+10:00,2,6,8,True,2026-08-08,05:10:00,Low
182,2026-08-08 05:10:00+10:00,2,1,3,True,2026-08-08,05:10:00,Low
25,2026-08-08 05:10:00+10:00,2,0,2,True,2026-08-08,05:10:00,Low
30,2026-08-08 05:10:00+10:00,5,1,6,True,2026-08-08,05:10:00,Low
141,2026-08-08 05:10:00+10:00,4,3,7,True,2026-08-08,05:10:00,Low
3,2026-08-08 05:09:00+10:00,0,1,1,True,2026-08-08,05:09:00,Low
41,2026-08-08 05:09:00+10:00,0,5,5,True,2026-08-08,05:09:00,Low
69,2026-08-08 05:09:00+10:00,0,1,1,True,2026-08-08,05:09:00,Low
67,2026-08-08 05:09:00+10:00,0,1,1,True,2026-08-08,05:09:00,Low
53,2026-08-08 05:09:00+10:00,0,1,1,True,2026-08-08,05:09:00,Low
56,2026-08-08 05:09:00+10:00,4,0,4,True,2026-08-08,05:09:00,Low
62,2026-08-08 05:09:00+10:00,1,0,1,True,2026-08-08,05:09:00,Low
68,2026-08-08 05:09:00+10:00,0,1,1,True,2026-08-08,05:09:00,Low
62,2026-08-08 05:08:00+10:00,0,1,1,True,2026-08-08,05:08:00,Low
1,2026-08-08 05:08:00+10:00,0,1,1,True,2026-08-08,05:08:00,Low
35,2026-08-08 05:08:00+10:00,1,0,1,True,2026-08-08,05:08:00,Low
4,2026-08-08 05:08:00+10:00,1,1,2,True,2026-08-08,05:08:00,Low
181,2026-08-08 05:08:00+10:00,1,0,1,True,2026-08-08,05:08:00,Low
4,2026-08-08 05:07:00+10:00,0,2,2,True,2026-08-08,05:07:00,Low
40,2026-08-08 05:07:00+10:00,1,0,1,True,2026-08-08,05:07:00,Low
56,2026-08-08 05:07:00+10:00,4,0,4,True,2026-08-08,05:07:00,Low
2,2026-08-08 05:07:00+10:00,1,0,1,True,2026-08-08,05:07:00,Low
63,2026-08-08 05:07:00+10:00,1,0,1,True,2026-08-08,05:07:00,Low
3,2026-08-08 05:07:00+10:00,1,0,1,True,2026-08-08,05:07:00,Low
209,2026-08-08 05:07:00+10:00,0,1,1,True,2026-08-08,05:07:00,Low
17,2026-08-08 05:07:00+10:00,1,0,1,True,2026-08-08,05:07:00,Low
61,2026-08-08 05:06:00+10:00,5,0,5,True,2026-08-08,05:06:00,Low
66,2026-08-08 05:06:00+10:00,0,1,1,True,2026-08-08,05:06:00,Low
56,2026-08-08 05:06:00+10:00,4,0,4,True,2026-08-08,05:06:00,Low
31,2026-08-08 05:06:00+10:00,0,1,1,True,2026-08-08,05:06:00,Low
40,2026-08-08 05:06:00+10:00,2,0,2,True,2026-08-08,05:06:00,Low
41,2026-08-08 05:06:00+10:00,0,1,1,True,2026-08-08,05:06:00,Low
181,2026-08-08 05:06:00+10:00,0,2,2,True,2026-08-08,05:06:00,Low
3,2026-08-08 05:05:00+10:00,0,2,2,True,2026-08-08,05:05:00,Low
21,2026-08-08 05:05:00+10:00,0,1,1,True,2026-08-08,05:05:00,Low
59,2026-08-08 05:05:00+10:00,1,4,5,True,2026-08-08,05:05:00,Low
134,2026-08-08 05:05:00+10:00,4,3,7,True,2026-08-08,05:05:00,Low
143,2026-08-08 05:05:00+10:00,1,0,1,True,2026-08-08,05:05:00,Low
162,2026-08-08 05:05:00+10:00,8,0,8,True,2026-08-08,05:05:00,Low
182,2026-08-08 05:05:00+10:00,1,2,3,True,2026-08-08,05:05:00,Low
58,2026-08-08 05:05:00+10:00,1,0,1,True,2026-08-08,05:05:00,Low
79,2026-08-08 05:05:00+10:00,2,0,2,True,2026-08-08,05:05:00,Low
141,2026-08-08 05:05:00+10:00,2,1,3,True,2026-08-08,05:05:00,Low
5,2026-08-08 05:05:00+10:00,2,0,2,True,2026-08-08,05:05:00,Low
37,2026-08-08 05:05:00+10:00,0,1,1,True,2026-08-08,05:05:00,Low
84,2026-08-08 05:05:00+10:00,1,4,5,True,2026-08-08,05:05:00,Low
135,2026-08-08 05:05:00+10:00,3,4,7,True,2026-08-08,05:05:00,Low
185,2026-08-08 05:05:00+10:00,1,0,1,True,2026-08-08,05:05:00,Low
72,2026-08-08 05:05:00+10:00,0,1,1,True,2026-08-08,05:05:00,Low
109,2026-08-08 05:05:00+10:00,1,0,1,True,2026-08-08,05:05:00,Low
139,2026-08-08 05:05:00+10:00,0,1,1,True,2026-08-08,05:05:00,Low
164,2026-08-08 05:05:00+10:00,4,0,4,True,2026-08-08,05:05:00,Low
41,2026-08-08 05:05:00+10:00,0,3,3,True,2026-08-08,05:05:00,Low
45,2026-08-08 05:05:00+10:00,1,4,5,True,2026-08-08,05:05:00,Low
66,2026-08-08 05:05:00+10:00,0,1,1,True,2026-08-08,05:05:00,Low
77,2026-08-08 05:05:00+10:00,0,1,1,True,2026-08-08,05:05:00,Low
107,2026-08-08 05:05:00+10:00,1,0,1,True,2026-08-08,05:05:00,Low
131,2026-08-08 05:05:00+10:00,0,5,5,True,2026-08-08,05:05:00,Low
133,2026-08-08 05:05:00+10:00,1,7,8,True,2026-08-08,05:05:00,Low
184,2026-08-08 05:05:00+10:00,1,3,4,True,2026-08-08,05:05:00,Low
25,2026-08-08 05:05:00+10:00,1,0,1,True,2026-08-08,05:05:00,Low
30,2026-08-08 05:05:00+10:00,4,2,6,True,2026-08-08,05:05:00,Low
48,2026-08-08 05:05:00+10:00,1,0,1,True,2026-08-08,05:05:00,Low
67,2026-08-08 05:04:00+10:00,2,0,2,True,2026-08-08,05:04:00,Low
41,2026-08-08 05:04:00+10:00,2,0,2,True,2026-08-08,05:04:00,Low
3,2026-08-08 05:04:00+10:00,1,0,1,True,2026-08-08,05:04:00,Low
40,2026-08-08 05:04:00+10:00,0,1,1,True,2026-08-08,05:04:00,Low
181,2026-08-08 05:04:00+10:00,1,2,3,True,2026-08-08,05:04:00,Low
63,2026-08-08 05:04:00+10:00,0,5,5,True,2026-08-08,05:04:00,Low
71,2026-08-08 05:03:00+10:00,0,2,2,True,2026-08-08,05:03:00,Low
181,2026-08-08 05:03:00+10:00,2,1,3,True,2026-08-08,05:03:00,Low
35,2026-08-08 05:03:00+10:00,0,1,1,True,2026-08-08,05:03:00,Low
67,2026-08-08 05:03:00+10:00,0,2,2,True,2026-08-08,05:03:00,Low
41,2026-08-08 05:03:00+10:00,1,1,2,True,2026-08-08,05:03:00,Low
19,2026-08-08 05:03:00+10:00,1,0,1,True,2026-08-08,05:03:00,Low
61,2026-08-08 05:02:00+10:00,1,0,1,True,2026-08-08,05:02:00,Low
181,2026-08-08 05:02:00+10:00,2,1,3,True,2026-08-08,05:02:00,Low
41,2026-08-08 05:02:00+10:00,0,1,1,True,2026-08-08,05:02:00,Low
209,2026-08-08 05:02:00+10:00,4,0,4,True,2026-08-08,05:02:00,Low
24,2026-08-08 05:02:00+10:00,1,0,1,True,2026-08-08,05:02:00,Low
79,2026-08-08 05:02:00+10:00,1,1,2,True,2026-08-08,05:02:00,Low
4,2026-08-08 05:02:00+10:00,0,2,2,True,2026-08-08,05:02:00,Low
66,2026-08-08 05:02:00+10:00,1,1,2,True,2026-08-08,05:02:00,Low
41,2026-08-08 05:01:00+10:00,0,1,1,True,2026-08-08,05:01:00,Low
66,2026-08-08 05:01:00+10:00,2,0,2,True,2026-08-08,05:01:00,Low
3,2026-08-08 05:01:00+10:00,1,2,3,True,2026-08-08,05:01:00,Low
4,2026-08-08 05:01:00+10:00,0,2,2,True,2026-08-08,05:01:00,Low
24,2026-08-08 05:01:00+10:00,0,2,2,True,2026-08-08,05:01:00,Low
68,2026-08-08 05:01:00+10:00,1,0,1,True,2026-08-08,05:01:00,Low
36,2026-08-08 05:01:00+10:00,0,1,1,True,2026-08-08,05:01:00,Low
181,2026-08-08 05:01:00+10:00,2,1,3,True,2026-08-08,05:01:00,Low
4,2026-08-08 05:00:00+10:00,1,2,3,True,2026-08-08,05:00:00,Low
45,2026-08-08 05:00:00+10:00,1,1,2,True,2026-08-08,05:00:00,Low
59,2026-08-08 05:00:00+10:00,4,3,7,True,2026-08-08,05:00:00,Low
131,2026-08-08 05:00:00+10:00,2,2,4,True,2026-08-08,05:00:00,Low
162,2026-08-08 05:00:00+10:00,2,1,3,True,2026-08-08,05:00:00,Low
181,2026-08-08 05:00:00+10:00,1,1,2,True,2026-08-08,05:00:00,Low
48,2026-08-08 05:00:00+10:00,1,1,2,True,2026-08-08,05:00:00,Low
58,2026-08-08 05:00:00+10:00,1,0,1,True,2026-08-08,05:00:00,Low
141,2026-08-08 05:00:00+10:00,1,2,3,True,2026-08-08,05:00:00,Low
66,2026-08-08 05:00:00+10:00,5,1,6,True,2026-08-08,05:00:00,Low
133,2026-08-08 05:00:00+10:00,3,3,6,True,2026-08-08,05:00:00,Low
143,2026-08-08 05:00:00+10:00,0,1,1,True,2026-08-08,05:00:00,Low
184,2026-08-08 05:00:00+10:00,2,1,3,True,2026-08-08,05:00:00,Low
185,2026-08-08 05:00:00+10:00,1,0,1,True,2026-08-08,05:00:00,Low
24,2026-08-08 05:00:00+10:00,0,3,3,True,2026-08-08,05:00:00,Low
5,2026-08-08 05:00:00+10:00,0,1,1,True,2026-08-08,05:00:00,Low
47,2026-08-08 05:00:00+10:00,0,1,1,True,2026-08-08,05:00:00,Low
84,2026-08-08 05:00:00+10:00,1,4,5,True,2026-08-08,05:00:00,Low
134,2026-08-08 05:00:00+10:00,0,4,4,True,2026-08-08,05:00:00,Low
135,2026-08-08 05:00:00+10:00,2,3,5,True,2026-08-08,05:00:00,Low
182,2026-08-08 05:00:00+10:00,4,1,5,True,2026-08-08,05:00:00,Low
2,2026-08-08 05:00:00+10:00,0,1,1,True,2026-08-08,05:00:00,Low
30,2026-08-08 05:00:00+10:00,2,2,4,True,2026-08-08,05:00:00,Low
51,2026-08-08 05:00:00+10:00,0,1,1,True,2026-08-08,05:00:00,Low
117,2026-08-08 05:00:00+10:00,1,0,1,True,2026-08-08,05:00:00,Low
142,2026-08-08 05:00:00+10:00,0,1,1,True,2026-08-08,05:00:00,Low
41,2026-08-08 04:59:00+10:00,3,3,6,True,2026-08-08,04:59:00,Low
181,2026-08-08 04:59:00+10:00,2,2,4,True,2026-08-08,04:59:00,Low
6,2026-08-08 04:59:00+10:00,2,0,2,True,2026-08-08,04:59:00,Low
209,2026-08-08 04:59:00+10:00,1,0,1,True,2026-08-08,04:59:00,Low
19,2026-08-08 04:59:00+10:00,1,1,2,True,2026-08-08,04:59:00,Low
51,2026-08-08 04:59:00+10:00,2,0,2,True,2026-08-08,04:59:00,Low
53,2026-08-08 04:59:00+10:00,3,1,4,True,2026-08-08,04:59:00,Low
62,2026-08-08 04:59:00+10:00,1,0,1,True,2026-08-08,04:59:00,Low
4,2026-08-08 04:59:00+10:00,1,0,1,True,2026-08-08,04:59:00,Low
36,2026-08-08 04:59:00+10:00,1,0,1,True,2026-08-08,04:59:00,Low
24,2026-08-08 04:59:00+10:00,1,0,1,True,2026-08-08,04:59:00,Low
63,2026-08-08 04:59:00+10:00,0,1,1,True,2026-08-08,04:59:00,Low
19,2026-08-08 04:58:00+10:00,0,1,1,True,2026-08-08,04:58:00,Low
51,2026-08-08 04:58:00+10:00,0,2,2,True,2026-08-08,04:58:00,Low
41,2026-08-08 04:58:00+10:00,0,3,3,True,2026-08-08,04:58:00,Low
56,2026-08-08 04:58:00+10:00,1,0,1,True,2026-08-08,04:58:00,Low
3,2026-08-08 04:58:00+10:00,2,1,3,True,2026-08-08,04:58:00,Low
35,2026-08-08 04:58:00+10:00,0,1,1,True,2026-08-08,04:58:00,Low
53,2026-08-08 04:58:00+10:00,1,2,3,True,2026-08-08,04:58:00,Low
62,2026-08-08 04:58:00+10:00,0,2,2,True,2026-08-08,04:58:00,Low
4,2026-08-08 04:57:00+10:00,0,1,1,True,2026-08-08,04:57:00,Low
63,2026-08-08 04:57:00+10:00,0,2,2,True,2026-08-08,04:57:00,Low
6,2026-08-08 04:57:00+10:00,1,0,1,True,2026-08-08,04:57:00,Low
41,2026-08-08 04:57:00+10:00,0,2,2,True,2026-08-08,04:57:00,Low
61,2026-08-08 04:57:00+10:00,0,1,1,True,2026-08-08,04:57:00,Low
20,2026-08-08 04:57:00+10:00,2,0,2,True,2026-08-08,04:57:00,Low
62,2026-08-08 04:57:00+10:00,2,0,2,True,2026-08-08,04:57:00,Low
41,2026-08-08 04:56:00+10:00,1,4,5,True,2026-08-08,04:56:00,Low
17,2026-08-08 04:56:00+10:00,2,0,2,True,2026-08-08,04:56:00,Low
181,2026-08-08 04:56:00+10:00,2,3,5,True,2026-08-08,04:56:00,Low
35,2026-08-08 04:56:00+10:00,0,1,1,True,2026-08-08,04:56:00,Low
53,2026-08-08 04:56:00+10:00,1,1,2,True,2026-08-08,04:56:00,Low
29,2026-08-08 04:56:00+10:00,0,1,1,True,2026-08-08,04:56:00,Low
63,2026-08-08 04:56:00+10:00,1,0,1,True,2026-08-08,04:56:00,Low
4,2026-08-08 04:55:00+10:00,0,1,1,True,2026-08-08,04:55:00,Low
54,2026-08-08 04:55:00+10:00,1,0,1,True,2026-08-08,04:55:00,Low
133,2026-08-08 04:55:00+10:00,1,3,4,True,2026-08-08,04:55:00,Low
209,2026-08-08 04:55:00+10:00,0,2,2,True,2026-08-08,04:55:00,Low
20,2026-08-08 04:55:00+10:00,1,3,4,True,2026-08-08,04:55:00,Low
25,2026-08-08 04:55:00+10:00,5,0,5,True,2026-08-08,04:55:00,Low
40,2026-08-08 04:55:00+10:00,1,0,1,True,2026-08-08,04:55:00,Low
45,2026-08-08 04:55:00+10:00,1,9,10,True,2026-08-08,04:55:00,Low
47,2026-08-08 04:55:00+10:00,2,0,2,True,2026-08-08,04:55:00,Low
59,2026-08-08 04:55:00+10:00,1,0,1,True,2026-08-08,04:55:00,Low
84,2026-08-08 04:55:00+10:00,2,2,4,True,2026-08-08,04:55:00,Low
107,2026-08-08 04:55:00+10:00,1,0,1,True,2026-08-08,04:55:00,Low
131,2026-08-08 04:55:00+10:00,1,1,2,True,2026-08-08,04:55:00,Low
132,2026-08-08 04:55:00+10:00,1,1,2,True,2026-08-08,04:55:00,Low
135,2026-08-08 04:55:00+10:00,0,1,1,True,2026-08-08,04:55:00,Low
143,2026-08-08 04:55:00+10:00,2,1,3,True,2026-08-08,04:55:00,Low
162,2026-08-08 04:55:00+10:00,3,0,3,True,2026-08-08,04:55:00,Low
56,2026-08-08 04:55:00+10:00,1,0,1,True,2026-08-08,04:55:00,Low
58,2026-08-08 04:55:00+10:00,1,0,1,True,2026-08-08,04:55:00,Low
109,2026-08-08 04:55:00+10:00,0,1,1,True,2026-08-08,04:55:00,Low
164,2026-08-08 04:55:00+10:00,0,5,5,True,2026-08-08,04:55:00,Low
5,2026-08-08 04:55:00+10:00,1,5,6,True,2026-08-08,04:55:00,Low
6,2026-08-08 04:55:00+10:00,1,0,1,True,2026-08-08,04:55:00,Low
21,2026-08-08 04:55:00+10:00,0,8,8,True,2026-08-08,04:55:00,Low
41,2026-08-08 04:55:00+10:00,1,3,4,True,2026-08-08,04:55:00,Low
61,2026-08-08 04:55:00+10:00,0,1,1,True,2026-08-08,04:55:00,Low
134,2026-08-08 04:55:00+10:00,1,0,1,True,2026-08-08,04:55:00,Low
167,2026-08-08 04:55:00+10:00,0,1,1,True,2026-08-08,04:55:00,Low
182,2026-08-08 04:55:00+10:00,3,3,6,True,2026-08-08,04:55:00,Low
184,2026-08-08 04:55:00+10:00,2,1,3,True,2026-08-08,04:55:00,Low
185,2026-08-08 04:55:00+10:00,5,4,9,True,2026-08-08,04:55:00,Low
23,2026-08-08 04:55:00+10:00,1,4,5,True,2026-08-08,04:55:00,Low
24,2026-08-08 04:55:00+10:00,0,1,1,True,2026-08-08,04:55:00,Low
27,2026-08-08 04:55:00+10:00,0,1,1,True,2026-08-08,04:55:00,Low
30,2026-08-08 04:55:00+10:00,5,0,5,True,2026-08-08,04:55:00,Low
48,2026-08-08 04:55:00+10:00,2,1,3,True,2026-08-08,04:55:00,Low
4,2026-08-08 04:54:00+10:00,1,1,2,True,2026-08-08,04:54:00,Low
41,2026-08-08 04:54:00+10:00,1,1,2,True,2026-08-08,04:54:00,Low
51,2026-08-08 04:54:00+10:00,0,1,1,True,2026-08-08,04:54:00,Low
6,2026-08-08 04:54:00+10:00,1,0,1,True,2026-08-08,04:54:00,Low
20,2026-08-08 04:54:00+10:00,2,0,2,True,2026-08-08,04:54:00,Low
3,2026-08-08 04:54:00+10:00,1,0,1,True,2026-08-08,04:54:00,Low
209,2026-08-08 04:54:00+10:00,0,1,1,True,2026-08-08,04:54:00,Low
10,2026-08-08 04:54:00+10:00,1,0,1,True,2026-08-08,04:54:00,Low
61,2026-08-08 04:53:00+10:00,4,0,4,True,2026-08-08,04:53:00,Low
66,2026-08-08 04:53:00+10:00,0,1,1,True,2026-08-08,04:53:00,Low
79,2026-08-08 04:53:00+10:00,0,3,3,True,2026-08-08,04:53:00,Low
187,2026-08-08 04:53:00+10:00,1,0,1,True,2026-08-08,04:53:00,Low
3,2026-08-08 04:53:00+10:00,1,5,6,True,2026-08-08,04:53:00,Low
4,2026-08-08 04:53:00+10:00,3,0,3,True,2026-08-08,04:53:00,Low
41,2026-08-08 04:53:00+10:00,1,6,7,True,2026-08-08,04:53:00,Low
53,2026-08-08 04:53:00+10:00,0,2,2,True,2026-08-08,04:53:00,Low
42,2026-08-08 04:53:00+10:00,0,1,1,True,2026-08-08,04:53:00,Low
24,2026-08-08 04:53:00+10:00,0,1,1,True,2026-08-08,04:53:00,Low
6,2026-08-08 04:52:00+10:00,0,2,2,True,2026-08-08,04:52:00,Low
17,2026-08-08 04:52:00+10:00,0,2,2,True,2026-08-08,04:52:00,Low
24,2026-08-08 04:52:00+10:00,3,0,3,True,2026-08-08,04:52:00,Low
4,2026-08-08 04:52:00+10:00,0,1,1,True,2026-08-08,04:52:00,Low
41,2026-08-08 04:52:00+10:00,0,2,2,True,2026-08-08,04:52:00,Low
66,2026-08-08 04:52:00+10:00,0,2,2,True,2026-08-08,04:52:00,Low
56,2026-08-08 04:52:00+10:00,1,0,1,True,2026-08-08,04:52:00,Low
3,2026-08-08 04:51:00+10:00,2,0,2,True,2026-08-08,04:51:00,Low
41,2026-08-08 04:51:00+10:00,2,2,4,True,2026-08-08,04:51:00,Low
35,2026-08-08 04:51:00+10:00,0,1,1,True,2026-08-08,04:51:00,Low
53,2026-08-08 04:51:00+10:00,2,0,2,True,2026-08-08,04:51:00,Low
61,2026-08-08 04:51:00+10:00,0,1,1,True,2026-08-08,04:51:00,Low
56,2026-08-08 04:51:00+10:00,0,1,1,True,2026-08-08,04:51:00,Low
187,2026-08-08 04:51:00+10:00,0,1,1,True,2026-08-08,04:51:00,Low
4,2026-08-08 04:51:00+10:00,1,2,3,True,2026-08-08,04:51:00,Low
24,2026-08-08 04:51:00+10:00,2,1,3,True,2026-08-08,04:51:00,Low
63,2026-08-08 04:51:00+10:00,1,0,1,True,2026-08-08,04:51:00,Low
5,2026-08-08 04:50:00+10:00,0,1,1,True,2026-08-08,04:50:00,Low
45,2026-08-08 04:50:00+10:00,0,3,3,True,2026-08-08,04:50:00,Low
84,2026-08-08 04:50:00+10:00,1,3,4,True,2026-08-08,04:50:00,Low
162,2026-08-08 04:50:00+10:00,2,1,3,True,2026-08-08,04:50:00,Low
24,2026-08-08 04:50:00+10:00,1,0,1,True,2026-08-08,04:50:00,Low
27,2026-08-08 04:50:00+10:00,2,0,2,True,2026-08-08,04:50:00,Low
49,2026-08-08 04:50:00+10:00,1,0,1,True,2026-08-08,04:50:00,Low
79,2026-08-08 04:50:00+10:00,0,1,1,True,2026-08-08,04:50:00,Low
139,2026-08-08 04:50:00+10:00,1,0,1,True,2026-08-08,04:50:00,Low
21,2026-08-08 04:50:00+10:00,2,2,4,True,2026-08-08,04:50:00,Low
41,2026-08-08 04:50:00+10:00,2,0,2,True,2026-08-08,04:50:00,Low
47,2026-08-08 04:50:00+10:00,0,1,1,True,2026-08-08,04:50:00,Low
59,2026-08-08 04:50:00+10:00,1,0,1,True,2026-08-08,04:50:00,Low
66,2026-08-08 04:50:00+10:00,1,0,1,True,2026-08-08,04:50:00,Low
132,2026-08-08 04:50:00+10:00,0,1,1,True,2026-08-08,04:50:00,Low
134,2026-08-08 04:50:00+10:00,1,2,3,True,2026-08-08,04:50:00,Low
135,2026-08-08 04:50:00+10:00,0,1,1,True,2026-08-08,04:50:00,Low
143,2026-08-08 04:50:00+10:00,3,2,5,True,2026-08-08,04:50:00,Low
184,2026-08-08 04:50:00+10:00,0,2,2,True,2026-08-08,04:50:00,Low
137,2026-08-08 04:50:00+10:00,0,1,1,True,2026-08-08,04:50:00,Low
3,2026-08-08 04:50:00+10:00,2,0,2,True,2026-08-08,04:50:00,Low
6,2026-08-08 04:50:00+10:00,1,0,1,True,2026-08-08,04:50:00,Low
36,2026-08-08 04:50:00+10:00,0,2,2,True,2026-08-08,04:50:00,Low
181,2026-08-08 04:50:00+10:00,2,0,2,True,2026-08-08,04:50:00,Low
182,2026-08-08 04:50:00+10:00,3,4,7,True,2026-08-08,04:50:00,Low
23,2026-08-08 04:50:00+10:00,0,1,1,True,2026-08-08,04:50:00,Low
30,2026-08-08 04:50:00+10:00,8,3,11,True,2026-08-08,04:50:00,Low
117,2026-08-08 04:50:00+10:00,1,0,1,True,2026-08-08,04:50:00,Low
142,2026-08-08 04:50:00+10:00,1,0,1,True,2026-08-08,04:50:00,Low
161,2026-08-08 04:50:00+10:00,0,1,1,True,2026-08-08,04:50:00,Low
3,2026-08-08 04:49:00+10:00,0,2,2,True,2026-08-08,04:49:00,Low
4,2026-08-08 04:49:00+10:00,1,1,2,True,2026-08-08,04:49:00,Low
6,2026-08-08 04:49:00+10:00,0,2,2,True,2026-08-08,04:49:00,Low
41,2026-08-08 04:49:00+10:00,4,0,4,True,2026-08-08,04:49:00,Low
35,2026-08-08 04:49:00+10:00,0,2,2,True,2026-08-08,04:49:00,Low
24,2026-08-08 04:49:00+10:00,0,1,1,True,2026-08-08,04:49:00,Low
67,2026-08-08 04:49:00+10:00,0,1,1,True,2026-08-08,04:49:00,Low
14,2026-08-08 04:49:00+10:00,1,0,1,True,2026-08-08,04:49:00,Low
66,2026-08-08 04:49:00+10:00,4,0,4,True,2026-08-08,04:49:00,Low
63,2026-08-08 04:49:00+10:00,0,2,2,True,2026-08-08,04:49:00,Low
6,2026-08-08 04:48:00+10:00,0,2,2,True,2026-08-08,04:48:00,Low
71,2026-08-08 04:48:00+10:00,0,1,1,True,2026-08-08,04:48:00,Low
9,2026-08-08 04:48:00+10:00,0,1,1,True,2026-08-08,04:48:00,Low
29,2026-08-08 04:48:00+10:00,0,1,1,True,2026-08-08,04:48:00,Low
24,2026-08-08 04:48:00+10:00,0,2,2,True,2026-08-08,04:48:00,Low
53,2026-08-08 04:48:00+10:00,1,0,1,True,2026-08-08,04:48:00,Low
79,2026-08-08 04:48:00+10:00,1,0,1,True,2026-08-08,04:48:00,Low
62,2026-08-08 04:48:00+10:00,1,0,1,True,2026-08-08,04:48:00,Low
67,2026-08-08 04:48:00+10:00,0,1,1,True,2026-08-08,04:48:00,Low
14,2026-08-08 04:47:00+10:00,0,1,1,True,2026-08-08,04:47:00,Low
3,2026-08-08 04:47:00+10:00,0,1,1,True,2026-08-08,04:47:00,Low
181,2026-08-08 04:47:00+10:00,1,0,1,True,2026-08-08,04:47:00,Low
1,2026-08-08 04:47:00+10:00,0,1,1,True,2026-08-08,04:47:00,Low
62,2026-08-08 04:47:00+10:00,1,0,1,True,2026-08-08,04:47:00,Low
4,2026-08-08 04:47:00+10:00,2,0,2,True,2026-08-08,04:47:00,Low
36,2026-08-08 04:47:00+10:00,0,1,1,True,2026-08-08,04:47:00,Low
41,2026-08-08 04:47:00+10:00,1,0,1,True,2026-08-08,04:47:00,Low
56,2026-08-08 04:47:00+10:00,3,0,3,True,2026-08-08,04:47:00,Low
3,2026-08-08 04:46:00+10:00,5,0,5,True,2026-08-08,04:46:00,Low
71,2026-08-08 04:46:00+10:00,1,1,2,True,2026-08-08,04:46:00,Low
181,2026-08-08 04:46:00+10:00,1,1,2,True,2026-08-08,04:46:00,Low
24,2026-08-08 04:46:00+10:00,0,1,1,True,2026-08-08,04:46:00,Low
61,2026-08-08 04:46:00+10:00,2,1,3,True,2026-08-08,04:46:00,Low
20,2026-08-08 04:46:00+10:00,8,0,8,True,2026-08-08,04:46:00,Low
42,2026-08-08 04:46:00+10:00,2,0,2,True,2026-08-08,04:46:00,Low
43,2026-08-08 04:45:00+10:00,0,1,1,True,2026-08-08,04:45:00,Low
133,2026-08-08 04:45:00+10:00,0,1,1,True,2026-08-08,04:45:00,Low
134,2026-08-08 04:45:00+10:00,1,1,2,True,2026-08-08,04:45:00,Low
162,2026-08-08 04:45:00+10:00,0,4,4,True,2026-08-08,04:45:00,Low
6,2026-08-08 04:45:00+10:00,0,1,1,True,2026-08-08,04:45:00,Low
21,2026-08-08 04:45:00+10:00,0,3,3,True,2026-08-08,04:45:00,Low
37,2026-08-08 04:45:00+10:00,1,0,1,True,2026-08-08,04:45:00,Low
41,2026-08-08 04:45:00+10:00,1,3,4,True,2026-08-08,04:45:00,Low
45,2026-08-08 04:45:00+10:00,1,3,4,True,2026-08-08,04:45:00,Low
107,2026-08-08 04:45:00+10:00,0,1,1,True,2026-08-08,04:45:00,Low
135,2026-08-08 04:45:00+10:00,1,0,1,True,2026-08-08,04:45:00,Low
143,2026-08-08 04:45:00+10:00,3,0,3,True,2026-08-08,04:45:00,Low
181,2026-08-08 04:45:00+10:00,0,1,1,True,2026-08-08,04:45:00,Low
185,2026-08-08 04:45:00+10:00,1,0,1,True,2026-08-08,04:45:00,Low
23,2026-08-08 04:45:00+10:00,0,1,1,True,2026-08-08,04:45:00,Low
27,2026-08-08 04:45:00+10:00,1,0,1,True,2026-08-08,04:45:00,Low
30,2026-08-08 04:45:00+10:00,6,1,7,True,2026-08-08,04:45:00,Low
49,2026-08-08 04:45:00+10:00,1,2,3,True,2026-08-08,04:45:00,Low
58,2026-08-08 04:45:00+10:00,0,1,1,True,2026-08-08,04:45:00,Low
67,2026-08-08 04:45:00+10:00,1,0,1,True,2026-08-08,04:45:00,Low
79,2026-08-08 04:45:00+10:00,2,0,2,True,2026-08-08,04:45:00,Low
141,2026-08-08 04:45:00+10:00,1,4,5,True,2026-08-08,04:45:00,Low
142,2026-08-08 04:45:00+10:00,0,1,1,True,2026-08-08,04:45:00,Low
3,2026-08-08 04:45:00+10:00,2,2,4,True,2026-08-08,04:45:00,Low
5,2026-08-08 04:45:00+10:00,1,1,2,True,2026-08-08,04:45:00,Low
47,2026-08-08 04:45:00+10:00,2,0,2,True,2026-08-08,04:45:00,Low
59,2026-08-08 04:45:00+10:00,2,0,2,True,2026-08-08,04:45:00,Low
84,2026-08-08 04:45:00+10:00,3,3,6,True,2026-08-08,04:45:00,Low
131,2026-08-08 04:45:00+10:00,2,0,2,True,2026-08-08,04:45:00,Low
182,2026-08-08 04:45:00+10:00,3,6,9,True,2026-08-08,04:45:00,Low
184,2026-08-08 04:45:00+10:00,1,0,1,True,2026-08-08,04:45:00,Low
25,2026-08-08 04:45:00+10:00,0,2,2,True,2026-08-08,04:45:00,Low
35,2026-08-08 04:45:00+10:00,0,2,2,True,2026-08-08,04:45:00,Low
139,2026-08-08 04:45:00+10:00,2,1,3,True,2026-08-08,04:45:00,Low
41,2026-08-08 04:44:00+10:00,2,3,5,True,2026-08-08,04:44:00,Low
35,2026-08-08 04:44:00+10:00,0,1,1,True,2026-08-08,04:44:00,Low
52,2026-08-08 04:44:00+10:00,0,1,1,True,2026-08-08,04:44:00,Low
79,2026-08-08 04:44:00+10:00,0,3,3,True,2026-08-08,04:44:00,Low
56,2026-08-08 04:44:00+10:00,2,0,2,True,2026-08-08,04:44:00,Low
3,2026-08-08 04:44:00+10:00,0,2,2,True,2026-08-08,04:44:00,Low
4,2026-08-08 04:44:00+10:00,0,4,4,True,2026-08-08,04:44:00,Low
1,2026-08-08 04:44:00+10:00,1,0,1,True,2026-08-08,04:44:00,Low
61,2026-08-08 04:43:00+10:00,2,0,2,True,2026-08-08,04:43:00,Low
20,2026-08-08 04:43:00+10:00,0,1,1,True,2026-08-08,04:43:00,Low
41,2026-08-08 04:43:00+10:00,2,1,3,True,2026-08-08,04:43:00,Low
66,2026-08-08 04:43:00+10:00,0,4,4,True,2026-08-08,04:43:00,Low
181,2026-08-08 04:43:00+10:00,1,0,1,True,2026-08-08,04:43:00,Low
209,2026-08-08 04:43:00+10:00,0,1,1,True,2026-08-08,04:43:00,Low
63,2026-08-08 04:43:00+10:00,1,0,1,True,2026-08-08,04:43:00,Low
3,2026-08-08 04:43:00+10:00,2,0,2,True,2026-08-08,04:43:00,Low
56,2026-08-08 04:42:00+10:00,1,0,1,True,2026-08-08,04:42:00,Low
62,2026-08-08 04:42:00+10:00,0,3,3,True,2026-08-08,04:42:00,Low
40,2026-08-08 04:42:00+10:00,0,2,2,True,2026-08-08,04:42:00,Low
41,2026-08-08 04:42:00+10:00,1,2,3,True,2026-08-08,04:42:00,Low
19,2026-08-08 04:42:00+10:00,1,0,1,True,2026-08-08,04:42:00,Low
67,2026-08-08 04:42:00+10:00,1,0,1,True,2026-08-08,04:42:00,Low
187,2026-08-08 04:42:00+10:00,0,2,2,True,2026-08-08,04:42:00,Low
3,2026-08-08 04:42:00+10:00,4,0,4,True,2026-08-08,04:42:00,Low
66,2026-08-08 04:42:00+10:00,2,0,2,True,2026-08-08,04:42:00,Low
181,2026-08-08 04:42:00+10:00,2,1,3,True,2026-08-08,04:42:00,Low
79,2026-08-08 04:42:00+10:00,0,1,1,True,2026-08-08,04:42:00,Low
41,2026-08-08 04:41:00+10:00,0,2,2,True,2026-08-08,04:41:00,Low
181,2026-08-08 04:41:00+10:00,1,0,1,True,2026-08-08,04:41:00,Low
17,2026-08-08 04:41:00+10:00,1,1,2,True,2026-08-08,04:41:00,Low
19,2026-08-08 04:41:00+10:00,0,1,1,True,2026-08-08,04:41:00,Low
5,2026-08-08 04:40:00+10:00,1,2,3,True,2026-08-08,04:40:00,Low
21,2026-08-08 04:40:00+10:00,1,2,3,True,2026-08-08,04:40:00,Low
36,2026-08-08 04:40:00+10:00,0,1,1,True,2026-08-08,04:40:00,Low
45,2026-08-08 04:40:00+10:00,4,0,4,True,2026-08-08,04:40:00,Low
84,2026-08-08 04:40:00+10:00,1,1,2,True,2026-08-08,04:40:00,Low
133,2026-08-08 04:40:00+10:00,2,0,2,True,2026-08-08,04:40:00,Low
167,2026-08-08 04:40:00+10:00,0,1,1,True,2026-08-08,04:40:00,Low
181,2026-08-08 04:40:00+10:00,1,0,1,True,2026-08-08,04:40:00,Low
25,2026-08-08 04:40:00+10:00,3,9,12,True,2026-08-08,04:40:00,Low
53,2026-08-08 04:40:00+10:00,0,2,2,True,2026-08-08,04:40:00,Low
141,2026-08-08 04:40:00+10:00,6,0,6,True,2026-08-08,04:40:00,Low
4,2026-08-08 04:40:00+10:00,0,2,2,True,2026-08-08,04:40:00,Low
6,2026-08-08 04:40:00+10:00,1,0,1,True,2026-08-08,04:40:00,Low
54,2026-08-08 04:40:00+10:00,0,1,1,True,2026-08-08,04:40:00,Low
59,2026-08-08 04:40:00+10:00,2,5,7,True,2026-08-08,04:40:00,Low
134,2026-08-08 04:40:00+10:00,2,1,3,True,2026-08-08,04:40:00,Low
143,2026-08-08 04:40:00+10:00,0,1,1,True,2026-08-08,04:40:00,Low
184,2026-08-08 04:40:00+10:00,1,3,4,True,2026-08-08,04:40:00,Low
30,2026-08-08 04:40:00+10:00,6,3,9,True,2026-08-08,04:40:00,Low
117,2026-08-08 04:40:00+10:00,1,1,2,True,2026-08-08,04:40:00,Low
187,2026-08-08 04:40:00+10:00,0,1,1,True,2026-08-08,04:40:00,Low
66,2026-08-08 04:40:00+10:00,2,0,2,True,2026-08-08,04:40:00,Low
131,2026-08-08 04:40:00+10:00,0,1,1,True,2026-08-08,04:40:00,Low
162,2026-08-08 04:40:00+10:00,5,9,14,True,2026-08-08,04:40:00,Low
182,2026-08-08 04:40:00+10:00,4,4,8,True,2026-08-08,04:40:00,Low
209,2026-08-08 04:40:00+10:00,0,4,4,True,2026-08-08,04:40:00,Low
48,2026-08-08 04:40:00+10:00,1,0,1,True,2026-08-08,04:40:00,Low
58,2026-08-08 04:40:00+10:00,0,1,1,True,2026-08-08,04:40:00,Low
79,2026-08-08 04:40:00+10:00,1,3,4,True,2026-08-08,04:40:00,Low
41,2026-08-08 04:39:00+10:00,0,2,2,True,2026-08-08,04:39:00,Low
87,2026-08-08 04:39:00+10:00,1,0,1,True,2026-08-08,04:39:00,Low
24,2026-08-08 04:39:00+10:00,0,3,3,True,2026-08-08,04:39:00,Low
79,2026-08-08 04:39:00+10:00,0,1,1,True,2026-08-08,04:39:00,Low
4,2026-08-08 04:39:00+10:00,0,2,2,True,2026-08-08,04:39:00,Low
56,2026-08-08 04:39:00+10:00,3,0,3,True,2026-08-08,04:39:00,Low
3,2026-08-08 04:38:00+10:00,1,0,1,True,2026-08-08,04:38:00,Low
4,2026-08-08 04:38:00+10:00,0,8,8,True,2026-08-08,04:38:00,Low
41,2026-08-08 04:38:00+10:00,1,2,3,True,2026-08-08,04:38:00,Low
61,2026-08-08 04:38:00+10:00,0,1,1,True,2026-08-08,04:38:00,Low
24,2026-08-08 04:38:00+10:00,3,0,3,True,2026-08-08,04:38:00,Low
53,2026-08-08 04:38:00+10:00,1,0,1,True,2026-08-08,04:38:00,Low
56,2026-08-08 04:38:00+10:00,0,1,1,True,2026-08-08,04:38:00,Low
79,2026-08-08 04:38:00+10:00,1,2,3,True,2026-08-08,04:38:00,Low
66,2026-08-08 04:38:00+10:00,2,0,2,True,2026-08-08,04:38:00,Low
62,2026-08-08 04:38:00+10:00,0,1,1,True,2026-08-08,04:38:00,Low
19,2026-08-08 04:37:00+10:00,1,0,1,True,2026-08-08,04:37:00,Low
3,2026-08-08 04:37:00+10:00,1,0,1,True,2026-08-08,04:37:00,Low
4,2026-08-08 04:37:00+10:00,0,1,1,True,2026-08-08,04:37:00,Low
66,2026-08-08 04:37:00+10:00,1,0,1,True,2026-08-08,04:37:00,Low
9,2026-08-08 04:37:00+10:00,1,0,1,True,2026-08-08,04:37:00,Low
53,2026-08-08 04:37:00+10:00,0,1,1,True,2026-08-08,04:37:00,Low
4,2026-08-08 04:36:00+10:00,0,1,1,True,2026-08-08,04:36:00,Low
63,2026-08-08 04:36:00+10:00,2,2,4,True,2026-08-08,04:36:00,Low
79,2026-08-08 04:36:00+10:00,1,0,1,True,2026-08-08,04:36:00,Low
36,2026-08-08 04:36:00+10:00,1,0,1,True,2026-08-08,04:36:00,Low
41,2026-08-08 04:36:00+10:00,3,1,4,True,2026-08-08,04:36:00,Low
67,2026-08-08 04:36:00+10:00,0,1,1,True,2026-08-08,04:36:00,Low
2,2026-08-08 04:36:00+10:00,0,2,2,True,2026-08-08,04:36:00,Low
9,2026-08-08 04:36:00+10:00,0,1,1,True,2026-08-08,04:36:00,Low
4,2026-08-08 04:35:00+10:00,2,2,4,True,2026-08-08,04:35:00,Low
41,2026-08-08 04:35:00+10:00,0,7,7,True,2026-08-08,04:35:00,Low
54,2026-08-08 04:35:00+10:00,2,1,3,True,2026-08-08,04:35:00,Low
59,2026-08-08 04:35:00+10:00,4,2,6,True,2026-08-08,04:35:00,Low
70,2026-08-08 04:35:00+10:00,1,0,1,True,2026-08-08,04:35:00,Low
131,2026-08-08 04:35:00+10:00,2,2,4,True,2026-08-08,04:35:00,Low
134,2026-08-08 04:35:00+10:00,3,1,4,True,2026-08-08,04:35:00,Low
135,2026-08-08 04:35:00+10:00,0,1,1,True,2026-08-08,04:35:00,Low
143,2026-08-08 04:35:00+10:00,4,0,4,True,2026-08-08,04:35:00,Low
185,2026-08-08 04:35:00+10:00,2,0,2,True,2026-08-08,04:35:00,Low
2,2026-08-08 04:35:00+10:00,0,3,3,True,2026-08-08,04:35:00,Low
48,2026-08-08 04:35:00+10:00,0,2,2,True,2026-08-08,04:35:00,Low
49,2026-08-08 04:35:00+10:00,1,2,3,True,2026-08-08,04:35:00,Low
53,2026-08-08 04:35:00+10:00,1,1,2,True,2026-08-08,04:35:00,Low
58,2026-08-08 04:35:00+10:00,0,1,1,True,2026-08-08,04:35:00,Low
67,2026-08-08 04:35:00+10:00,1,0,1,True,2026-08-08,04:35:00,Low
79,2026-08-08 04:35:00+10:00,0,1,1,True,2026-08-08,04:35:00,Low
141,2026-08-08 04:35:00+10:00,1,0,1,True,2026-08-08,04:35:00,Low
164,2026-08-08 04:35:00+10:00,0,1,1,True,2026-08-08,04:35:00,Low
45,2026-08-08 04:35:00+10:00,1,5,6,True,2026-08-08,04:35:00,Low
47,2026-08-08 04:35:00+10:00,4,1,5,True,2026-08-08,04:35:00,Low
182,2026-08-08 04:35:00+10:00,7,6,13,True,2026-08-08,04:35:00,Low
184,2026-08-08 04:35:00+10:00,4,1,5,True,2026-08-08,04:35:00,Low
20,2026-08-08 04:35:00+10:00,1,0,1,True,2026-08-08,04:35:00,Low
27,2026-08-08 04:35:00+10:00,0,1,1,True,2026-08-08,04:35:00,Low
63,2026-08-08 04:35:00+10:00,0,2,2,True,2026-08-08,04:35:00,Low
5,2026-08-08 04:35:00+10:00,4,2,6,True,2026-08-08,04:35:00,Low
84,2026-08-08 04:35:00+10:00,0,6,6,True,2026-08-08,04:35:00,Low
133,2026-08-08 04:35:00+10:00,0,3,3,True,2026-08-08,04:35:00,Low
162,2026-08-08 04:35:00+10:00,7,3,10,True,2026-08-08,04:35:00,Low
166,2026-08-08 04:35:00+10:00,0,1,1,True,2026-08-08,04:35:00,Low
181,2026-08-08 04:35:00+10:00,0,1,1,True,2026-08-08,04:35:00,Low
17,2026-08-08 04:35:00+10:00,2,0,2,True,2026-08-08,04:35:00,Low
19,2026-08-08 04:35:00+10:00,2,0,2,True,2026-08-08,04:35:00,Low
23,2026-08-08 04:35:00+10:00,0,3,3,True,2026-08-08,04:35:00,Low
25,2026-08-08 04:35:00+10:00,1,1,2,True,2026-08-08,04:35:00,Low
30,2026-08-08 04:35:00+10:00,10,2,12,True,2026-08-08,04:35:00,Low
142,2026-08-08 04:35:00+10:00,0,5,5,True,2026-08-08,04:35:00,Low
3,2026-08-08 04:34:00+10:00,4,0,4,True,2026-08-08,04:34:00,Low
41,2026-08-08 04:34:00+10:00,1,1,2,True,2026-08-08,04:34:00,Low
66,2026-08-08 04:34:00+10:00,3,0,3,True,2026-08-08,04:34:00,Low
181,2026-08-08 04:34:00+10:00,5,1,6,True,2026-08-08,04:34:00,Low
17,2026-08-08 04:34:00+10:00,0,2,2,True,2026-08-08,04:34:00,Low
56,2026-08-08 04:34:00+10:00,1,0,1,True,2026-08-08,04:34:00,Low
19,2026-08-08 04:34:00+10:00,0,1,1,True,2026-08-08,04:34:00,Low
63,2026-08-08 04:34:00+10:00,1,0,1,True,2026-08-08,04:34:00,Low
24,2026-08-08 04:33:00+10:00,0,1,1,True,2026-08-08,04:33:00,Low
62,2026-08-08 04:33:00+10:00,2,0,2,True,2026-08-08,04:33:00,Low
4,2026-08-08 04:33:00+10:00,0,2,2,True,2026-08-08,04:33:00,Low
29,2026-08-08 04:33:00+10:00,0,4,4,True,2026-08-08,04:33:00,Low
56,2026-08-08 04:33:00+10:00,0,1,1,True,2026-08-08,04:33:00,Low
41,2026-08-08 04:33:00+10:00,1,0,1,True,2026-08-08,04:33:00,Low
17,2026-08-08 04:33:00+10:00,0,1,1,True,2026-08-08,04:33:00,Low
187,2026-08-08 04:33:00+10:00,0,1,1,True,2026-08-08,04:33:00,Low
68,2026-08-08 04:32:00+10:00,1,0,1,True,2026-08-08,04:32:00,Low
79,2026-08-08 04:32:00+10:00,1,1,2,True,2026-08-08,04:32:00,Low
3,2026-08-08 04:32:00+10:00,2,0,2,True,2026-08-08,04:32:00,Low
40,2026-08-08 04:32:00+10:00,1,0,1,True,2026-08-08,04:32:00,Low
41,2026-08-08 04:32:00+10:00,0,10,10,True,2026-08-08,04:32:00,Low
52,2026-08-08 04:32:00+10:00,0,1,1,True,2026-08-08,04:32:00,Low
62,2026-08-08 04:32:00+10:00,0,1,1,True,2026-08-08,04:32:00,Low
63,2026-08-08 04:32:00+10:00,1,0,1,True,2026-08-08,04:32:00,Low
4,2026-08-08 04:32:00+10:00,3,2,5,True,2026-08-08,04:32:00,Low
181,2026-08-08 04:32:00+10:00,1,0,1,True,2026-08-08,04:32:00,Low
3,2026-08-08 04:31:00+10:00,1,0,1,True,2026-08-08,04:31:00,Low
53,2026-08-08 04:31:00+10:00,1,0,1,True,2026-08-08,04:31:00,Low
79,2026-08-08 04:31:00+10:00,0,1,1,True,2026-08-08,04:31:00,Low
4,2026-08-08 04:31:00+10:00,2,1,3,True,2026-08-08,04:31:00,Low
41,2026-08-08 04:31:00+10:00,1,2,3,True,2026-08-08,04:31:00,Low
19,2026-08-08 04:31:00+10:00,0,1,1,True,2026-08-08,04:31:00,Low
20,2026-08-08 04:31:00+10:00,1,0,1,True,2026-08-08,04:31:00,Low
51,2026-08-08 04:31:00+10:00,1,0,1,True,2026-08-08,04:31:00,Low
209,2026-08-08 04:31:00+10:00,1,0,1,True,2026-08-08,04:31:00,Low
17,2026-08-08 04:31:00+10:00,2,0,2,True,2026-08-08,04:31:00,Low
21,2026-08-08 04:30:00+10:00,1,1,2,True,2026-08-08,04:30:00,Low
45,2026-08-08 04:30:00+10:00,1,7,8,True,2026-08-08,04:30:00,Low
54,2026-08-08 04:30:00+10:00,0,3,3,True,2026-08-08,04:30:00,Low
66,2026-08-08 04:30:00+10:00,0,1,1,True,2026-08-08,04:30:00,Low
134,2026-08-08 04:30:00+10:00,2,2,4,True,2026-08-08,04:30:00,Low
143,2026-08-08 04:30:00+10:00,0,1,1,True,2026-08-08,04:30:00,Low
23,2026-08-08 04:30:00+10:00,1,1,2,True,2026-08-08,04:30:00,Low
30,2026-08-08 04:30:00+10:00,5,4,9,True,2026-08-08,04:30:00,Low
142,2026-08-08 04:30:00+10:00,1,0,1,True,2026-08-08,04:30:00,Low
3,2026-08-08 04:30:00+10:00,3,0,3,True,2026-08-08,04:30:00,Low
37,2026-08-08 04:30:00+10:00,1,0,1,True,2026-08-08,04:30:00,Low
47,2026-08-08 04:30:00+10:00,1,0,1,True,2026-08-08,04:30:00,Low
59,2026-08-08 04:30:00+10:00,1,0,1,True,2026-08-08,04:30:00,Low
131,2026-08-08 04:30:00+10:00,1,2,3,True,2026-08-08,04:30:00,Low
133,2026-08-08 04:30:00+10:00,1,3,4,True,2026-08-08,04:30:00,Low
135,2026-08-08 04:30:00+10:00,2,1,3,True,2026-08-08,04:30:00,Low
184,2026-08-08 04:30:00+10:00,0,5,5,True,2026-08-08,04:30:00,Low
9,2026-08-08 04:30:00+10:00,0,1,1,True,2026-08-08,04:30:00,Low
56,2026-08-08 04:30:00+10:00,2,0,2,True,2026-08-08,04:30:00,Low
58,2026-08-08 04:30:00+10:00,1,0,1,True,2026-08-08,04:30:00,Low
109,2026-08-08 04:30:00+10:00,1,0,1,True,2026-08-08,04:30:00,Low
4,2026-08-08 04:30:00+10:00,0,2,2,True,2026-08-08,04:30:00,Low
5,2026-08-08 04:30:00+10:00,1,1,2,True,2026-08-08,04:30:00,Low
77,2026-08-08 04:30:00+10:00,1,0,1,True,2026-08-08,04:30:00,Low
84,2026-08-08 04:30:00+10:00,5,1,6,True,2026-08-08,04:30:00,Low
107,2026-08-08 04:30:00+10:00,0,1,1,True,2026-08-08,04:30:00,Low
162,2026-08-08 04:30:00+10:00,4,2,6,True,2026-08-08,04:30:00,Low
182,2026-08-08 04:30:00+10:00,2,6,8,True,2026-08-08,04:30:00,Low
185,2026-08-08 04:30:00+10:00,5,4,9,True,2026-08-08,04:30:00,Low
49,2026-08-08 04:30:00+10:00,1,0,1,True,2026-08-08,04:30:00,Low
141,2026-08-08 04:30:00+10:00,2,2,4,True,2026-08-08,04:30:00,Low
6,2026-08-08 04:29:00+10:00,0,2,2,True,2026-08-08,04:29:00,Low
41,2026-08-08 04:29:00+10:00,1,1,2,True,2026-08-08,04:29:00,Low
2,2026-08-08 04:29:00+10:00,0,1,1,True,2026-08-08,04:29:00,Low
35,2026-08-08 04:29:00+10:00,1,0,1,True,2026-08-08,04:29:00,Low
62,2026-08-08 04:29:00+10:00,1,0,1,True,2026-08-08,04:29:00,Low
4,2026-08-08 04:29:00+10:00,1,4,5,True,2026-08-08,04:29:00,Low
36,2026-08-08 04:29:00+10:00,1,0,1,True,2026-08-08,04:29:00,Low
17,2026-08-08 04:29:00+10:00,0,1,1,True,2026-08-08,04:29:00,Low
19,2026-08-08 04:29:00+10:00,2,0,2,True,2026-08-08,04:29:00,Low
63,2026-08-08 04:29:00+10:00,2,0,2,True,2026-08-08,04:29:00,Low
41,2026-08-08 04:28:00+10:00,1,1,2,True,2026-08-08,04:28:00,Low
3,2026-08-08 04:28:00+10:00,0,2,2,True,2026-08-08,04:28:00,Low
53,2026-08-08 04:28:00+10:00,1,1,2,True,2026-08-08,04:28:00,Low
79,2026-08-08 04:28:00+10:00,1,0,1,True,2026-08-08,04:28:00,Low
4,2026-08-08 04:28:00+10:00,2,0,2,True,2026-08-08,04:28:00,Low
181,2026-08-08 04:28:00+10:00,1,0,1,True,2026-08-08,04:28:00,Low
17,2026-08-08 04:28:00+10:00,2,0,2,True,2026-08-08,04:28:00,Low
24,2026-08-08 04:28:00+10:00,0,1,1,True,2026-08-08,04:28:00,Low
71,2026-08-08 04:27:00+10:00,1,0,1,True,2026-08-08,04:27:00,Low
79,2026-08-08 04:27:00+10:00,1,1,2,True,2026-08-08,04:27:00,Low
3,2026-08-08 04:27:00+10:00,1,0,1,True,2026-08-08,04:27:00,Low
4,2026-08-08 04:27:00+10:00,0,1,1,True,2026-08-08,04:27:00,Low
6,2026-08-08 04:27:00+10:00,0,2,2,True,2026-08-08,04:27:00,Low
41,2026-08-08 04:27:00+10:00,0,1,1,True,2026-08-08,04:27:00,Low
87,2026-08-08 04:27:00+10:00,1,0,1,True,2026-08-08,04:27:00,Low
181,2026-08-08 04:27:00+10:00,1,0,1,True,2026-08-08,04:27:00,Low
76,2026-08-08 04:27:00+10:00,1,0,1,True,2026-08-08,04:27:00,Low
209,2026-08-08 04:27:00+10:00,4,0,4,True,2026-08-08,04:27:00,Low
11,2026-08-08 04:27:00+10:00,0,1,1,True,2026-08-08,04:27:00,Low
56,2026-08-08 04:27:00+10:00,0,1,1,True,2026-08-08,04:27:00,Low
4,2026-08-08 04:26:00+10:00,1,0,1,True,2026-08-08,04:26:00,Low
6,2026-08-08 04:26:00+10:00,2,0,2,True,2026-08-08,04:26:00,Low
31,2026-08-08 04:26:00+10:00,0,1,1,True,2026-08-08,04:26:00,Low
41,2026-08-08 04:26:00+10:00,0,2,2,True,2026-08-08,04:26:00,Low
36,2026-08-08 04:26:00+10:00,1,0,1,True,2026-08-08,04:26:00,Low
53,2026-08-08 04:26:00+10:00,0,1,1,True,2026-08-08,04:26:00,Low
3,2026-08-08 04:26:00+10:00,1,1,2,True,2026-08-08,04:26:00,Low
181,2026-08-08 04:26:00+10:00,1,0,1,True,2026-08-08,04:26:00,Low
20,2026-08-08 04:26:00+10:00,3,0,3,True,2026-08-08,04:26:00,Low
52,2026-08-08 04:26:00+10:00,0,5,5,True,2026-08-08,04:26:00,Low
3,2026-08-08 04:25:00+10:00,1,3,4,True,2026-08-08,04:25:00,Low
5,2026-08-08 04:25:00+10:00,2,3,5,True,2026-08-08,04:25:00,Low
36,2026-08-08 04:25:00+10:00,0,1,1,True,2026-08-08,04:25:00,Low
132,2026-08-08 04:25:00+10:00,1,0,1,True,2026-08-08,04:25:00,Low
181,2026-08-08 04:25:00+10:00,0,1,1,True,2026-08-08,04:25:00,Low
184,2026-08-08 04:25:00+10:00,2,2,4,True,2026-08-08,04:25:00,Low
185,2026-08-08 04:25:00+10:00,0,1,1,True,2026-08-08,04:25:00,Low
56,2026-08-08 04:25:00+10:00,2,0,2,True,2026-08-08,04:25:00,Low
141,2026-08-08 04:25:00+10:00,1,1,2,True,2026-08-08,04:25:00,Low
4,2026-08-08 04:25:00+10:00,7,1,8,True,2026-08-08,04:25:00,Low
21,2026-08-08 04:25:00+10:00,0,1,1,True,2026-08-08,04:25:00,Low
45,2026-08-08 04:25:00+10:00,5,3,8,True,2026-08-08,04:25:00,Low
54,2026-08-08 04:25:00+10:00,0,1,1,True,2026-08-08,04:25:00,Low
59,2026-08-08 04:25:00+10:00,4,2,6,True,2026-08-08,04:25:00,Low
69,2026-08-08 04:25:00+10:00,1,0,1,True,2026-08-08,04:25:00,Low
84,2026-08-08 04:25:00+10:00,3,1,4,True,2026-08-08,04:25:00,Low
134,2026-08-08 04:25:00+10:00,0,4,4,True,2026-08-08,04:25:00,Low
24,2026-08-08 04:25:00+10:00,0,4,4,True,2026-08-08,04:25:00,Low
27,2026-08-08 04:25:00+10:00,0,1,1,True,2026-08-08,04:25:00,Low
35,2026-08-08 04:25:00+10:00,0,1,1,True,2026-08-08,04:25:00,Low
52,2026-08-08 04:25:00+10:00,0,1,1,True,2026-08-08,04:25:00,Low
58,2026-08-08 04:25:00+10:00,1,0,1,True,2026-08-08,04:25:00,Low
67,2026-08-08 04:25:00+10:00,1,0,1,True,2026-08-08,04:25:00,Low
41,2026-08-08 04:25:00+10:00,6,1,7,True,2026-08-08,04:25:00,Low
42,2026-08-08 04:25:00+10:00,0,3,3,True,2026-08-08,04:25:00,Low
47,2026-08-08 04:25:00+10:00,1,1,2,True,2026-08-08,04:25:00,Low
131,2026-08-08 04:25:00+10:00,2,3,5,True,2026-08-08,04:25:00,Low
133,2026-08-08 04:25:00+10:00,1,4,5,True,2026-08-08,04:25:00,Low
162,2026-08-08 04:25:00+10:00,0,1,1,True,2026-08-08,04:25:00,Low
182,2026-08-08 04:25:00+10:00,1,7,8,True,2026-08-08,04:25:00,Low
30,2026-08-08 04:25:00+10:00,5,5,10,True,2026-08-08,04:25:00,Low
62,2026-08-08 04:25:00+10:00,1,0,1,True,2026-08-08,04:25:00,Low
109,2026-08-08 04:25:00+10:00,1,0,1,True,2026-08-08,04:25:00,Low
181,2026-08-08 04:24:00+10:00,0,1,1,True,2026-08-08,04:24:00,Low
19,2026-08-08 04:24:00+10:00,0,4,4,True,2026-08-08,04:24:00,Low
62,2026-08-08 04:24:00+10:00,1,0,1,True,2026-08-08,04:24:00,Low
61,2026-08-08 04:24:00+10:00,0,1,1,True,2026-08-08,04:24:00,Low
24,2026-08-08 04:24:00+10:00,0,5,5,True,2026-08-08,04:24:00,Low
52,2026-08-08 04:24:00+10:00,0,3,3,True,2026-08-08,04:24:00,Low
53,2026-08-08 04:24:00+10:00,1,0,1,True,2026-08-08,04:24:00,Low
72,2026-08-08 04:24:00+10:00,1,0,1,True,2026-08-08,04:24:00,Low
66,2026-08-08 04:23:00+10:00,2,1,3,True,2026-08-08,04:23:00,Low
181,2026-08-08 04:23:00+10:00,2,0,2,True,2026-08-08,04:23:00,Low
209,2026-08-08 04:23:00+10:00,0,1,1,True,2026-08-08,04:23:00,Low
2,2026-08-08 04:23:00+10:00,0,1,1,True,2026-08-08,04:23:00,Low
53,2026-08-08 04:23:00+10:00,1,0,1,True,2026-08-08,04:23:00,Low
63,2026-08-08 04:23:00+10:00,0,1,1,True,2026-08-08,04:23:00,Low
79,2026-08-08 04:23:00+10:00,0,1,1,True,2026-08-08,04:23:00,Low
85,2026-08-08 04:23:00+10:00,1,2,3,True,2026-08-08,04:23:00,Low
3,2026-08-08 04:23:00+10:00,1,6,7,True,2026-08-08,04:23:00,Low
187,2026-08-08 04:23:00+10:00,3,0,3,True,2026-08-08,04:23:00,Low
41,2026-08-08 04:23:00+10:00,3,1,4,True,2026-08-08,04:23:00,Low
61,2026-08-08 04:23:00+10:00,1,1,2,True,2026-08-08,04:23:00,Low
19,2026-08-08 04:23:00+10:00,0,2,2,True,2026-08-08,04:23:00,Low
3,2026-08-08 04:22:00+10:00,1,0,1,True,2026-08-08,04:22:00,Low
41,2026-08-08 04:22:00+10:00,0,2,2,True,2026-08-08,04:22:00,Low
181,2026-08-08 04:22:00+10:00,0,3,3,True,2026-08-08,04:22:00,Low
209,2026-08-08 04:22:00+10:00,0,3,3,True,2026-08-08,04:22:00,Low
85,2026-08-08 04:22:00+10:00,0,1,1,True,2026-08-08,04:22:00,Low
4,2026-08-08 04:22:00+10:00,0,1,1,True,2026-08-08,04:22:00,Low
61,2026-08-08 04:22:00+10:00,1,0,1,True,2026-08-08,04:22:00,Low
19,2026-08-08 04:22:00+10:00,1,2,3,True,2026-08-08,04:22:00,Low
6,2026-08-08 04:22:00+10:00,1,0,1,True,2026-08-08,04:22:00,Low
20,2026-08-08 04:22:00+10:00,1,0,1,True,2026-08-08,04:22:00,Low
53,2026-08-08 04:22:00+10:00,1,0,1,True,2026-08-08,04:22:00,Low
3,2026-08-08 04:21:00+10:00,3,2,5,True,2026-08-08,04:21:00,Low
4,2026-08-08 04:21:00+10:00,1,2,3,True,2026-08-08,04:21:00,Low
24,2026-08-08 04:21:00+10:00,0,2,2,True,2026-08-08,04:21:00,Low
62,2026-08-08 04:21:00+10:00,4,0,4,True,2026-08-08,04:21:00,Low
76,2026-08-08 04:21:00+10:00,1,0,1,True,2026-08-08,04:21:00,Low
36,2026-08-08 04:21:00+10:00,1,3,4,True,2026-08-08,04:21:00,Low
41,2026-08-08 04:21:00+10:00,2,0,2,True,2026-08-08,04:21:00,Low
2,2026-08-08 04:21:00+10:00,0,1,1,True,2026-08-08,04:21:00,Low
20,2026-08-08 04:21:00+10:00,0,1,1,True,2026-08-08,04:21:00,Low
63,2026-08-08 04:21:00+10:00,0,2,2,True,2026-08-08,04:21:00,Low
3,2026-08-08 04:20:00+10:00,1,0,1,True,2026-08-08,04:20:00,Low
5,2026-08-08 04:20:00+10:00,4,2,6,True,2026-08-08,04:20:00,Low
21,2026-08-08 04:20:00+10:00,0,1,1,True,2026-08-08,04:20:00,Low
31,2026-08-08 04:20:00+10:00,0,1,1,True,2026-08-08,04:20:00,Low
59,2026-08-08 04:20:00+10:00,2,1,3,True,2026-08-08,04:20:00,Low
84,2026-08-08 04:20:00+10:00,3,4,7,True,2026-08-08,04:20:00,Low
107,2026-08-08 04:20:00+10:00,1,0,1,True,2026-08-08,04:20:00,Low
133,2026-08-08 04:20:00+10:00,3,5,8,True,2026-08-08,04:20:00,Low
135,2026-08-08 04:20:00+10:00,1,5,6,True,2026-08-08,04:20:00,Low
179,2026-08-08 04:20:00+10:00,0,1,1,True,2026-08-08,04:20:00,Low
182,2026-08-08 04:20:00+10:00,3,3,6,True,2026-08-08,04:20:00,Low
1,2026-08-08 04:20:00+10:00,0,6,6,True,2026-08-08,04:20:00,Low
19,2026-08-08 04:20:00+10:00,0,2,2,True,2026-08-08,04:20:00,Low
30,2026-08-08 04:20:00+10:00,0,1,1,True,2026-08-08,04:20:00,Low
48,2026-08-08 04:20:00+10:00,0,1,1,True,2026-08-08,04:20:00,Low
49,2026-08-08 04:20:00+10:00,3,1,4,True,2026-08-08,04:20:00,Low
109,2026-08-08 04:20:00+10:00,1,0,1,True,2026-08-08,04:20:00,Low
141,2026-08-08 04:20:00+10:00,6,2,8,True,2026-08-08,04:20:00,Low
142,2026-08-08 04:20:00+10:00,1,1,2,True,2026-08-08,04:20:00,Low
164,2026-08-08 04:20:00+10:00,0,4,4,True,2026-08-08,04:20:00,Low
47,2026-08-08 04:20:00+10:00,0,2,2,True,2026-08-08,04:20:00,Low
162,2026-08-08 04:20:00+10:00,0,2,2,True,2026-08-08,04:20:00,Low
167,2026-08-08 04:20:00+10:00,0,1,1,True,2026-08-08,04:20:00,Low
185,2026-08-08 04:20:00+10:00,2,3,5,True,2026-08-08,04:20:00,Low
53,2026-08-08 04:20:00+10:00,0,1,1,True,2026-08-08,04:20:00,Low
36,2026-08-08 04:20:00+10:00,0,3,3,True,2026-08-08,04:20:00,Low
41,2026-08-08 04:20:00+10:00,0,1,1,True,2026-08-08,04:20:00,Low
45,2026-08-08 04:20:00+10:00,0,3,3,True,2026-08-08,04:20:00,Low
54,2026-08-08 04:20:00+10:00,3,0,3,True,2026-08-08,04:20:00,Low
131,2026-08-08 04:20:00+10:00,1,15,16,True,2026-08-08,04:20:00,Low
132,2026-08-08 04:20:00+10:00,1,0,1,True,2026-08-08,04:20:00,Low
134,2026-08-08 04:20:00+10:00,1,2,3,True,2026-08-08,04:20:00,Low
181,2026-08-08 04:20:00+10:00,1,2,3,True,2026-08-08,04:20:00,Low
184,2026-08-08 04:20:00+10:00,0,4,4,True,2026-08-08,04:20:00,Low
24,2026-08-08 04:20:00+10:00,2,0,2,True,2026-08-08,04:20:00,Low
52,2026-08-08 04:20:00+10:00,0,1,1,True,2026-08-08,04:20:00,Low
56,2026-08-08 04:20:00+10:00,0,1,1,True,2026-08-08,04:20:00,Low
62,2026-08-08 04:20:00+10:00,1,2,3,True,2026-08-08,04:20:00,Low
72,2026-08-08 04:20:00+10:00,0,4,4,True,2026-08-08,04:20:00,Low
75,2026-08-08 04:19:00+10:00,1,0,1,True,2026-08-08,04:19:00,Low
19,2026-08-08 04:19:00+10:00,2,0,2,True,2026-08-08,04:19:00,Low
3,2026-08-08 04:19:00+10:00,5,1,6,True,2026-08-08,04:19:00,Low
181,2026-08-08 04:19:00+10:00,1,0,1,True,2026-08-08,04:19:00,Low
36,2026-08-08 04:19:00+10:00,1,0,1,True,2026-08-08,04:19:00,Low
41,2026-08-08 04:19:00+10:00,0,4,4,True,2026-08-08,04:19:00,Low
20,2026-08-08 04:19:00+10:00,1,0,1,True,2026-08-08,04:19:00,Low
36,2026-08-08 04:18:00+10:00,1,0,1,True,2026-08-08,04:18:00,Low
12,2026-08-08 04:18:00+10:00,0,1,1,True,2026-08-08,04:18:00,Low
41,2026-08-08 04:18:00+10:00,3,0,3,True,2026-08-08,04:18:00,Low
4,2026-08-08 04:18:00+10:00,1,1,2,True,2026-08-08,04:18:00,Low
3,2026-08-08 04:17:00+10:00,3,0,3,True,2026-08-08,04:17:00,Low
6,2026-08-08 04:17:00+10:00,1,0,1,True,2026-08-08,04:17:00,Low
1,2026-08-08 04:17:00+10:00,2,0,2,True,2026-08-08,04:17:00,Low
24,2026-08-08 04:17:00+10:00,0,1,1,True,2026-08-08,04:17:00,Low
36,2026-08-08 04:17:00+10:00,1,0,1,True,2026-08-08,04:17:00,Low
41,2026-08-08 04:17:00+10:00,4,0,4,True,2026-08-08,04:17:00,Low
61,2026-08-08 04:17:00+10:00,1,0,1,True,2026-08-08,04:17:00,Low
9,2026-08-08 04:17:00+10:00,1,0,1,True,2026-08-08,04:17:00,Low
19,2026-08-08 04:17:00+10:00,1,1,2,True,2026-08-08,04:17:00,Low
2,2026-08-08 04:17:00+10:00,1,0,1,True,2026-08-08,04:17:00,Low
19,2026-08-08 04:16:00+10:00,0,2,2,True,2026-08-08,04:16:00,Low
41,2026-08-08 04:16:00+10:00,3,1,4,True,2026-08-08,04:16:00,Low
66,2026-08-08 04:16:00+10:00,4,0,4,True,2026-08-08,04:16:00,Low
35,2026-08-08 04:16:00+10:00,1,0,1,True,2026-08-08,04:16:00,Low
72,2026-08-08 04:16:00+10:00,1,0,1,True,2026-08-08,04:16:00,Low
4,2026-08-08 04:16:00+10:00,0,2,2,True,2026-08-08,04:16:00,Low
61,2026-08-08 04:16:00+10:00,1,0,1,True,2026-08-08,04:16:00,Low
1,2026-08-08 04:16:00+10:00,1,1,2,True,2026-08-08,04:16:00,Low
67,2026-08-08 04:16:00+10:00,0,1,1,True,2026-08-08,04:16:00,Low
3,2026-08-08 04:15:00+10:00,0,1,1,True,2026-08-08,04:15:00,Low
41,2026-08-08 04:15:00+10:00,0,1,1,True,2026-08-08,04:15:00,Low
47,2026-08-08 04:15:00+10:00,0,2,2,True,2026-08-08,04:15:00,Low
66,2026-08-08 04:15:00+10:00,1,0,1,True,2026-08-08,04:15:00,Low
107,2026-08-08 04:15:00+10:00,1,2,3,True,2026-08-08,04:15:00,Low
131,2026-08-08 04:15:00+10:00,0,1,1,True,2026-08-08,04:15:00,Low
134,2026-08-08 04:15:00+10:00,1,1,2,True,2026-08-08,04:15:00,Low
143,2026-08-08 04:15:00+10:00,5,0,5,True,2026-08-08,04:15:00,Low
162,2026-08-08 04:15:00+10:00,12,3,15,True,2026-08-08,04:15:00,Low
179,2026-08-08 04:15:00+10:00,1,2,3,True,2026-08-08,04:15:00,Low
185,2026-08-08 04:15:00+10:00,1,1,2,True,2026-08-08,04:15:00,Low
209,2026-08-08 04:15:00+10:00,3,0,3,True,2026-08-08,04:15:00,Low
23,2026-08-08 04:15:00+10:00,0,1,1,True,2026-08-08,04:15:00,Low
48,2026-08-08 04:15:00+10:00,0,1,1,True,2026-08-08,04:15:00,Low
141,2026-08-08 04:15:00+10:00,5,1,6,True,2026-08-08,04:15:00,Low
36,2026-08-08 04:15:00+10:00,0,1,1,True,2026-08-08,04:15:00,Low
45,2026-08-08 04:15:00+10:00,2,11,13,True,2026-08-08,04:15:00,Low
59,2026-08-08 04:15:00+10:00,3,1,4,True,2026-08-08,04:15:00,Low
132,2026-08-08 04:15:00+10:00,1,0,1,True,2026-08-08,04:15:00,Low
133,2026-08-08 04:15:00+10:00,0,1,1,True,2026-08-08,04:15:00,Low
135,2026-08-08 04:15:00+10:00,2,2,4,True,2026-08-08,04:15:00,Low
181,2026-08-08 04:15:00+10:00,0,1,1,True,2026-08-08,04:15:00,Low
182,2026-08-08 04:15:00+10:00,2,5,7,True,2026-08-08,04:15:00,Low
30,2026-08-08 04:15:00+10:00,5,4,9,True,2026-08-08,04:15:00,Low
49,2026-08-08 04:15:00+10:00,1,3,4,True,2026-08-08,04:15:00,Low
72,2026-08-08 04:15:00+10:00,1,0,1,True,2026-08-08,04:15:00,Low
4,2026-08-08 04:15:00+10:00,1,0,1,True,2026-08-08,04:15:00,Low
5,2026-08-08 04:15:00+10:00,1,1,2,True,2026-08-08,04:15:00,Low
84,2026-08-08 04:15:00+10:00,5,3,8,True,2026-08-08,04:15:00,Low
184,2026-08-08 04:15:00+10:00,1,6,7,True,2026-08-08,04:15:00,Low
19,2026-08-08 04:15:00+10:00,1,1,2,True,2026-08-08,04:15:00,Low
25,2026-08-08 04:15:00+10:00,1,0,1,True,2026-08-08,04:15:00,Low
58,2026-08-08 04:15:00+10:00,0,2,2,True,2026-08-08,04:15:00,Low
79,2026-08-08 04:15:00+10:00,1,0,1,True,2026-08-08,04:15:00,Low
4,2026-08-08 04:14:00+10:00,2,0,2,True,2026-08-08,04:14:00,Low
36,2026-08-08 04:14:00+10:00,1,0,1,True,2026-08-08,04:14:00,Low
66,2026-08-08 04:14:00+10:00,1,0,1,True,2026-08-08,04:14:00,Low
181,2026-08-08 04:14:00+10:00,2,0,2,True,2026-08-08,04:14:00,Low
63,2026-08-08 04:14:00+10:00,0,3,3,True,2026-08-08,04:14:00,Low
79,2026-08-08 04:14:00+10:00,0,1,1,True,2026-08-08,04:14:00,Low
41,2026-08-08 04:14:00+10:00,0,1,1,True,2026-08-08,04:14:00,Low
61,2026-08-08 04:14:00+10:00,8,0,8,True,2026-08-08,04:14:00,Low
20,2026-08-08 04:14:00+10:00,0,1,1,True,2026-08-08,04:14:00,Low
24,2026-08-08 04:14:00+10:00,1,0,1,True,2026-08-08,04:14:00,Low
56,2026-08-08 04:14:00+10:00,2,0,2,True,2026-08-08,04:14:00,Low
209,2026-08-08 04:14:00+10:00,0,1,1,True,2026-08-08,04:14:00,Low
62,2026-08-08 04:14:00+10:00,0,1,1,True,2026-08-08,04:14:00,Low
181,2026-08-08 04:13:00+10:00,2,0,2,True,2026-08-08,04:13:00,Low
36,2026-08-08 04:13:00+10:00,1,0,1,True,2026-08-08,04:13:00,Low
41,2026-08-08 04:13:00+10:00,2,0,2,True,2026-08-08,04:13:00,Low
61,2026-08-08 04:13:00+10:00,2,0,2,True,2026-08-08,04:13:00,Low
1,2026-08-08 04:13:00+10:00,1,0,1,True,2026-08-08,04:13:00,Low
69,2026-08-08 04:13:00+10:00,2,0,2,True,2026-08-08,04:13:00,Low
9,2026-08-08 04:13:00+10:00,0,1,1,True,2026-08-08,04:13:00,Low
24,2026-08-08 04:13:00+10:00,1,0,1,True,2026-08-08,04:13:00,Low
56,2026-08-08 04:13:00+10:00,0,2,2,True,2026-08-08,04:13:00,Low
6,2026-08-08 04:12:00+10:00,0,2,2,True,2026-08-08,04:12:00,Low
181,2026-08-08 04:12:00+10:00,1,0,1,True,2026-08-08,04:12:00,Low
52,2026-08-08 04:12:00+10:00,0,2,2,True,2026-08-08,04:12:00,Low
53,2026-08-08 04:12:00+10:00,0,1,1,True,2026-08-08,04:12:00,Low
63,2026-08-08 04:12:00+10:00,0,1,1,True,2026-08-08,04:12:00,Low
36,2026-08-08 04:12:00+10:00,7,0,7,True,2026-08-08,04:12:00,Low
1,2026-08-08 04:12:00+10:00,3,0,3,True,2026-08-08,04:12:00,Low
41,2026-08-08 04:12:00+10:00,2,1,3,True,2026-08-08,04:12:00,Low
56,2026-08-08 04:12:00+10:00,3,0,3,True,2026-08-08,04:12:00,Low
24,2026-08-08 04:11:00+10:00,0,1,1,True,2026-08-08,04:11:00,Low
56,2026-08-08 04:11:00+10:00,4,0,4,True,2026-08-08,04:11:00,Low
67,2026-08-08 04:11:00+10:00,0,1,1,True,2026-08-08,04:11:00,Low
66,2026-08-08 04:11:00+10:00,3,0,3,True,2026-08-08,04:11:00,Low
62,2026-08-08 04:11:00+10:00,0,1,1,True,2026-08-08,04:11:00,Low
3,2026-08-08 04:11:00+10:00,0,1,1,True,2026-08-08,04:11:00,Low
4,2026-08-08 04:11:00+10:00,1,0,1,True,2026-08-08,04:11:00,Low
36,2026-08-08 04:11:00+10:00,4,5,9,True,2026-08-08,04:11:00,Low
41,2026-08-08 04:11:00+10:00,1,0,1,True,2026-08-08,04:11:00,Low
6,2026-08-08 04:10:00+10:00,2,0,2,True,2026-08-08,04:10:00,Low
36,2026-08-08 04:10:00+10:00,0,2,2,True,2026-08-08,04:10:00,Low
77,2026-08-08 04:10:00+10:00,0,1,1,True,2026-08-08,04:10:00,Low
162,2026-08-08 04:10:00+10:00,13,1,14,True,2026-08-08,04:10:00,Low
181,2026-08-08 04:10:00+10:00,0,1,1,True,2026-08-08,04:10:00,Low
20,2026-08-08 04:10:00+10:00,0,1,1,True,2026-08-08,04:10:00,Low
63,2026-08-08 04:10:00+10:00,0,1,1,True,2026-08-08,04:10:00,Low
141,2026-08-08 04:10:00+10:00,2,1,3,True,2026-08-08,04:10:00,Low
41,2026-08-08 04:10:00+10:00,2,2,4,True,2026-08-08,04:10:00,Low
54,2026-08-08 04:10:00+10:00,0,3,3,True,2026-08-08,04:10:00,Low
59,2026-08-08 04:10:00+10:00,4,3,7,True,2026-08-08,04:10:00,Low
84,2026-08-08 04:10:00+10:00,2,4,6,True,2026-08-08,04:10:00,Low
131,2026-08-08 04:10:00+10:00,5,3,8,True,2026-08-08,04:10:00,Low
182,2026-08-08 04:10:00+10:00,3,5,8,True,2026-08-08,04:10:00,Low
185,2026-08-08 04:10:00+10:00,6,3,9,True,2026-08-08,04:10:00,Low
35,2026-08-08 04:10:00+10:00,0,1,1,True,2026-08-08,04:10:00,Low
49,2026-08-08 04:10:00+10:00,2,2,4,True,2026-08-08,04:10:00,Low
62,2026-08-08 04:10:00+10:00,1,0,1,True,2026-08-08,04:10:00,Low
5,2026-08-08 04:10:00+10:00,0,1,1,True,2026-08-08,04:10:00,Low
21,2026-08-08 04:10:00+10:00,1,0,1,True,2026-08-08,04:10:00,Low
47,2026-08-08 04:10:00+10:00,1,0,1,True,2026-08-08,04:10:00,Low
66,2026-08-08 04:10:00+10:00,1,0,1,True,2026-08-08,04:10:00,Low
107,2026-08-08 04:10:00+10:00,1,0,1,True,2026-08-08,04:10:00,Low
134,2026-08-08 04:10:00+10:00,1,1,2,True,2026-08-08,04:10:00,Low
135,2026-08-08 04:10:00+10:00,1,0,1,True,2026-08-08,04:10:00,Low
143,2026-08-08 04:10:00+10:00,5,1,6,True,2026-08-08,04:10:00,Low
30,2026-08-08 04:10:00+10:00,6,4,10,True,2026-08-08,04:10:00,Low
56,2026-08-08 04:10:00+10:00,1,0,1,True,2026-08-08,04:10:00,Low
58,2026-08-08 04:10:00+10:00,1,1,2,True,2026-08-08,04:10:00,Low
209,2026-08-08 04:09:00+10:00,0,3,3,True,2026-08-08,04:09:00,Low
6,2026-08-08 04:09:00+10:00,2,0,2,True,2026-08-08,04:09:00,Low
36,2026-08-08 04:09:00+10:00,0,1,1,True,2026-08-08,04:09:00,Low
61,2026-08-08 04:09:00+10:00,0,1,1,True,2026-08-08,04:09:00,Low
66,2026-08-08 04:09:00+10:00,7,0,7,True,2026-08-08,04:09:00,Low
1,2026-08-08 04:09:00+10:00,0,1,1,True,2026-08-08,04:09:00,Low
20,2026-08-08 04:09:00+10:00,0,1,1,True,2026-08-08,04:09:00,Low
79,2026-08-08 04:09:00+10:00,0,2,2,True,2026-08-08,04:09:00,Low
181,2026-08-08 04:09:00+10:00,3,1,4,True,2026-08-08,04:09:00,Low
20,2026-08-08 04:08:00+10:00,1,0,1,True,2026-08-08,04:08:00,Low
63,2026-08-08 04:08:00+10:00,0,3,3,True,2026-08-08,04:08:00,Low
4,2026-08-08 04:08:00+10:00,1,0,1,True,2026-08-08,04:08:00,Low
41,2026-08-08 04:08:00+10:00,1,0,1,True,2026-08-08,04:08:00,Low
50,2026-08-08 04:08:00+10:00,0,2,2,True,2026-08-08,04:08:00,Low
24,2026-08-08 04:08:00+10:00,1,0,1,True,2026-08-08,04:08:00,Low
53,2026-08-08 04:08:00+10:00,0,1,1,True,2026-08-08,04:08:00,Low
29,2026-08-08 04:08:00+10:00,0,1,1,True,2026-08-08,04:08:00,Low
36,2026-08-08 04:08:00+10:00,1,0,1,True,2026-08-08,04:08:00,Low
35,2026-08-08 04:08:00+10:00,0,1,1,True,2026-08-08,04:08:00,Low
67,2026-08-08 04:08:00+10:00,2,0,2,True,2026-08-08,04:08:00,Low
209,2026-08-08 04:07:00+10:00,3,0,3,True,2026-08-08,04:07:00,Low
3,2026-08-08 04:07:00+10:00,1,0,1,True,2026-08-08,04:07:00,Low
36,2026-08-08 04:07:00+10:00,4,2,6,True,2026-08-08,04:07:00,Low
19,2026-08-08 04:07:00+10:00,0,1,1,True,2026-08-08,04:07:00,Low
63,2026-08-08 04:07:00+10:00,0,2,2,True,2026-08-08,04:07:00,Low
41,2026-08-08 04:07:00+10:00,1,2,3,True,2026-08-08,04:07:00,Low
181,2026-08-08 04:07:00+10:00,1,3,4,True,2026-08-08,04:07:00,Low
56,2026-08-08 04:07:00+10:00,3,0,3,True,2026-08-08,04:07:00,Low
41,2026-08-08 04:06:00+10:00,2,2,4,True,2026-08-08,04:06:00,Low
36,2026-08-08 04:06:00+10:00,0,3,3,True,2026-08-08,04:06:00,Low
39,2026-08-08 04:06:00+10:00,1,0,1,True,2026-08-08,04:06:00,Low
61,2026-08-08 04:06:00+10:00,5,0,5,True,2026-08-08,04:06:00,Low
25,2026-08-08 04:05:00+10:00,1,2,3,True,2026-08-08,04:05:00,Low
48,2026-08-08 04:05:00+10:00,0,1,1,True,2026-08-08,04:05:00,Low
49,2026-08-08 04:05:00+10:00,1,0,1,True,2026-08-08,04:05:00,Low
141,2026-08-08 04:05:00+10:00,0,1,1,True,2026-08-08,04:05:00,Low
3,2026-08-08 04:05:00+10:00,0,1,1,True,2026-08-08,04:05:00,Low
5,2026-08-08 04:05:00+10:00,3,0,3,True,2026-08-08,04:05:00,Low
31,2026-08-08 04:05:00+10:00,0,1,1,True,2026-08-08,04:05:00,Low
41,2026-08-08 04:05:00+10:00,0,1,1,True,2026-08-08,04:05:00,Low
59,2026-08-08 04:05:00+10:00,3,0,3,True,2026-08-08,04:05:00,Low
84,2026-08-08 04:05:00+10:00,1,6,7,True,2026-08-08,04:05:00,Low
131,2026-08-08 04:05:00+10:00,0,3,3,True,2026-08-08,04:05:00,Low
45,2026-08-08 04:05:00+10:00,1,6,7,True,2026-08-08,04:05:00,Low
47,2026-08-08 04:05:00+10:00,0,3,3,True,2026-08-08,04:05:00,Low
54,2026-08-08 04:05:00+10:00,1,0,1,True,2026-08-08,04:05:00,Low
77,2026-08-08 04:05:00+10:00,1,0,1,True,2026-08-08,04:05:00,Low
133,2026-08-08 04:05:00+10:00,1,0,1,True,2026-08-08,04:05:00,Low
134,2026-08-08 04:05:00+10:00,1,0,1,True,2026-08-08,04:05:00,Low
143,2026-08-08 04:05:00+10:00,5,1,6,True,2026-08-08,04:05:00,Low
162,2026-08-08 04:05:00+10:00,8,3,11,True,2026-08-08,04:05:00,Low
184,2026-08-08 04:05:00+10:00,2,3,5,True,2026-08-08,04:05:00,Low
185,2026-08-08 04:05:00+10:00,1,0,1,True,2026-08-08,04:05:00,Low
209,2026-08-08 04:05:00+10:00,1,0,1,True,2026-08-08,04:05:00,Low
30,2026-08-08 04:05:00+10:00,4,5,9,True,2026-08-08,04:05:00,Low
62,2026-08-08 04:05:00+10:00,1,0,1,True,2026-08-08,04:05:00,Low
109,2026-08-08 04:05:00+10:00,5,0,5,True,2026-08-08,04:05:00,Low
161,2026-08-08 04:05:00+10:00,3,0,3,True,2026-08-08,04:05:00,Low
4,2026-08-08 04:05:00+10:00,1,0,1,True,2026-08-08,04:05:00,Low
21,2026-08-08 04:05:00+10:00,1,3,4,True,2026-08-08,04:05:00,Low
36,2026-08-08 04:05:00+10:00,1,2,3,True,2026-08-08,04:05:00,Low
135,2026-08-08 04:05:00+10:00,3,2,5,True,2026-08-08,04:05:00,Low
181,2026-08-08 04:05:00+10:00,3,0,3,True,2026-08-08,04:05:00,Low
182,2026-08-08 04:05:00+10:00,7,11,18,True,2026-08-08,04:05:00,Low
17,2026-08-08 04:05:00+10:00,1,0,1,True,2026-08-08,04:05:00,Low
36,2026-08-08 04:04:00+10:00,3,0,3,True,2026-08-08,04:04:00,Low
6,2026-08-08 04:04:00+10:00,1,0,1,True,2026-08-08,04:04:00,Low
66,2026-08-08 04:04:00+10:00,1,0,1,True,2026-08-08,04:04:00,Low
72,2026-08-08 04:04:00+10:00,0,2,2,True,2026-08-08,04:04:00,Low
41,2026-08-08 04:04:00+10:00,0,2,2,True,2026-08-08,04:04:00,Low
181,2026-08-08 04:04:00+10:00,1,0,1,True,2026-08-08,04:04:00,Low
209,2026-08-08 04:04:00+10:00,0,1,1,True,2026-08-08,04:04:00,Low
63,2026-08-08 04:04:00+10:00,2,0,2,True,2026-08-08,04:04:00,Low
79,2026-08-08 04:04:00+10:00,1,0,1,True,2026-08-08,04:04:00,Low
20,2026-08-08 04:03:00+10:00,1,0,1,True,2026-08-08,04:03:00,Low
24,2026-08-08 04:03:00+10:00,0,1,1,True,2026-08-08,04:03:00,Low
36,2026-08-08 04:03:00+10:00,1,2,3,True,2026-08-08,04:03:00,Low
41,2026-08-08 04:03:00+10:00,1,3,4,True,2026-08-08,04:03:00,Low
62,2026-08-08 04:03:00+10:00,2,0,2,True,2026-08-08,04:03:00,Low
181,2026-08-08 04:03:00+10:00,1,2,3,True,2026-08-08,04:03:00,Low
79,2026-08-08 04:03:00+10:00,1,0,1,True,2026-08-08,04:03:00,Low
19,2026-08-08 04:02:00+10:00,0,3,3,True,2026-08-08,04:02:00,Low
20,2026-08-08 04:02:00+10:00,0,2,2,True,2026-08-08,04:02:00,Low
79,2026-08-08 04:02:00+10:00,0,2,2,True,2026-08-08,04:02:00,Low
181,2026-08-08 04:02:00+10:00,1,0,1,True,2026-08-08,04:02:00,Low
4,2026-08-08 04:02:00+10:00,2,0,2,True,2026-08-08,04:02:00,Low
6,2026-08-08 04:02:00+10:00,1,0,1,True,2026-08-08,04:02:00,Low
61,2026-08-08 04:02:00+10:00,0,2,2,True,2026-08-08,04:02:00,Low
24,2026-08-08 04:02:00+10:00,1,0,1,True,2026-08-08,04:02:00,Low
36,2026-08-08 04:02:00+10:00,0,1,1,True,2026-08-08,04:02:00,Low
66,2026-08-08 04:02:00+10:00,2,0,2,True,2026-08-08,04:02:00,Low
9,2026-08-08 04:02:00+10:00,0,1,1,True,2026-08-08,04:02:00,Low
36,2026-08-08 04:01:00+10:00,3,2,5,True,2026-08-08,04:01:00,Low
41,2026-08-08 04:01:00+10:00,0,1,1,True,2026-08-08,04:01:00,Low
181,2026-08-08 04:01:00+10:00,2,3,5,True,2026-08-08,04:01:00,Low
63,2026-08-08 04:01:00+10:00,0,2,2,True,2026-08-08,04:01:00,Low
3,2026-08-08 04:01:00+10:00,1,0,1,True,2026-08-08,04:01:00,Low
4,2026-08-08 04:01:00+10:00,0,1,1,True,2026-08-08,04:01:00,Low
9,2026-08-08 04:01:00+10:00,1,0,1,True,2026-08-08,04:01:00,Low
19,2026-08-08 04:01:00+10:00,2,0,2,True,2026-08-08,04:01:00,Low
23,2026-08-08 04:00:00+10:00,2,0,2,True,2026-08-08,04:00:00,Low
30,2026-08-08 04:00:00+10:00,0,3,3,True,2026-08-08,04:00:00,Low
49,2026-08-08 04:00:00+10:00,3,0,3,True,2026-08-08,04:00:00,Low
58,2026-08-08 04:00:00+10:00,0,1,1,True,2026-08-08,04:00:00,Low
3,2026-08-08 04:00:00+10:00,2,0,2,True,2026-08-08,04:00:00,Low
36,2026-08-08 04:00:00+10:00,1,0,1,True,2026-08-08,04:00:00,Low
37,2026-08-08 04:00:00+10:00,0,1,1,True,2026-08-08,04:00:00,Low
41,2026-08-08 04:00:00+10:00,0,1,1,True,2026-08-08,04:00:00,Low
43,2026-08-08 04:00:00+10:00,1,0,1,True,2026-08-08,04:00:00,Low
47,2026-08-08 04:00:00+10:00,3,2,5,True,2026-08-08,04:00:00,Low
54,2026-08-08 04:00:00+10:00,2,0,2,True,2026-08-08,04:00:00,Low
5,2026-08-08 04:00:00+10:00,2,7,9,True,2026-08-08,04:00:00,Low
21,2026-08-08 04:00:00+10:00,2,0,2,True,2026-08-08,04:00:00,Low
45,2026-08-08 04:00:00+10:00,0,8,8,True,2026-08-08,04:00:00,Low
59,2026-08-08 04:00:00+10:00,6,1,7,True,2026-08-08,04:00:00,Low
77,2026-08-08 04:00:00+10:00,1,0,1,True,2026-08-08,04:00:00,Low
84,2026-08-08 04:00:00+10:00,3,6,9,True,2026-08-08,04:00:00,Low
132,2026-08-08 04:00:00+10:00,6,0,6,True,2026-08-08,04:00:00,Low
134,2026-08-08 04:00:00+10:00,2,1,3,True,2026-08-08,04:00:00,Low
135,2026-08-08 04:00:00+10:00,1,0,1,True,2026-08-08,04:00:00,Low
143,2026-08-08 04:00:00+10:00,4,4,8,True,2026-08-08,04:00:00,Low
162,2026-08-08 04:00:00+10:00,1,2,3,True,2026-08-08,04:00:00,Low
184,2026-08-08 04:00:00+10:00,1,3,4,True,2026-08-08,04:00:00,Low
185,2026-08-08 04:00:00+10:00,6,2,8,True,2026-08-08,04:00:00,Low
68,2026-08-08 04:00:00+10:00,1,0,1,True,2026-08-08,04:00:00,Low
109,2026-08-08 04:00:00+10:00,1,0,1,True,2026-08-08,04:00:00,Low
141,2026-08-08 04:00:00+10:00,0,2,2,True,2026-08-08,04:00:00,Low
4,2026-08-08 04:00:00+10:00,0,1,1,True,2026-08-08,04:00:00,Low
133,2026-08-08 04:00:00+10:00,0,6,6,True,2026-08-08,04:00:00,Low
182,2026-08-08 04:00:00+10:00,2,3,5,True,2026-08-08,04:00:00,Low
209,2026-08-08 04:00:00+10:00,2,0,2,True,2026-08-08,04:00:00,Low
17,2026-08-08 04:00:00+10:00,2,0,2,True,2026-08-08,04:00:00,Low
19,2026-08-08 04:00:00+10:00,3,0,3,True,2026-08-08,04:00:00,Low
63,2026-08-08 04:00:00+10:00,0,1,1,True,2026-08-08,04:00:00,Low
79,2026-08-08 04:00:00+10:00,0,2,2,True,2026-08-08,04:00:00,Low
9,2026-08-08 03:59:00+10:00,0,1,1,True,2026-08-08,03:59:00,Low
35,2026-08-08 03:59:00+10:00,1,0,1,True,2026-08-08,03:59:00,Low
56,2026-08-08 03:59:00+10:00,0,2,2,True,2026-08-08,03:59:00,Low
62,2026-08-08 03:59:00+10:00,2,0,2,True,2026-08-08,03:59:00,Low
63,2026-08-08 03:59:00+10:00,0,1,1,True,2026-08-08,03:59:00,Low
39,2026-08-08 03:59:00+10:00,1,0,1,True,2026-08-08,03:59:00,Low
181,2026-08-08 03:59:00+10:00,1,0,1,True,2026-08-08,03:59:00,Low
41,2026-08-08 03:59:00+10:00,0,2,2,True,2026-08-08,03:59:00,Low
69,2026-08-08 03:59:00+10:00,1,0,1,True,2026-08-08,03:59:00,Low
209,2026-08-08 03:59:00+10:00,1,2,3,True,2026-08-08,03:59:00,Low
3,2026-08-08 03:59:00+10:00,4,0,4,True,2026-08-08,03:59:00,Low
6,2026-08-08 03:59:00+10:00,2,2,4,True,2026-08-08,03:59:00,Low
36,2026-08-08 03:59:00+10:00,3,1,4,True,2026-08-08,03:59:00,Low
66,2026-08-08 03:59:00+10:00,5,2,7,True,2026-08-08,03:59:00,Low
20,2026-08-08 03:59:00+10:00,1,1,2,True,2026-08-08,03:59:00,Low
20,2026-08-08 03:58:00+10:00,0,1,1,True,2026-08-08,03:58:00,Low
53,2026-08-08 03:58:00+10:00,0,1,1,True,2026-08-08,03:58:00,Low
56,2026-08-08 03:58:00+10:00,3,0,3,True,2026-08-08,03:58:00,Low
63,2026-08-08 03:58:00+10:00,0,2,2,True,2026-08-08,03:58:00,Low
6,2026-08-08 03:58:00+10:00,1,1,2,True,2026-08-08,03:58:00,Low
36,2026-08-08 03:58:00+10:00,1,4,5,True,2026-08-08,03:58:00,Low
41,2026-08-08 03:58:00+10:00,1,0,1,True,2026-08-08,03:58:00,Low
181,2026-08-08 03:58:00+10:00,0,1,1,True,2026-08-08,03:58:00,Low
62,2026-08-08 03:58:00+10:00,1,0,1,True,2026-08-08,03:58:00,Low
4,2026-08-08 03:58:00+10:00,0,1,1,True,2026-08-08,03:58:00,Low
61,2026-08-08 03:58:00+10:00,2,0,2,True,2026-08-08,03:58:00,Low
69,2026-08-08 03:58:00+10:00,0,1,1,True,2026-08-08,03:58:00,Low
67,2026-08-08 03:58:00+10:00,0,1,1,True,2026-08-08,03:58:00,Low
63,2026-08-08 03:57:00+10:00,0,1,1,True,2026-08-08,03:57:00,Low
36,2026-08-08 03:57:00+10:00,2,4,6,True,2026-08-08,03:57:00,Low
66,2026-08-08 03:57:00+10:00,0,2,2,True,2026-08-08,03:57:00,Low
4,2026-08-08 03:57:00+10:00,0,1,1,True,2026-08-08,03:57:00,Low
181,2026-08-08 03:57:00+10:00,4,0,4,True,2026-08-08,03:57:00,Low
72,2026-08-08 03:57:00+10:00,0,3,3,True,2026-08-08,03:57:00,Low
53,2026-08-08 03:57:00+10:00,2,0,2,True,2026-08-08,03:57:00,Low
62,2026-08-08 03:57:00+10:00,0,3,3,True,2026-08-08,03:57:00,Low
187,2026-08-08 03:57:00+10:00,4,0,4,True,2026-08-08,03:57:00,Low
19,2026-08-08 03:56:00+10:00,0,1,1,True,2026-08-08,03:56:00,Low
62,2026-08-08 03:56:00+10:00,1,1,2,True,2026-08-08,03:56:00,Low
4,2026-08-08 03:56:00+10:00,2,2,4,True,2026-08-08,03:56:00,Low
61,2026-08-08 03:56:00+10:00,1,0,1,True,2026-08-08,03:56:00,Low
3,2026-08-08 03:56:00+10:00,1,0,1,True,2026-08-08,03:56:00,Low
36,2026-08-08 03:56:00+10:00,0,5,5,True,2026-08-08,03:56:00,Low
20,2026-08-08 03:56:00+10:00,0,1,1,True,2026-08-08,03:56:00,Low
209,2026-08-08 03:55:00+10:00,1,0,1,True,2026-08-08,03:55:00,Low
27,2026-08-08 03:55:00+10:00,0,2,2,True,2026-08-08,03:55:00,Low
49,2026-08-08 03:55:00+10:00,0,2,2,True,2026-08-08,03:55:00,Low
62,2026-08-08 03:55:00+10:00,0,2,2,True,2026-08-08,03:55:00,Low
139,2026-08-08 03:55:00+10:00,1,0,1,True,2026-08-08,03:55:00,Low
47,2026-08-08 03:55:00+10:00,2,6,8,True,2026-08-08,03:55:00,Low
66,2026-08-08 03:55:00+10:00,0,1,1,True,2026-08-08,03:55:00,Low
131,2026-08-08 03:55:00+10:00,0,1,1,True,2026-08-08,03:55:00,Low
133,2026-08-08 03:55:00+10:00,0,1,1,True,2026-08-08,03:55:00,Low
143,2026-08-08 03:55:00+10:00,1,1,2,True,2026-08-08,03:55:00,Low
181,2026-08-08 03:55:00+10:00,0,1,1,True,2026-08-08,03:55:00,Low
182,2026-08-08 03:55:00+10:00,6,2,8,True,2026-08-08,03:55:00,Low
185,2026-08-08 03:55:00+10:00,2,3,5,True,2026-08-08,03:55:00,Low
6,2026-08-08 03:55:00+10:00,1,0,1,True,2026-08-08,03:55:00,Low
54,2026-08-08 03:55:00+10:00,6,0,6,True,2026-08-08,03:55:00,Low
59,2026-08-08 03:55:00+10:00,3,6,9,True,2026-08-08,03:55:00,Low
84,2026-08-08 03:55:00+10:00,4,2,6,True,2026-08-08,03:55:00,Low
107,2026-08-08 03:55:00+10:00,1,0,1,True,2026-08-08,03:55:00,Low
132,2026-08-08 03:55:00+10:00,2,0,2,True,2026-08-08,03:55:00,Low
134,2026-08-08 03:55:00+10:00,9,2,11,True,2026-08-08,03:55:00,Low
23,2026-08-08 03:55:00+10:00,0,2,2,True,2026-08-08,03:55:00,Low
24,2026-08-08 03:55:00+10:00,0,3,3,True,2026-08-08,03:55:00,Low
30,2026-08-08 03:55:00+10:00,0,5,5,True,2026-08-08,03:55:00,Low
58,2026-08-08 03:55:00+10:00,0,7,7,True,2026-08-08,03:55:00,Low
4,2026-08-08 03:55:00+10:00,0,1,1,True,2026-08-08,03:55:00,Low
21,2026-08-08 03:55:00+10:00,0,4,4,True,2026-08-08,03:55:00,Low
41,2026-08-08 03:55:00+10:00,1,0,1,True,2026-08-08,03:55:00,Low
45,2026-08-08 03:55:00+10:00,0,7,7,True,2026-08-08,03:55:00,Low
61,2026-08-08 03:55:00+10:00,6,0,6,True,2026-08-08,03:55:00,Low
135,2026-08-08 03:55:00+10:00,4,3,7,True,2026-08-08,03:55:00,Low
162,2026-08-08 03:55:00+10:00,4,0,4,True,2026-08-08,03:55:00,Low
184,2026-08-08 03:55:00+10:00,0,2,2,True,2026-08-08,03:55:00,Low
79,2026-08-08 03:55:00+10:00,3,0,3,True,2026-08-08,03:55:00,Low
141,2026-08-08 03:55:00+10:00,3,4,7,True,2026-08-08,03:55:00,Low
4,2026-08-08 03:54:00+10:00,2,0,2,True,2026-08-08,03:54:00,Low
6,2026-08-08 03:54:00+10:00,2,1,3,True,2026-08-08,03:54:00,Low
24,2026-08-08 03:54:00+10:00,0,1,1,True,2026-08-08,03:54:00,Low
3,2026-08-08 03:54:00+10:00,0,5,5,True,2026-08-08,03:54:00,Low
19,2026-08-08 03:54:00+10:00,0,11,11,True,2026-08-08,03:54:00,Low
35,2026-08-08 03:54:00+10:00,1,3,4,True,2026-08-08,03:54:00,Low
61,2026-08-08 03:54:00+10:00,0,2,2,True,2026-08-08,03:54:00,Low
52,2026-08-08 03:54:00+10:00,0,1,1,True,2026-08-08,03:54:00,Low
63,2026-08-08 03:54:00+10:00,0,1,1,True,2026-08-08,03:54:00,Low
66,2026-08-08 03:53:00+10:00,2,0,2,True,2026-08-08,03:53:00,Low
17,2026-08-08 03:53:00+10:00,0,1,1,True,2026-08-08,03:53:00,Low
62,2026-08-08 03:53:00+10:00,0,2,2,True,2026-08-08,03:53:00,Low
41,2026-08-08 03:53:00+10:00,3,2,5,True,2026-08-08,03:53:00,Low
181,2026-08-08 03:53:00+10:00,1,0,1,True,2026-08-08,03:53:00,Low
52,2026-08-08 03:53:00+10:00,0,2,2,True,2026-08-08,03:53:00,Low
56,2026-08-08 03:53:00+10:00,2,0,2,True,2026-08-08,03:53:00,Low
79,2026-08-08 03:53:00+10:00,0,2,2,True,2026-08-08,03:53:00,Low
3,2026-08-08 03:53:00+10:00,0,3,3,True,2026-08-08,03:53:00,Low
36,2026-08-08 03:53:00+10:00,3,1,4,True,2026-08-08,03:53:00,Low
41,2026-08-08 03:52:00+10:00,2,3,5,True,2026-08-08,03:52:00,Low
6,2026-08-08 03:52:00+10:00,1,0,1,True,2026-08-08,03:52:00,Low
36,2026-08-08 03:52:00+10:00,4,4,8,True,2026-08-08,03:52:00,Low
181,2026-08-08 03:52:00+10:00,2,0,2,True,2026-08-08,03:52:00,Low
2,2026-08-08 03:52:00+10:00,0,1,1,True,2026-08-08,03:52:00,Low
9,2026-08-08 03:52:00+10:00,0,2,2,True,2026-08-08,03:52:00,Low
52,2026-08-08 03:52:00+10:00,0,2,2,True,2026-08-08,03:52:00,Low
63,2026-08-08 03:52:00+10:00,0,1,1,True,2026-08-08,03:52:00,Low
62,2026-08-08 03:52:00+10:00,4,0,4,True,2026-08-08,03:52:00,Low
79,2026-08-08 03:52:00+10:00,1,0,1,True,2026-08-08,03:52:00,Low
19,2026-08-08 03:51:00+10:00,1,0,1,True,2026-08-08,03:51:00,Low
24,2026-08-08 03:51:00+10:00,1,0,1,True,2026-08-08,03:51:00,Low
56,2026-08-08 03:51:00+10:00,4,0,4,True,2026-08-08,03:51:00,Low
36,2026-08-08 03:51:00+10:00,1,2,3,True,2026-08-08,03:51:00,Low
63,2026-08-08 03:51:00+10:00,0,1,1,True,2026-08-08,03:51:00,Low
79,2026-08-08 03:51:00+10:00,0,1,1,True,2026-08-08,03:51:00,Low
187,2026-08-08 03:51:00+10:00,0,2,2,True,2026-08-08,03:51:00,Low
66,2026-08-08 03:51:00+10:00,0,2,2,True,2026-08-08,03:51:00,Low
52,2026-08-08 03:51:00+10:00,1,0,1,True,2026-08-08,03:51:00,Low
5,2026-08-08 03:50:00+10:00,1,5,6,True,2026-08-08,03:50:00,Low
21,2026-08-08 03:50:00+10:00,1,3,4,True,2026-08-08,03:50:00,Low
45,2026-08-08 03:50:00+10:00,1,7,8,True,2026-08-08,03:50:00,Low
61,2026-08-08 03:50:00+10:00,1,0,1,True,2026-08-08,03:50:00,Low
132,2026-08-08 03:50:00+10:00,1,0,1,True,2026-08-08,03:50:00,Low
134,2026-08-08 03:50:00+10:00,3,0,3,True,2026-08-08,03:50:00,Low
162,2026-08-08 03:50:00+10:00,2,1,3,True,2026-08-08,03:50:00,Low
182,2026-08-08 03:50:00+10:00,3,3,6,True,2026-08-08,03:50:00,Low
25,2026-08-08 03:50:00+10:00,0,2,2,True,2026-08-08,03:50:00,Low
141,2026-08-08 03:50:00+10:00,2,0,2,True,2026-08-08,03:50:00,Low
142,2026-08-08 03:50:00+10:00,0,2,2,True,2026-08-08,03:50:00,Low
187,2026-08-08 03:50:00+10:00,0,3,3,True,2026-08-08,03:50:00,Low
3,2026-08-08 03:50:00+10:00,0,1,1,True,2026-08-08,03:50:00,Low
36,2026-08-08 03:50:00+10:00,0,2,2,True,2026-08-08,03:50:00,Low
47,2026-08-08 03:50:00+10:00,0,3,3,True,2026-08-08,03:50:00,Low
54,2026-08-08 03:50:00+10:00,2,0,2,True,2026-08-08,03:50:00,Low
59,2026-08-08 03:50:00+10:00,3,1,4,True,2026-08-08,03:50:00,Low
66,2026-08-08 03:50:00+10:00,1,0,1,True,2026-08-08,03:50:00,Low
84,2026-08-08 03:50:00+10:00,3,4,7,True,2026-08-08,03:50:00,Low
131,2026-08-08 03:50:00+10:00,1,2,3,True,2026-08-08,03:50:00,Low
167,2026-08-08 03:50:00+10:00,2,2,4,True,2026-08-08,03:50:00,Low
184,2026-08-08 03:50:00+10:00,1,2,3,True,2026-08-08,03:50:00,Low
185,2026-08-08 03:50:00+10:00,6,1,7,True,2026-08-08,03:50:00,Low
209,2026-08-08 03:50:00+10:00,0,2,2,True,2026-08-08,03:50:00,Low
30,2026-08-08 03:50:00+10:00,6,1,7,True,2026-08-08,03:50:00,Low
62,2026-08-08 03:50:00+10:00,2,0,2,True,2026-08-08,03:50:00,Low
67,2026-08-08 03:50:00+10:00,0,1,1,True,2026-08-08,03:50:00,Low
109,2026-08-08 03:50:00+10:00,1,2,3,True,2026-08-08,03:50:00,Low
107,2026-08-08 03:50:00+10:00,1,0,1,True,2026-08-08,03:50:00,Low
135,2026-08-08 03:50:00+10:00,2,4,6,True,2026-08-08,03:50:00,Low
1,2026-08-08 03:50:00+10:00,0,1,1,True,2026-08-08,03:50:00,Low
27,2026-08-08 03:50:00+10:00,0,2,2,True,2026-08-08,03:50:00,Low
49,2026-08-08 03:50:00+10:00,4,1,5,True,2026-08-08,03:50:00,Low
58,2026-08-08 03:50:00+10:00,0,6,6,True,2026-08-08,03:50:00,Low
164,2026-08-08 03:50:00+10:00,1,2,3,True,2026-08-08,03:50:00,Low
3,2026-08-08 03:49:00+10:00,0,1,1,True,2026-08-08,03:49:00,Low
24,2026-08-08 03:49:00+10:00,6,0,6,True,2026-08-08,03:49:00,Low
79,2026-08-08 03:49:00+10:00,1,1,2,True,2026-08-08,03:49:00,Low
14,2026-08-08 03:49:00+10:00,1,0,1,True,2026-08-08,03:49:00,Low
36,2026-08-08 03:49:00+10:00,1,1,2,True,2026-08-08,03:49:00,Low
40,2026-08-08 03:49:00+10:00,2,0,2,True,2026-08-08,03:49:00,Low
61,2026-08-08 03:49:00+10:00,2,0,2,True,2026-08-08,03:49:00,Low
209,2026-08-08 03:49:00+10:00,4,0,4,True,2026-08-08,03:49:00,Low
41,2026-08-08 03:49:00+10:00,0,1,1,True,2026-08-08,03:49:00,Low
181,2026-08-08 03:49:00+10:00,2,1,3,True,2026-08-08,03:49:00,Low
20,2026-08-08 03:49:00+10:00,0,1,1,True,2026-08-08,03:49:00,Low
181,2026-08-08 03:48:00+10:00,1,2,3,True,2026-08-08,03:48:00,Low
20,2026-08-08 03:48:00+10:00,1,2,3,True,2026-08-08,03:48:00,Low
52,2026-08-08 03:48:00+10:00,0,3,3,True,2026-08-08,03:48:00,Low
62,2026-08-08 03:48:00+10:00,2,0,2,True,2026-08-08,03:48:00,Low
24,2026-08-08 03:48:00+10:00,0,2,2,True,2026-08-08,03:48:00,Low
4,2026-08-08 03:48:00+10:00,2,1,3,True,2026-08-08,03:48:00,Low
29,2026-08-08 03:48:00+10:00,0,1,1,True,2026-08-08,03:48:00,Low
36,2026-08-08 03:48:00+10:00,1,1,2,True,2026-08-08,03:48:00,Low
56,2026-08-08 03:48:00+10:00,0,2,2,True,2026-08-08,03:48:00,Low
79,2026-08-08 03:48:00+10:00,1,0,1,True,2026-08-08,03:48:00,Low
29,2026-08-08 03:47:00+10:00,1,0,1,True,2026-08-08,03:47:00,Low
20,2026-08-08 03:47:00+10:00,0,1,1,True,2026-08-08,03:47:00,Low
79,2026-08-08 03:47:00+10:00,0,1,1,True,2026-08-08,03:47:00,Low
66,2026-08-08 03:47:00+10:00,2,0,2,True,2026-08-08,03:47:00,Low
56,2026-08-08 03:47:00+10:00,2,0,2,True,2026-08-08,03:47:00,Low
3,2026-08-08 03:47:00+10:00,2,0,2,True,2026-08-08,03:47:00,Low
36,2026-08-08 03:47:00+10:00,3,1,4,True,2026-08-08,03:47:00,Low
71,2026-08-08 03:47:00+10:00,1,0,1,True,2026-08-08,03:47:00,Low
181,2026-08-08 03:47:00+10:00,0,1,1,True,2026-08-08,03:47:00,Low
24,2026-08-08 03:47:00+10:00,0,2,2,True,2026-08-08,03:47:00,Low
61,2026-08-08 03:46:00+10:00,1,0,1,True,2026-08-08,03:46:00,Low
24,2026-08-08 03:46:00+10:00,1,0,1,True,2026-08-08,03:46:00,Low
53,2026-08-08 03:46:00+10:00,0,1,1,True,2026-08-08,03:46:00,Low
56,2026-08-08 03:46:00+10:00,0,1,1,True,2026-08-08,03:46:00,Low
67,2026-08-08 03:46:00+10:00,0,1,1,True,2026-08-08,03:46:00,Low
79,2026-08-08 03:46:00+10:00,0,1,1,True,2026-08-08,03:46:00,Low
3,2026-08-08 03:46:00+10:00,1,2,3,True,2026-08-08,03:46:00,Low
29,2026-08-08 03:46:00+10:00,0,1,1,True,2026-08-08,03:46:00,Low
41,2026-08-08 03:46:00+10:00,0,3,3,True,2026-08-08,03:46:00,Low
36,2026-08-08 03:46:00+10:00,1,1,2,True,2026-08-08,03:46:00,Low
66,2026-08-08 03:46:00+10:00,0,2,2,True,2026-08-08,03:46:00,Low
209,2026-08-08 03:46:00+10:00,0,2,2,True,2026-08-08,03:46:00,Low
35,2026-08-08 03:46:00+10:00,0,1,1,True,2026-08-08,03:46:00,Low
62,2026-08-08 03:46:00+10:00,1,0,1,True,2026-08-08,03:46:00,Low
63,2026-08-08 03:46:00+10:00,2,0,2,True,2026-08-08,03:46:00,Low
3,2026-08-08 03:45:00+10:00,2,0,2,True,2026-08-08,03:45:00,Low
5,2026-08-08 03:45:00+10:00,2,7,9,True,2026-08-08,03:45:00,Low
36,2026-08-08 03:45:00+10:00,1,1,2,True,2026-08-08,03:45:00,Low
43,2026-08-08 03:45:00+10:00,3,3,6,True,2026-08-08,03:45:00,Low
107,2026-08-08 03:45:00+10:00,2,0,2,True,2026-08-08,03:45:00,Low
143,2026-08-08 03:45:00+10:00,2,0,2,True,2026-08-08,03:45:00,Low
182,2026-08-08 03:45:00+10:00,1,1,2,True,2026-08-08,03:45:00,Low
24,2026-08-08 03:45:00+10:00,2,0,2,True,2026-08-08,03:45:00,Low
35,2026-08-08 03:45:00+10:00,0,1,1,True,2026-08-08,03:45:00,Low
67,2026-08-08 03:45:00+10:00,0,2,2,True,2026-08-08,03:45:00,Low
4,2026-08-08 03:45:00+10:00,0,2,2,True,2026-08-08,03:45:00,Low
41,2026-08-08 03:45:00+10:00,2,2,4,True,2026-08-08,03:45:00,Low
59,2026-08-08 03:45:00+10:00,15,2,17,True,2026-08-08,03:45:00,Low
61,2026-08-08 03:45:00+10:00,0,1,1,True,2026-08-08,03:45:00,Low
66,2026-08-08 03:45:00+10:00,2,0,2,True,2026-08-08,03:45:00,Low
84,2026-08-08 03:45:00+10:00,2,4,6,True,2026-08-08,03:45:00,Low
135,2026-08-08 03:45:00+10:00,3,1,4,True,2026-08-08,03:45:00,Low
162,2026-08-08 03:45:00+10:00,12,7,19,True,2026-08-08,03:45:00,Low
184,2026-08-08 03:45:00+10:00,3,1,4,True,2026-08-08,03:45:00,Low
30,2026-08-08 03:45:00+10:00,1,1,2,True,2026-08-08,03:45:00,Low
48,2026-08-08 03:45:00+10:00,0,4,4,True,2026-08-08,03:45:00,Low
49,2026-08-08 03:45:00+10:00,4,4,8,True,2026-08-08,03:45:00,Low
21,2026-08-08 03:45:00+10:00,8,3,11,True,2026-08-08,03:45:00,Low
45,2026-08-08 03:45:00+10:00,2,0,2,True,2026-08-08,03:45:00,Low
54,2026-08-08 03:45:00+10:00,1,1,2,True,2026-08-08,03:45:00,Low
131,2026-08-08 03:45:00+10:00,2,4,6,True,2026-08-08,03:45:00,Low
132,2026-08-08 03:45:00+10:00,1,1,2,True,2026-08-08,03:45:00,Low
133,2026-08-08 03:45:00+10:00,0,2,2,True,2026-08-08,03:45:00,Low
134,2026-08-08 03:45:00+10:00,4,1,5,True,2026-08-08,03:45:00,Low
181,2026-08-08 03:45:00+10:00,3,7,10,True,2026-08-08,03:45:00,Low
185,2026-08-08 03:45:00+10:00,5,6,11,True,2026-08-08,03:45:00,Low
27,2026-08-08 03:45:00+10:00,0,1,1,True,2026-08-08,03:45:00,Low
52,2026-08-08 03:45:00+10:00,1,0,1,True,2026-08-08,03:45:00,Low
58,2026-08-08 03:45:00+10:00,1,1,2,True,2026-08-08,03:45:00,Low
62,2026-08-08 03:45:00+10:00,1,0,1,True,2026-08-08,03:45:00,Low
109,2026-08-08 03:45:00+10:00,1,0,1,True,2026-08-08,03:45:00,Low
142,2026-08-08 03:45:00+10:00,0,1,1,True,2026-08-08,03:45:00,Low
36,2026-08-08 03:44:00+10:00,0,2,2,True,2026-08-08,03:44:00,Low
66,2026-08-08 03:44:00+10:00,2,0,2,True,2026-08-08,03:44:00,Low
6,2026-08-08 03:44:00+10:00,0,1,1,True,2026-08-08,03:44:00,Low
209,2026-08-08 03:44:00+10:00,0,1,1,True,2026-08-08,03:44:00,Low
41,2026-08-08 03:44:00+10:00,0,3,3,True,2026-08-08,03:44:00,Low
181,2026-08-08 03:44:00+10:00,2,0,2,True,2026-08-08,03:44:00,Low
24,2026-08-08 03:44:00+10:00,0,1,1,True,2026-08-08,03:44:00,Low
62,2026-08-08 03:44:00+10:00,3,0,3,True,2026-08-08,03:44:00,Low
4,2026-08-08 03:43:00+10:00,2,3,5,True,2026-08-08,03:43:00,Low
181,2026-08-08 03:43:00+10:00,1,1,2,True,2026-08-08,03:43:00,Low
24,2026-08-08 03:43:00+10:00,0,2,2,True,2026-08-08,03:43:00,Low
36,2026-08-08 03:43:00+10:00,2,4,6,True,2026-08-08,03:43:00,Low
41,2026-08-08 03:43:00+10:00,1,0,1,True,2026-08-08,03:43:00,Low
209,2026-08-08 03:43:00+10:00,1,3,4,True,2026-08-08,03:43:00,Low
62,2026-08-08 03:43:00+10:00,2,1,3,True,2026-08-08,03:43:00,Low
3,2026-08-08 03:43:00+10:00,3,1,4,True,2026-08-08,03:43:00,Low
19,2026-08-08 03:43:00+10:00,0,5,5,True,2026-08-08,03:43:00,Low
20,2026-08-08 03:43:00+10:00,0,1,1,True,2026-08-08,03:43:00,Low
6,2026-08-08 03:42:00+10:00,1,0,1,True,2026-08-08,03:42:00,Low
36,2026-08-08 03:42:00+10:00,1,2,3,True,2026-08-08,03:42:00,Low
181,2026-08-08 03:42:00+10:00,0,2,2,True,2026-08-08,03:42:00,Low
35,2026-08-08 03:42:00+10:00,0,1,1,True,2026-08-08,03:42:00,Low
66,2026-08-08 03:42:00+10:00,2,0,2,True,2026-08-08,03:42:00,Low
20,2026-08-08 03:42:00+10:00,0,1,1,True,2026-08-08,03:42:00,Low
56,2026-08-08 03:42:00+10:00,0,1,1,True,2026-08-08,03:42:00,Low
3,2026-08-08 03:42:00+10:00,3,0,3,True,2026-08-08,03:42:00,Low
4,2026-08-08 03:42:00+10:00,0,1,1,True,2026-08-08,03:42:00,Low
209,2026-08-08 03:42:00+10:00,2,0,2,True,2026-08-08,03:42:00,Low
53,2026-08-08 03:42:00+10:00,0,1,1,True,2026-08-08,03:42:00,Low
36,2026-08-08 03:41:00+10:00,2,0,2,True,2026-08-08,03:41:00,Low
66,2026-08-08 03:41:00+10:00,2,0,2,True,2026-08-08,03:41:00,Low
75,2026-08-08 03:41:00+10:00,1,0,1,True,2026-08-08,03:41:00,Low
3,2026-08-08 03:41:00+10:00,5,1,6,True,2026-08-08,03:41:00,Low
181,2026-08-08 03:41:00+10:00,2,0,2,True,2026-08-08,03:41:00,Low
17,2026-08-08 03:41:00+10:00,0,1,1,True,2026-08-08,03:41:00,Low
2,2026-08-08 03:41:00+10:00,0,1,1,True,2026-08-08,03:41:00,Low
20,2026-08-08 03:41:00+10:00,0,1,1,True,2026-08-08,03:41:00,Low
63,2026-08-08 03:41:00+10:00,0,1,1,True,2026-08-08,03:41:00,Low
187,2026-08-08 03:41:00+10:00,1,0,1,True,2026-08-08,03:41:00,Low
4,2026-08-08 03:40:00+10:00,2,0,2,True,2026-08-08,03:40:00,Low
44,2026-08-08 03:40:00+10:00,0,3,3,True,2026-08-08,03:40:00,Low
54,2026-08-08 03:40:00+10:00,2,0,2,True,2026-08-08,03:40:00,Low
61,2026-08-08 03:40:00+10:00,2,0,2,True,2026-08-08,03:40:00,Low
135,2026-08-08 03:40:00+10:00,3,0,3,True,2026-08-08,03:40:00,Low
182,2026-08-08 03:40:00+10:00,0,1,1,True,2026-08-08,03:40:00,Low
11,2026-08-08 03:40:00+10:00,0,1,1,True,2026-08-08,03:40:00,Low
19,2026-08-08 03:40:00+10:00,0,1,1,True,2026-08-08,03:40:00,Low
56,2026-08-08 03:40:00+10:00,2,0,2,True,2026-08-08,03:40:00,Low
72,2026-08-08 03:40:00+10:00,1,0,1,True,2026-08-08,03:40:00,Low
139,2026-08-08 03:40:00+10:00,1,0,1,True,2026-08-08,03:40:00,Low
142,2026-08-08 03:40:00+10:00,1,0,1,True,2026-08-08,03:40:00,Low
161,2026-08-08 03:40:00+10:00,0,1,1,True,2026-08-08,03:40:00,Low
3,2026-08-08 03:40:00+10:00,7,0,7,True,2026-08-08,03:40:00,Low
5,2026-08-08 03:40:00+10:00,1,0,1,True,2026-08-08,03:40:00,Low
21,2026-08-08 03:40:00+10:00,0,2,2,True,2026-08-08,03:40:00,Low
31,2026-08-08 03:40:00+10:00,0,1,1,True,2026-08-08,03:40:00,Low
39,2026-08-08 03:40:00+10:00,0,1,1,True,2026-08-08,03:40:00,Low
41,2026-08-08 03:40:00+10:00,4,3,7,True,2026-08-08,03:40:00,Low
45,2026-08-08 03:40:00+10:00,0,5,5,True,2026-08-08,03:40:00,Low
47,2026-08-08 03:40:00+10:00,4,0,4,True,2026-08-08,03:40:00,Low
59,2026-08-08 03:40:00+10:00,8,6,14,True,2026-08-08,03:40:00,Low
77,2026-08-08 03:40:00+10:00,0,1,1,True,2026-08-08,03:40:00,Low
134,2026-08-08 03:40:00+10:00,4,0,4,True,2026-08-08,03:40:00,Low
162,2026-08-08 03:40:00+10:00,3,1,4,True,2026-08-08,03:40:00,Low
185,2026-08-08 03:40:00+10:00,5,5,10,True,2026-08-08,03:40:00,Low
48,2026-08-08 03:40:00+10:00,0,1,1,True,2026-08-08,03:40:00,Low
58,2026-08-08 03:40:00+10:00,3,0,3,True,2026-08-08,03:40:00,Low
141,2026-08-08 03:40:00+10:00,1,0,1,True,2026-08-08,03:40:00,Low
36,2026-08-08 03:40:00+10:00,2,0,2,True,2026-08-08,03:40:00,Low
84,2026-08-08 03:40:00+10:00,4,1,5,True,2026-08-08,03:40:00,Low
107,2026-08-08 03:40:00+10:00,0,3,3,True,2026-08-08,03:40:00,Low
131,2026-08-08 03:40:00+10:00,2,1,3,True,2026-08-08,03:40:00,Low
133,2026-08-08 03:40:00+10:00,3,1,4,True,2026-08-08,03:40:00,Low
181,2026-08-08 03:40:00+10:00,1,1,2,True,2026-08-08,03:40:00,Low
184,2026-08-08 03:40:00+10:00,1,0,1,True,2026-08-08,03:40:00,Low
20,2026-08-08 03:40:00+10:00,2,2,4,True,2026-08-08,03:40:00,Low
24,2026-08-08 03:40:00+10:00,1,1,2,True,2026-08-08,03:40:00,Low
30,2026-08-08 03:40:00+10:00,10,5,15,True,2026-08-08,03:40:00,Low
35,2026-08-08 03:40:00+10:00,3,1,4,True,2026-08-08,03:40:00,Low
49,2026-08-08 03:40:00+10:00,1,0,1,True,2026-08-08,03:40:00,Low
109,2026-08-08 03:40:00+10:00,0,1,1,True,2026-08-08,03:40:00,Low
187,2026-08-08 03:40:00+10:00,0,2,2,True,2026-08-08,03:40:00,Low
2,2026-08-08 03:39:00+10:00,0,1,1,True,2026-08-08,03:39:00,Low
20,2026-08-08 03:39:00+10:00,0,1,1,True,2026-08-08,03:39:00,Low
62,2026-08-08 03:39:00+10:00,2,0,2,True,2026-08-08,03:39:00,Low
41,2026-08-08 03:39:00+10:00,1,1,2,True,2026-08-08,03:39:00,Low
3,2026-08-08 03:39:00+10:00,1,1,2,True,2026-08-08,03:39:00,Low
29,2026-08-08 03:39:00+10:00,0,1,1,True,2026-08-08,03:39:00,Low
36,2026-08-08 03:39:00+10:00,2,1,3,True,2026-08-08,03:39:00,Low
1,2026-08-08 03:39:00+10:00,0,3,3,True,2026-08-08,03:39:00,Low
56,2026-08-08 03:39:00+10:00,1,0,1,True,2026-08-08,03:39:00,Low
53,2026-08-08 03:39:00+10:00,0,1,1,True,2026-08-08,03:39:00,Low
79,2026-08-08 03:39:00+10:00,1,0,1,True,2026-08-08,03:39:00,Low
209,2026-08-08 03:38:00+10:00,0,1,1,True,2026-08-08,03:38:00,Low
79,2026-08-08 03:38:00+10:00,1,0,1,True,2026-08-08,03:38:00,Low
3,2026-08-08 03:38:00+10:00,2,4,6,True,2026-08-08,03:38:00,Low
31,2026-08-08 03:38:00+10:00,0,1,1,True,2026-08-08,03:38:00,Low
36,2026-08-08 03:38:00+10:00,0,1,1,True,2026-08-08,03:38:00,Low
66,2026-08-08 03:38:00+10:00,0,1,1,True,2026-08-08,03:38:00,Low
40,2026-08-08 03:38:00+10:00,1,0,1,True,2026-08-08,03:38:00,Low
41,2026-08-08 03:38:00+10:00,0,2,2,True,2026-08-08,03:38:00,Low
181,2026-08-08 03:38:00+10:00,1,0,1,True,2026-08-08,03:38:00,Low
53,2026-08-08 03:38:00+10:00,2,0,2,True,2026-08-08,03:38:00,Low
56,2026-08-08 03:38:00+10:00,4,0,4,True,2026-08-08,03:38:00,Low
63,2026-08-08 03:38:00+10:00,1,0,1,True,2026-08-08,03:38:00,Low
6,2026-08-08 03:38:00+10:00,2,0,2,True,2026-08-08,03:38:00,Low
61,2026-08-08 03:38:00+10:00,0,2,2,True,2026-08-08,03:38:00,Low
35,2026-08-08 03:38:00+10:00,2,0,2,True,2026-08-08,03:38:00,Low
19,2026-08-08 03:37:00+10:00,0,1,1,True,2026-08-08,03:37:00,Low
56,2026-08-08 03:37:00+10:00,1,0,1,True,2026-08-08,03:37:00,Low
3,2026-08-08 03:37:00+10:00,2,1,3,True,2026-08-08,03:37:00,Low
4,2026-08-08 03:37:00+10:00,1,2,3,True,2026-08-08,03:37:00,Low
29,2026-08-08 03:37:00+10:00,1,0,1,True,2026-08-08,03:37:00,Low
41,2026-08-08 03:37:00+10:00,0,2,2,True,2026-08-08,03:37:00,Low
70,2026-08-08 03:37:00+10:00,0,2,2,True,2026-08-08,03:37:00,Low
209,2026-08-08 03:37:00+10:00,0,1,1,True,2026-08-08,03:37:00,Low
36,2026-08-08 03:37:00+10:00,1,0,1,True,2026-08-08,03:37:00,Low
20,2026-08-08 03:36:00+10:00,0,1,1,True,2026-08-08,03:36:00,Low
53,2026-08-08 03:36:00+10:00,0,6,6,True,2026-08-08,03:36:00,Low
3,2026-08-08 03:36:00+10:00,3,1,4,True,2026-08-08,03:36:00,Low
6,2026-08-08 03:36:00+10:00,1,0,1,True,2026-08-08,03:36:00,Low
36,2026-08-08 03:36:00+10:00,0,2,2,True,2026-08-08,03:36:00,Low
41,2026-08-08 03:36:00+10:00,0,1,1,True,2026-08-08,03:36:00,Low
61,2026-08-08 03:36:00+10:00,0,1,1,True,2026-08-08,03:36:00,Low
1,2026-08-08 03:36:00+10:00,0,1,1,True,2026-08-08,03:36:00,Low
19,2026-08-08 03:36:00+10:00,0,3,3,True,2026-08-08,03:36:00,Low
56,2026-08-08 03:36:00+10:00,0,1,1,True,2026-08-08,03:36:00,Low
79,2026-08-08 03:36:00+10:00,1,1,2,True,2026-08-08,03:36:00,Low
4,2026-08-08 03:36:00+10:00,1,3,4,True,2026-08-08,03:36:00,Low
31,2026-08-08 03:36:00+10:00,1,0,1,True,2026-08-08,03:36:00,Low
35,2026-08-08 03:36:00+10:00,0,3,3,True,2026-08-08,03:36:00,Low
62,2026-08-08 03:36:00+10:00,0,1,1,True,2026-08-08,03:36:00,Low
184,2026-08-08 03:35:00+10:00,5,2,7,True,2026-08-08,03:35:00,Low
9,2026-08-08 03:35:00+10:00,1,1,2,True,2026-08-08,03:35:00,Low
20,2026-08-08 03:35:00+10:00,2,3,5,True,2026-08-08,03:35:00,Low
24,2026-08-08 03:35:00+10:00,0,2,2,True,2026-08-08,03:35:00,Low
30,2026-08-08 03:35:00+10:00,4,9,13,True,2026-08-08,03:35:00,Low
63,2026-08-08 03:35:00+10:00,0,4,4,True,2026-08-08,03:35:00,Low
79,2026-08-08 03:35:00+10:00,0,3,3,True,2026-08-08,03:35:00,Low
109,2026-08-08 03:35:00+10:00,2,0,2,True,2026-08-08,03:35:00,Low
142,2026-08-08 03:35:00+10:00,0,2,2,True,2026-08-08,03:35:00,Low
3,2026-08-08 03:35:00+10:00,6,1,7,True,2026-08-08,03:35:00,Low
29,2026-08-08 03:35:00+10:00,1,0,1,True,2026-08-08,03:35:00,Low
41,2026-08-08 03:35:00+10:00,4,2,6,True,2026-08-08,03:35:00,Low
45,2026-08-08 03:35:00+10:00,1,7,8,True,2026-08-08,03:35:00,Low
54,2026-08-08 03:35:00+10:00,2,0,2,True,2026-08-08,03:35:00,Low
5,2026-08-08 03:35:00+10:00,2,6,8,True,2026-08-08,03:35:00,Low
21,2026-08-08 03:35:00+10:00,4,2,6,True,2026-08-08,03:35:00,Low
59,2026-08-08 03:35:00+10:00,2,3,5,True,2026-08-08,03:35:00,Low
131,2026-08-08 03:35:00+10:00,1,5,6,True,2026-08-08,03:35:00,Low
132,2026-08-08 03:35:00+10:00,1,0,1,True,2026-08-08,03:35:00,Low
134,2026-08-08 03:35:00+10:00,0,1,1,True,2026-08-08,03:35:00,Low
143,2026-08-08 03:35:00+10:00,2,2,4,True,2026-08-08,03:35:00,Low
162,2026-08-08 03:35:00+10:00,6,7,13,True,2026-08-08,03:35:00,Low
182,2026-08-08 03:35:00+10:00,0,1,1,True,2026-08-08,03:35:00,Low
185,2026-08-08 03:35:00+10:00,6,3,9,True,2026-08-08,03:35:00,Low
2,2026-08-08 03:35:00+10:00,2,0,2,True,2026-08-08,03:35:00,Low
23,2026-08-08 03:35:00+10:00,3,0,3,True,2026-08-08,03:35:00,Low
25,2026-08-08 03:35:00+10:00,2,1,3,True,2026-08-08,03:35:00,Low
27,2026-08-08 03:35:00+10:00,0,2,2,True,2026-08-08,03:35:00,Low
48,2026-08-08 03:35:00+10:00,0,1,1,True,2026-08-08,03:35:00,Low
49,2026-08-08 03:35:00+10:00,1,0,1,True,2026-08-08,03:35:00,Low
58,2026-08-08 03:35:00+10:00,1,0,1,True,2026-08-08,03:35:00,Low
136,2026-08-08 03:35:00+10:00,0,1,1,True,2026-08-08,03:35:00,Low
141,2026-08-08 03:35:00+10:00,4,2,6,True,2026-08-08,03:35:00,Low
4,2026-08-08 03:35:00+10:00,2,0,2,True,2026-08-08,03:35:00,Low
6,2026-08-08 03:35:00+10:00,1,0,1,True,2026-08-08,03:35:00,Low
36,2026-08-08 03:35:00+10:00,1,5,6,True,2026-08-08,03:35:00,Low
47,2026-08-08 03:35:00+10:00,7,1,8,True,2026-08-08,03:35:00,Low
84,2026-08-08 03:35:00+10:00,4,1,5,True,2026-08-08,03:35:00,Low
133,2026-08-08 03:35:00+10:00,1,0,1,True,2026-08-08,03:35:00,Low
181,2026-08-08 03:35:00+10:00,1,0,1,True,2026-08-08,03:35:00,Low
209,2026-08-08 03:35:00+10:00,2,0,2,True,2026-08-08,03:35:00,Low
1,2026-08-08 03:35:00+10:00,0,4,4,True,2026-08-08,03:35:00,Low
62,2026-08-08 03:35:00+10:00,0,1,1,True,2026-08-08,03:35:00,Low
209,2026-08-08 03:34:00+10:00,0,1,1,True,2026-08-08,03:34:00,Low
63,2026-08-08 03:34:00+10:00,3,1,4,True,2026-08-08,03:34:00,Low
3,2026-08-08 03:34:00+10:00,0,1,1,True,2026-08-08,03:34:00,Low
36,2026-08-08 03:34:00+10:00,0,4,4,True,2026-08-08,03:34:00,Low
4,2026-08-08 03:34:00+10:00,1,2,3,True,2026-08-08,03:34:00,Low
61,2026-08-08 03:34:00+10:00,0,1,1,True,2026-08-08,03:34:00,Low
20,2026-08-08 03:34:00+10:00,0,1,1,True,2026-08-08,03:34:00,Low
35,2026-08-08 03:34:00+10:00,1,0,1,True,2026-08-08,03:34:00,Low
41,2026-08-08 03:34:00+10:00,0,3,3,True,2026-08-08,03:34:00,Low
66,2026-08-08 03:34:00+10:00,0,4,4,True,2026-08-08,03:34:00,Low
1,2026-08-08 03:34:00+10:00,1,0,1,True,2026-08-08,03:34:00,Low
24,2026-08-08 03:34:00+10:00,0,2,2,True,2026-08-08,03:34:00,Low
79,2026-08-08 03:34:00+10:00,2,1,3,True,2026-08-08,03:34:00,Low
53,2026-08-08 03:33:00+10:00,2,0,2,True,2026-08-08,03:33:00,Low
62,2026-08-08 03:33:00+10:00,1,0,1,True,2026-08-08,03:33:00,Low
4,2026-08-08 03:33:00+10:00,0,2,2,True,2026-08-08,03:33:00,Low
40,2026-08-08 03:33:00+10:00,0,1,1,True,2026-08-08,03:33:00,Low
36,2026-08-08 03:33:00+10:00,3,1,4,True,2026-08-08,03:33:00,Low
41,2026-08-08 03:33:00+10:00,0,3,3,True,2026-08-08,03:33:00,Low
181,2026-08-08 03:33:00+10:00,4,1,5,True,2026-08-08,03:33:00,Low
24,2026-08-08 03:33:00+10:00,1,0,1,True,2026-08-08,03:33:00,Low
63,2026-08-08 03:33:00+10:00,0,1,1,True,2026-08-08,03:33:00,Low
79,2026-08-08 03:33:00+10:00,1,1,2,True,2026-08-08,03:33:00,Low
10,2026-08-08 03:32:00+10:00,1,0,1,True,2026-08-08,03:32:00,Low
36,2026-08-08 03:32:00+10:00,2,4,6,True,2026-08-08,03:32:00,Low
40,2026-08-08 03:32:00+10:00,2,0,2,True,2026-08-08,03:32:00,Low
19,2026-08-08 03:32:00+10:00,0,2,2,True,2026-08-08,03:32:00,Low
56,2026-08-08 03:32:00+10:00,1,0,1,True,2026-08-08,03:32:00,Low
3,2026-08-08 03:32:00+10:00,0,1,1,True,2026-08-08,03:32:00,Low
4,2026-08-08 03:32:00+10:00,0,1,1,True,2026-08-08,03:32:00,Low
181,2026-08-08 03:32:00+10:00,1,0,1,True,2026-08-08,03:32:00,Low
1,2026-08-08 03:32:00+10:00,0,2,2,True,2026-08-08,03:32:00,Low
20,2026-08-08 03:32:00+10:00,0,1,1,True,2026-08-08,03:32:00,Low
209,2026-08-08 03:31:00+10:00,1,0,1,True,2026-08-08,03:31:00,Low
19,2026-08-08 03:31:00+10:00,2,0,2,True,2026-08-08,03:31:00,Low
4,2026-08-08 03:31:00+10:00,1,1,2,True,2026-08-08,03:31:00,Low
181,2026-08-08 03:31:00+10:00,1,1,2,True,2026-08-08,03:31:00,Low
41,2026-08-08 03:31:00+10:00,1,0,1,True,2026-08-08,03:31:00,Low
70,2026-08-08 03:31:00+10:00,3,0,3,True,2026-08-08,03:31:00,Low
1,2026-08-08 03:31:00+10:00,1,1,2,True,2026-08-08,03:31:00,Low
10,2026-08-08 03:31:00+10:00,0,1,1,True,2026-08-08,03:31:00,Low
20,2026-08-08 03:31:00+10:00,0,2,2,True,2026-08-08,03:31:00,Low
56,2026-08-08 03:31:00+10:00,0,1,1,True,2026-08-08,03:31:00,Low
62,2026-08-08 03:31:00+10:00,1,0,1,True,2026-08-08,03:31:00,Low
67,2026-08-08 03:31:00+10:00,0,1,1,True,2026-08-08,03:31:00,Low
36,2026-08-08 03:31:00+10:00,2,2,4,True,2026-08-08,03:31:00,Low
52,2026-08-08 03:31:00+10:00,2,0,2,True,2026-08-08,03:31:00,Low
79,2026-08-08 03:31:00+10:00,0,1,1,True,2026-08-08,03:31:00,Low
187,2026-08-08 03:31:00+10:00,1,0,1,True,2026-08-08,03:31:00,Low
185,2026-08-08 03:30:00+10:00,0,7,7,True,2026-08-08,03:30:00,Low
2,2026-08-08 03:30:00+10:00,2,0,2,True,2026-08-08,03:30:00,Low
49,2026-08-08 03:30:00+10:00,0,2,2,True,2026-08-08,03:30:00,Low
56,2026-08-08 03:30:00+10:00,1,3,4,True,2026-08-08,03:30:00,Low
63,2026-08-08 03:30:00+10:00,1,0,1,True,2026-08-08,03:30:00,Low
79,2026-08-08 03:30:00+10:00,0,3,3,True,2026-08-08,03:30:00,Low
41,2026-08-08 03:30:00+10:00,4,4,8,True,2026-08-08,03:30:00,Low
45,2026-08-08 03:30:00+10:00,3,16,19,True,2026-08-08,03:30:00,Low
59,2026-08-08 03:30:00+10:00,4,3,7,True,2026-08-08,03:30:00,Low
131,2026-08-08 03:30:00+10:00,4,2,6,True,2026-08-08,03:30:00,Low
134,2026-08-08 03:30:00+10:00,1,3,4,True,2026-08-08,03:30:00,Low
135,2026-08-08 03:30:00+10:00,0,2,2,True,2026-08-08,03:30:00,Low
162,2026-08-08 03:30:00+10:00,2,2,4,True,2026-08-08,03:30:00,Low
5,2026-08-08 03:30:00+10:00,2,3,5,True,2026-08-08,03:30:00,Low
21,2026-08-08 03:30:00+10:00,3,5,8,True,2026-08-08,03:30:00,Low
47,2026-08-08 03:30:00+10:00,0,4,4,True,2026-08-08,03:30:00,Low
77,2026-08-08 03:30:00+10:00,3,0,3,True,2026-08-08,03:30:00,Low
84,2026-08-08 03:30:00+10:00,6,13,19,True,2026-08-08,03:30:00,Low
143,2026-08-08 03:30:00+10:00,2,0,2,True,2026-08-08,03:30:00,Low
25,2026-08-08 03:30:00+10:00,2,1,3,True,2026-08-08,03:30:00,Low
48,2026-08-08 03:30:00+10:00,3,1,4,True,2026-08-08,03:30:00,Low
58,2026-08-08 03:30:00+10:00,0,1,1,True,2026-08-08,03:30:00,Low
117,2026-08-08 03:30:00+10:00,1,0,1,True,2026-08-08,03:30:00,Low
141,2026-08-08 03:30:00+10:00,2,2,4,True,2026-08-08,03:30:00,Low
4,2026-08-08 03:30:00+10:00,0,2,2,True,2026-08-08,03:30:00,Low
36,2026-08-08 03:30:00+10:00,4,1,5,True,2026-08-08,03:30:00,Low
54,2026-08-08 03:30:00+10:00,2,1,3,True,2026-08-08,03:30:00,Low
165,2026-08-08 03:30:00+10:00,0,1,1,True,2026-08-08,03:30:00,Low
182,2026-08-08 03:30:00+10:00,4,6,10,True,2026-08-08,03:30:00,Low
184,2026-08-08 03:30:00+10:00,0,2,2,True,2026-08-08,03:30:00,Low
20,2026-08-08 03:30:00+10:00,0,2,2,True,2026-08-08,03:30:00,Low
30,2026-08-08 03:30:00+10:00,5,6,11,True,2026-08-08,03:30:00,Low
35,2026-08-08 03:30:00+10:00,0,1,1,True,2026-08-08,03:30:00,Low
62,2026-08-08 03:30:00+10:00,1,1,2,True,2026-08-08,03:30:00,Low
209,2026-08-08 03:29:00+10:00,1,0,1,True,2026-08-08,03:29:00,Low
20,2026-08-08 03:29:00+10:00,3,3,6,True,2026-08-08,03:29:00,Low
62,2026-08-08 03:29:00+10:00,0,4,4,True,2026-08-08,03:29:00,Low
79,2026-08-08 03:29:00+10:00,0,1,1,True,2026-08-08,03:29:00,Low
31,2026-08-08 03:29:00+10:00,1,0,1,True,2026-08-08,03:29:00,Low
4,2026-08-08 03:29:00+10:00,0,1,1,True,2026-08-08,03:29:00,Low
36,2026-08-08 03:29:00+10:00,5,5,10,True,2026-08-08,03:29:00,Low
41,2026-08-08 03:29:00+10:00,0,7,7,True,2026-08-08,03:29:00,Low
1,2026-08-08 03:29:00+10:00,1,0,1,True,2026-08-08,03:29:00,Low
56,2026-08-08 03:29:00+10:00,2,0,2,True,2026-08-08,03:29:00,Low
63,2026-08-08 03:29:00+10:00,0,1,1,True,2026-08-08,03:29:00,Low
3,2026-08-08 03:29:00+10:00,4,2,6,True,2026-08-08,03:29:00,Low
61,2026-08-08 03:29:00+10:00,4,0,4,True,2026-08-08,03:29:00,Low
2,2026-08-08 03:29:00+10:00,0,1,1,True,2026-08-08,03:29:00,Low
24,2026-08-08 03:29:00+10:00,4,1,5,True,2026-08-08,03:29:00,Low
56,2026-08-08 03:28:00+10:00,1,1,2,True,2026-08-08,03:28:00,Low
3,2026-08-08 03:28:00+10:00,2,2,4,True,2026-08-08,03:28:00,Low
41,2026-08-08 03:28:00+10:00,2,2,4,True,2026-08-08,03:28:00,Low
181,2026-08-08 03:28:00+10:00,3,2,5,True,2026-08-08,03:28:00,Low
79,2026-08-08 03:28:00+10:00,4,0,4,True,2026-08-08,03:28:00,Low
4,2026-08-08 03:28:00+10:00,1,1,2,True,2026-08-08,03:28:00,Low
6,2026-08-08 03:28:00+10:00,0,1,1,True,2026-08-08,03:28:00,Low
36,2026-08-08 03:28:00+10:00,10,1,11,True,2026-08-08,03:28:00,Low
2,2026-08-08 03:28:00+10:00,1,0,1,True,2026-08-08,03:28:00,Low
53,2026-08-08 03:28:00+10:00,1,0,1,True,2026-08-08,03:28:00,Low
51,2026-08-08 03:27:00+10:00,0,2,2,True,2026-08-08,03:27:00,Low
66,2026-08-08 03:27:00+10:00,1,0,1,True,2026-08-08,03:27:00,Low
3,2026-08-08 03:27:00+10:00,2,0,2,True,2026-08-08,03:27:00,Low
36,2026-08-08 03:27:00+10:00,2,2,4,True,2026-08-08,03:27:00,Low
181,2026-08-08 03:27:00+10:00,1,0,1,True,2026-08-08,03:27:00,Low
53,2026-08-08 03:27:00+10:00,1,1,2,True,2026-08-08,03:27:00,Low
56,2026-08-08 03:27:00+10:00,3,0,3,True,2026-08-08,03:27:00,Low
63,2026-08-08 03:27:00+10:00,3,0,3,True,2026-08-08,03:27:00,Low
4,2026-08-08 03:27:00+10:00,0,1,1,True,2026-08-08,03:27:00,Low
6,2026-08-08 03:27:00+10:00,0,1,1,True,2026-08-08,03:27:00,Low
41,2026-08-08 03:27:00+10:00,2,2,4,True,2026-08-08,03:27:00,Low
187,2026-08-08 03:27:00+10:00,0,3,3,True,2026-08-08,03:27:00,Low
20,2026-08-08 03:26:00+10:00,0,1,1,True,2026-08-08,03:26:00,Low
35,2026-08-08 03:26:00+10:00,0,1,1,True,2026-08-08,03:26:00,Low
63,2026-08-08 03:26:00+10:00,4,1,5,True,2026-08-08,03:26:00,Low
36,2026-08-08 03:26:00+10:00,6,3,9,True,2026-08-08,03:26:00,Low
41,2026-08-08 03:26:00+10:00,0,6,6,True,2026-08-08,03:26:00,Low
52,2026-08-08 03:26:00+10:00,0,2,2,True,2026-08-08,03:26:00,Low
3,2026-08-08 03:26:00+10:00,0,1,1,True,2026-08-08,03:26:00,Low
4,2026-08-08 03:26:00+10:00,0,3,3,True,2026-08-08,03:26:00,Low
29,2026-08-08 03:26:00+10:00,0,1,1,True,2026-08-08,03:26:00,Low
56,2026-08-08 03:26:00+10:00,5,0,5,True,2026-08-08,03:26:00,Low
185,2026-08-08 03:25:00+10:00,6,4,10,True,2026-08-08,03:25:00,Low
1,2026-08-08 03:25:00+10:00,0,1,1,True,2026-08-08,03:25:00,Low
20,2026-08-08 03:25:00+10:00,3,1,4,True,2026-08-08,03:25:00,Low
27,2026-08-08 03:25:00+10:00,3,1,4,True,2026-08-08,03:25:00,Low
58,2026-08-08 03:25:00+10:00,2,2,4,True,2026-08-08,03:25:00,Low
141,2026-08-08 03:25:00+10:00,2,0,2,True,2026-08-08,03:25:00,Low
164,2026-08-08 03:25:00+10:00,0,1,1,True,2026-08-08,03:25:00,Low
4,2026-08-08 03:25:00+10:00,0,4,4,True,2026-08-08,03:25:00,Low
36,2026-08-08 03:25:00+10:00,2,1,3,True,2026-08-08,03:25:00,Low
45,2026-08-08 03:25:00+10:00,2,5,7,True,2026-08-08,03:25:00,Low
59,2026-08-08 03:25:00+10:00,6,2,8,True,2026-08-08,03:25:00,Low
77,2026-08-08 03:25:00+10:00,0,1,1,True,2026-08-08,03:25:00,Low
84,2026-08-08 03:25:00+10:00,4,1,5,True,2026-08-08,03:25:00,Low
134,2026-08-08 03:25:00+10:00,1,1,2,True,2026-08-08,03:25:00,Low
135,2026-08-08 03:25:00+10:00,0,2,2,True,2026-08-08,03:25:00,Low
162,2026-08-08 03:25:00+10:00,1,0,1,True,2026-08-08,03:25:00,Low
3,2026-08-08 03:25:00+10:00,0,1,1,True,2026-08-08,03:25:00,Low
21,2026-08-08 03:25:00+10:00,1,5,6,True,2026-08-08,03:25:00,Low
47,2026-08-08 03:25:00+10:00,3,9,12,True,2026-08-08,03:25:00,Low
131,2026-08-08 03:25:00+10:00,0,4,4,True,2026-08-08,03:25:00,Low
133,2026-08-08 03:25:00+10:00,0,2,2,True,2026-08-08,03:25:00,Low
184,2026-08-08 03:25:00+10:00,2,10,12,True,2026-08-08,03:25:00,Low
23,2026-08-08 03:25:00+10:00,0,1,1,True,2026-08-08,03:25:00,Low
30,2026-08-08 03:25:00+10:00,5,2,7,True,2026-08-08,03:25:00,Low
86,2026-08-08 03:25:00+10:00,0,1,1,True,2026-08-08,03:25:00,Low
5,2026-08-08 03:25:00+10:00,2,0,2,True,2026-08-08,03:25:00,Low
54,2026-08-08 03:25:00+10:00,0,2,2,True,2026-08-08,03:25:00,Low
107,2026-08-08 03:25:00+10:00,3,0,3,True,2026-08-08,03:25:00,Low
143,2026-08-08 03:25:00+10:00,2,0,2,True,2026-08-08,03:25:00,Low
182,2026-08-08 03:25:00+10:00,3,22,25,True,2026-08-08,03:25:00,Low
24,2026-08-08 03:25:00+10:00,1,0,1,True,2026-08-08,03:25:00,Low
52,2026-08-08 03:25:00+10:00,0,2,2,True,2026-08-08,03:25:00,Low
56,2026-08-08 03:25:00+10:00,2,1,3,True,2026-08-08,03:25:00,Low
62,2026-08-08 03:25:00+10:00,3,0,3,True,2026-08-08,03:25:00,Low
63,2026-08-08 03:25:00+10:00,0,2,2,True,2026-08-08,03:25:00,Low
109,2026-08-08 03:25:00+10:00,2,0,2,True,2026-08-08,03:25:00,Low
6,2026-08-08 03:24:00+10:00,0,1,1,True,2026-08-08,03:24:00,Low
36,2026-08-08 03:24:00+10:00,2,5,7,True,2026-08-08,03:24:00,Low
66,2026-08-08 03:24:00+10:00,3,0,3,True,2026-08-08,03:24:00,Low
3,2026-08-08 03:24:00+10:00,2,0,2,True,2026-08-08,03:24:00,Low
41,2026-08-08 03:24:00+10:00,0,1,1,True,2026-08-08,03:24:00,Low
19,2026-08-08 03:24:00+10:00,0,1,1,True,2026-08-08,03:24:00,Low
24,2026-08-08 03:24:00+10:00,0,2,2,True,2026-08-08,03:24:00,Low
62,2026-08-08 03:24:00+10:00,3,1,4,True,2026-08-08,03:24:00,Low
79,2026-08-08 03:24:00+10:00,1,1,2,True,2026-08-08,03:24:00,Low
75,2026-08-08 03:24:00+10:00,0,1,1,True,2026-08-08,03:24:00,Low
20,2026-08-08 03:24:00+10:00,0,2,2,True,2026-08-08,03:24:00,Low
35,2026-08-08 03:24:00+10:00,0,1,1,True,2026-08-08,03:24:00,Low
56,2026-08-08 03:24:00+10:00,2,0,2,True,2026-08-08,03:24:00,Low
63,2026-08-08 03:24:00+10:00,0,1,1,True,2026-08-08,03:24:00,Low
3,2026-08-08 03:23:00+10:00,1,0,1,True,2026-08-08,03:23:00,Low
79,2026-08-08 03:23:00+10:00,0,2,2,True,2026-08-08,03:23:00,Low
36,2026-08-08 03:23:00+10:00,2,7,9,True,2026-08-08,03:23:00,Low
42,2026-08-08 03:23:00+10:00,1,0,1,True,2026-08-08,03:23:00,Low
66,2026-08-08 03:23:00+10:00,0,2,2,True,2026-08-08,03:23:00,Low
17,2026-08-08 03:23:00+10:00,2,0,2,True,2026-08-08,03:23:00,Low
4,2026-08-08 03:23:00+10:00,1,0,1,True,2026-08-08,03:23:00,Low
6,2026-08-08 03:23:00+10:00,0,2,2,True,2026-08-08,03:23:00,Low
41,2026-08-08 03:23:00+10:00,0,1,1,True,2026-08-08,03:23:00,Low
181,2026-08-08 03:23:00+10:00,1,0,1,True,2026-08-08,03:23:00,Low
3,2026-08-08 03:22:00+10:00,4,0,4,True,2026-08-08,03:22:00,Low
209,2026-08-08 03:22:00+10:00,0,1,1,True,2026-08-08,03:22:00,Low
52,2026-08-08 03:22:00+10:00,0,2,2,True,2026-08-08,03:22:00,Low
63,2026-08-08 03:22:00+10:00,0,2,2,True,2026-08-08,03:22:00,Low
79,2026-08-08 03:22:00+10:00,1,0,1,True,2026-08-08,03:22:00,Low
41,2026-08-08 03:22:00+10:00,0,6,6,True,2026-08-08,03:22:00,Low
181,2026-08-08 03:22:00+10:00,0,3,3,True,2026-08-08,03:22:00,Low
187,2026-08-08 03:22:00+10:00,0,1,1,True,2026-08-08,03:22:00,Low
4,2026-08-08 03:22:00+10:00,1,3,4,True,2026-08-08,03:22:00,Low
36,2026-08-08 03:22:00+10:00,7,3,10,True,2026-08-08,03:22:00,Low
53,2026-08-08 03:22:00+10:00,1,0,1,True,2026-08-08,03:22:00,Low
3,2026-08-08 03:21:00+10:00,3,0,3,True,2026-08-08,03:21:00,Low
4,2026-08-08 03:21:00+10:00,1,0,1,True,2026-08-08,03:21:00,Low
41,2026-08-08 03:21:00+10:00,0,3,3,True,2026-08-08,03:21:00,Low
181,2026-08-08 03:21:00+10:00,2,1,3,True,2026-08-08,03:21:00,Low
19,2026-08-08 03:21:00+10:00,1,3,4,True,2026-08-08,03:21:00,Low
24,2026-08-08 03:21:00+10:00,1,2,3,True,2026-08-08,03:21:00,Low
56,2026-08-08 03:21:00+10:00,1,0,1,True,2026-08-08,03:21:00,Low
36,2026-08-08 03:21:00+10:00,5,5,10,True,2026-08-08,03:21:00,Low
20,2026-08-08 03:21:00+10:00,0,1,1,True,2026-08-08,03:21:00,Low
52,2026-08-08 03:21:00+10:00,0,1,1,True,2026-08-08,03:21:00,Low
63,2026-08-08 03:21:00+10:00,0,1,1,True,2026-08-08,03:21:00,Low
79,2026-08-08 03:21:00+10:00,0,2,2,True,2026-08-08,03:21:00,Low
8,2026-08-08 03:21:00+10:00,0,1,1,True,2026-08-08,03:21:00,Low
9,2026-08-08 03:21:00+10:00,0,1,1,True,2026-08-08,03:21:00,Low
47,2026-08-08 03:20:00+10:00,4,4,8,True,2026-08-08,03:20:00,Low
84,2026-08-08 03:20:00+10:00,2,5,7,True,2026-08-08,03:20:00,Low
135,2026-08-08 03:20:00+10:00,1,1,2,True,2026-08-08,03:20:00,Low
162,2026-08-08 03:20:00+10:00,7,0,7,True,2026-08-08,03:20:00,Low
166,2026-08-08 03:20:00+10:00,1,0,1,True,2026-08-08,03:20:00,Low
184,2026-08-08 03:20:00+10:00,4,6,10,True,2026-08-08,03:20:00,Low
185,2026-08-08 03:20:00+10:00,0,3,3,True,2026-08-08,03:20:00,Low
56,2026-08-08 03:20:00+10:00,2,0,2,True,2026-08-08,03:20:00,Low
58,2026-08-08 03:20:00+10:00,0,3,3,True,2026-08-08,03:20:00,Low
141,2026-08-08 03:20:00+10:00,1,1,2,True,2026-08-08,03:20:00,Low
3,2026-08-08 03:20:00+10:00,1,1,2,True,2026-08-08,03:20:00,Low
4,2026-08-08 03:20:00+10:00,1,1,2,True,2026-08-08,03:20:00,Low
21,2026-08-08 03:20:00+10:00,0,6,6,True,2026-08-08,03:20:00,Low
36,2026-08-08 03:20:00+10:00,11,2,13,True,2026-08-08,03:20:00,Low
59,2026-08-08 03:20:00+10:00,11,1,12,True,2026-08-08,03:20:00,Low
66,2026-08-08 03:20:00+10:00,2,2,4,True,2026-08-08,03:20:00,Low
132,2026-08-08 03:20:00+10:00,2,1,3,True,2026-08-08,03:20:00,Low
134,2026-08-08 03:20:00+10:00,1,2,3,True,2026-08-08,03:20:00,Low
167,2026-08-08 03:20:00+10:00,0,1,1,True,2026-08-08,03:20:00,Low
181,2026-08-08 03:20:00+10:00,7,1,8,True,2026-08-08,03:20:00,Low
182,2026-08-08 03:20:00+10:00,2,2,4,True,2026-08-08,03:20:00,Low
25,2026-08-08 03:20:00+10:00,1,0,1,True,2026-08-08,03:20:00,Low
27,2026-08-08 03:20:00+10:00,0,2,2,True,2026-08-08,03:20:00,Low
30,2026-08-08 03:20:00+10:00,9,7,16,True,2026-08-08,03:20:00,Low
48,2026-08-08 03:20:00+10:00,0,5,5,True,2026-08-08,03:20:00,Low
49,2026-08-08 03:20:00+10:00,0,3,3,True,2026-08-08,03:20:00,Low
79,2026-08-08 03:20:00+10:00,4,0,4,True,2026-08-08,03:20:00,Low
164,2026-08-08 03:20:00+10:00,2,0,2,True,2026-08-08,03:20:00,Low
5,2026-08-08 03:20:00+10:00,2,3,5,True,2026-08-08,03:20:00,Low
41,2026-08-08 03:20:00+10:00,1,4,5,True,2026-08-08,03:20:00,Low
45,2026-08-08 03:20:00+10:00,3,5,8,True,2026-08-08,03:20:00,Low
77,2026-08-08 03:20:00+10:00,0,1,1,True,2026-08-08,03:20:00,Low
131,2026-08-08 03:20:00+10:00,2,2,4,True,2026-08-08,03:20:00,Low
133,2026-08-08 03:20:00+10:00,0,5,5,True,2026-08-08,03:20:00,Low
143,2026-08-08 03:20:00+10:00,12,2,14,True,2026-08-08,03:20:00,Low
19,2026-08-08 03:20:00+10:00,2,2,4,True,2026-08-08,03:20:00,Low
20,2026-08-08 03:20:00+10:00,0,2,2,True,2026-08-08,03:20:00,Low
23,2026-08-08 03:20:00+10:00,1,1,2,True,2026-08-08,03:20:00,Low
63,2026-08-08 03:20:00+10:00,0,1,1,True,2026-08-08,03:20:00,Low
9,2026-08-08 03:19:00+10:00,0,1,1,True,2026-08-08,03:19:00,Low
62,2026-08-08 03:19:00+10:00,0,1,1,True,2026-08-08,03:19:00,Low
63,2026-08-08 03:19:00+10:00,0,1,1,True,2026-08-08,03:19:00,Low
3,2026-08-08 03:19:00+10:00,2,0,2,True,2026-08-08,03:19:00,Low
41,2026-08-08 03:19:00+10:00,0,2,2,True,2026-08-08,03:19:00,Low
66,2026-08-08 03:19:00+10:00,1,0,1,True,2026-08-08,03:19:00,Low
181,2026-08-08 03:19:00+10:00,0,5,5,True,2026-08-08,03:19:00,Low
187,2026-08-08 03:19:00+10:00,0,2,2,True,2026-08-08,03:19:00,Low
36,2026-08-08 03:19:00+10:00,9,0,9,True,2026-08-08,03:19:00,Low
40,2026-08-08 03:19:00+10:00,1,0,1,True,2026-08-08,03:19:00,Low
61,2026-08-08 03:19:00+10:00,3,0,3,True,2026-08-08,03:19:00,Low
79,2026-08-08 03:19:00+10:00,0,1,1,True,2026-08-08,03:19:00,Low
3,2026-08-08 03:18:00+10:00,0,1,1,True,2026-08-08,03:18:00,Low
36,2026-08-08 03:18:00+10:00,10,6,16,True,2026-08-08,03:18:00,Low
66,2026-08-08 03:18:00+10:00,1,1,2,True,2026-08-08,03:18:00,Low
63,2026-08-08 03:18:00+10:00,1,0,1,True,2026-08-08,03:18:00,Low
187,2026-08-08 03:18:00+10:00,3,1,4,True,2026-08-08,03:18:00,Low
4,2026-08-08 03:18:00+10:00,0,3,3,True,2026-08-08,03:18:00,Low
20,2026-08-08 03:18:00+10:00,0,1,1,True,2026-08-08,03:18:00,Low
52,2026-08-08 03:18:00+10:00,1,1,2,True,2026-08-08,03:18:00,Low
79,2026-08-08 03:18:00+10:00,1,0,1,True,2026-08-08,03:18:00,Low
4,2026-08-08 03:17:00+10:00,1,3,4,True,2026-08-08,03:17:00,Low
36,2026-08-08 03:17:00+10:00,2,0,2,True,2026-08-08,03:17:00,Low
41,2026-08-08 03:17:00+10:00,4,1,5,True,2026-08-08,03:17:00,Low
66,2026-08-08 03:17:00+10:00,1,1,2,True,2026-08-08,03:17:00,Low
10,2026-08-08 03:17:00+10:00,0,1,1,True,2026-08-08,03:17:00,Low
40,2026-08-08 03:17:00+10:00,0,1,1,True,2026-08-08,03:17:00,Low
70,2026-08-08 03:17:00+10:00,1,0,1,True,2026-08-08,03:17:00,Low
35,2026-08-08 03:17:00+10:00,0,1,1,True,2026-08-08,03:17:00,Low
63,2026-08-08 03:17:00+10:00,0,1,1,True,2026-08-08,03:17:00,Low
79,2026-08-08 03:17:00+10:00,0,2,2,True,2026-08-08,03:17:00,Low
181,2026-08-08 03:17:00+10:00,0,2,2,True,2026-08-08,03:17:00,Low
62,2026-08-08 03:17:00+10:00,1,0,1,True,2026-08-08,03:17:00,Low
67,2026-08-08 03:17:00+10:00,1,1,2,True,2026-08-08,03:17:00,Low
29,2026-08-08 03:16:00+10:00,0,2,2,True,2026-08-08,03:16:00,Low
36,2026-08-08 03:16:00+10:00,0,1,1,True,2026-08-08,03:16:00,Low
9,2026-08-08 03:16:00+10:00,1,0,1,True,2026-08-08,03:16:00,Low
17,2026-08-08 03:16:00+10:00,1,0,1,True,2026-08-08,03:16:00,Low
19,2026-08-08 03:16:00+10:00,2,0,2,True,2026-08-08,03:16:00,Low
62,2026-08-08 03:16:00+10:00,3,1,4,True,2026-08-08,03:16:00,Low
3,2026-08-08 03:16:00+10:00,5,6,11,True,2026-08-08,03:16:00,Low
41,2026-08-08 03:16:00+10:00,1,2,3,True,2026-08-08,03:16:00,Low
75,2026-08-08 03:16:00+10:00,0,1,1,True,2026-08-08,03:16:00,Low
79,2026-08-08 03:16:00+10:00,0,1,1,True,2026-08-08,03:16:00,Low
4,2026-08-08 03:16:00+10:00,1,1,2,True,2026-08-08,03:16:00,Low
61,2026-08-08 03:16:00+10:00,1,0,1,True,2026-08-08,03:16:00,Low
181,2026-08-08 03:16:00+10:00,5,0,5,True,2026-08-08,03:16:00,Low
20,2026-08-08 03:16:00+10:00,0,2,2,True,2026-08-08,03:16:00,Low
24,2026-08-08 03:16:00+10:00,0,2,2,True,2026-08-08,03:16:00,Low
53,2026-08-08 03:16:00+10:00,1,0,1,True,2026-08-08,03:16:00,Low
56,2026-08-08 03:16:00+10:00,4,7,11,True,2026-08-08,03:16:00,Low
63,2026-08-08 03:16:00+10:00,0,1,1,True,2026-08-08,03:16:00,Low
3,2026-08-08 03:15:00+10:00,1,0,1,True,2026-08-08,03:15:00,Low
4,2026-08-08 03:15:00+10:00,1,2,3,True,2026-08-08,03:15:00,Low
29,2026-08-08 03:15:00+10:00,0,2,2,True,2026-08-08,03:15:00,Low
37,2026-08-08 03:15:00+10:00,0,1,1,True,2026-08-08,03:15:00,Low
41,2026-08-08 03:15:00+10:00,2,0,2,True,2026-08-08,03:15:00,Low
47,2026-08-08 03:15:00+10:00,6,5,11,True,2026-08-08,03:15:00,Low
66,2026-08-08 03:15:00+10:00,2,0,2,True,2026-08-08,03:15:00,Low
143,2026-08-08 03:15:00+10:00,5,1,6,True,2026-08-08,03:15:00,Low
179,2026-08-08 03:15:00+10:00,2,0,2,True,2026-08-08,03:15:00,Low
184,2026-08-08 03:15:00+10:00,1,1,2,True,2026-08-08,03:15:00,Low
25,2026-08-08 03:15:00+10:00,0,1,1,True,2026-08-08,03:15:00,Low
48,2026-08-08 03:15:00+10:00,1,2,3,True,2026-08-08,03:15:00,Low
49,2026-08-08 03:15:00+10:00,1,0,1,True,2026-08-08,03:15:00,Low
63,2026-08-08 03:15:00+10:00,0,4,4,True,2026-08-08,03:15:00,Low
117,2026-08-08 03:15:00+10:00,3,0,3,True,2026-08-08,03:15:00,Low
141,2026-08-08 03:15:00+10:00,3,1,4,True,2026-08-08,03:15:00,Low
45,2026-08-08 03:15:00+10:00,1,13,14,True,2026-08-08,03:15:00,Low
84,2026-08-08 03:15:00+10:00,4,6,10,True,2026-08-08,03:15:00,Low
133,2026-08-08 03:15:00+10:00,2,0,2,True,2026-08-08,03:15:00,Low
134,2026-08-08 03:15:00+10:00,0,6,6,True,2026-08-08,03:15:00,Low
135,2026-08-08 03:15:00+10:00,0,6,6,True,2026-08-08,03:15:00,Low
181,2026-08-08 03:15:00+10:00,1,3,4,True,2026-08-08,03:15:00,Low
185,2026-08-08 03:15:00+10:00,7,4,11,True,2026-08-08,03:15:00,Low
209,2026-08-08 03:15:00+10:00,1,2,3,True,2026-08-08,03:15:00,Low
2,2026-08-08 03:15:00+10:00,0,1,1,True,2026-08-08,03:15:00,Low
24,2026-08-08 03:15:00+10:00,0,1,1,True,2026-08-08,03:15:00,Low
30,2026-08-08 03:15:00+10:00,7,3,10,True,2026-08-08,03:15:00,Low
56,2026-08-08 03:15:00+10:00,0,2,2,True,2026-08-08,03:15:00,Low
62,2026-08-08 03:15:00+10:00,2,0,2,True,2026-08-08,03:15:00,Low
109,2026-08-08 03:15:00+10:00,0,2,2,True,2026-08-08,03:15:00,Low
21,2026-08-08 03:15:00+10:00,4,2,6,True,2026-08-08,03:15:00,Low
59,2026-08-08 03:15:00+10:00,4,1,5,True,2026-08-08,03:15:00,Low
131,2026-08-08 03:15:00+10:00,0,6,6,True,2026-08-08,03:15:00,Low
162,2026-08-08 03:15:00+10:00,1,9,10,True,2026-08-08,03:15:00,Low
182,2026-08-08 03:15:00+10:00,12,8,20,True,2026-08-08,03:15:00,Low
17,2026-08-08 03:15:00+10:00,0,1,1,True,2026-08-08,03:15:00,Low
19,2026-08-08 03:15:00+10:00,6,1,7,True,2026-08-08,03:15:00,Low
20,2026-08-08 03:15:00+10:00,1,0,1,True,2026-08-08,03:15:00,Low
23,2026-08-08 03:15:00+10:00,1,2,3,True,2026-08-08,03:15:00,Low
52,2026-08-08 03:15:00+10:00,0,1,1,True,2026-08-08,03:15:00,Low
142,2026-08-08 03:15:00+10:00,1,0,1,True,2026-08-08,03:15:00,Low
3,2026-08-08 03:14:00+10:00,2,10,12,True,2026-08-08,03:14:00,Low
41,2026-08-08 03:14:00+10:00,2,1,3,True,2026-08-08,03:14:00,Low
66,2026-08-08 03:14:00+10:00,1,0,1,True,2026-08-08,03:14:00,Low
24,2026-08-08 03:14:00+10:00,1,1,2,True,2026-08-08,03:14:00,Low
62,2026-08-08 03:14:00+10:00,2,2,4,True,2026-08-08,03:14:00,Low
4,2026-08-08 03:14:00+10:00,1,1,2,True,2026-08-08,03:14:00,Low
36,2026-08-08 03:14:00+10:00,1,2,3,True,2026-08-08,03:14:00,Low
17,2026-08-08 03:14:00+10:00,1,0,1,True,2026-08-08,03:14:00,Low
63,2026-08-08 03:14:00+10:00,0,1,1,True,2026-08-08,03:14:00,Low
187,2026-08-08 03:14:00+10:00,2,0,2,True,2026-08-08,03:14:00,Low
1,2026-08-08 03:14:00+10:00,1,0,1,True,2026-08-08,03:14:00,Low
56,2026-08-08 03:14:00+10:00,0,1,1,True,2026-08-08,03:14:00,Low
86,2026-08-08 03:14:00+10:00,0,1,1,True,2026-08-08,03:14:00,Low
3,2026-08-08 03:13:00+10:00,5,4,9,True,2026-08-08,03:13:00,Low
4,2026-08-08 03:13:00+10:00,1,1,2,True,2026-08-08,03:13:00,Low
6,2026-08-08 03:13:00+10:00,0,1,1,True,2026-08-08,03:13:00,Low
36,2026-08-08 03:13:00+10:00,1,4,5,True,2026-08-08,03:13:00,Low
181,2026-08-08 03:13:00+10:00,2,0,2,True,2026-08-08,03:13:00,Low
56,2026-08-08 03:13:00+10:00,2,3,5,True,2026-08-08,03:13:00,Low
68,2026-08-08 03:13:00+10:00,0,2,2,True,2026-08-08,03:13:00,Low
79,2026-08-08 03:13:00+10:00,1,2,3,True,2026-08-08,03:13:00,Low
40,2026-08-08 03:13:00+10:00,2,0,2,True,2026-08-08,03:13:00,Low
41,2026-08-08 03:13:00+10:00,2,0,2,True,2026-08-08,03:13:00,Low
1,2026-08-08 03:13:00+10:00,1,0,1,True,2026-08-08,03:13:00,Low
17,2026-08-08 03:13:00+10:00,0,1,1,True,2026-08-08,03:13:00,Low
19,2026-08-08 03:13:00+10:00,0,1,1,True,2026-08-08,03:13:00,Low
20,2026-08-08 03:13:00+10:00,0,4,4,True,2026-08-08,03:13:00,Low
53,2026-08-08 03:13:00+10:00,3,0,3,True,2026-08-08,03:13:00,Low
35,2026-08-08 03:13:00+10:00,1,1,2,True,2026-08-08,03:13:00,Low
62,2026-08-08 03:13:00+10:00,0,1,1,True,2026-08-08,03:13:00,Low
3,2026-08-08 03:12:00+10:00,10,1,11,True,2026-08-08,03:12:00,Low
42,2026-08-08 03:12:00+10:00,0,1,1,True,2026-08-08,03:12:00,Low
62,2026-08-08 03:12:00+10:00,1,0,1,True,2026-08-08,03:12:00,Low
66,2026-08-08 03:12:00+10:00,0,3,3,True,2026-08-08,03:12:00,Low
70,2026-08-08 03:12:00+10:00,0,1,1,True,2026-08-08,03:12:00,Low
181,2026-08-08 03:12:00+10:00,6,2,8,True,2026-08-08,03:12:00,Low
19,2026-08-08 03:12:00+10:00,0,3,3,True,2026-08-08,03:12:00,Low
79,2026-08-08 03:12:00+10:00,1,0,1,True,2026-08-08,03:12:00,Low
36,2026-08-08 03:12:00+10:00,1,1,2,True,2026-08-08,03:12:00,Low
41,2026-08-08 03:12:00+10:00,0,1,1,True,2026-08-08,03:12:00,Low
209,2026-08-08 03:12:00+10:00,1,0,1,True,2026-08-08,03:12:00,Low
2,2026-08-08 03:12:00+10:00,0,1,1,True,2026-08-08,03:12:00,Low
20,2026-08-08 03:12:00+10:00,2,0,2,True,2026-08-08,03:12:00,Low
24,2026-08-08 03:12:00+10:00,0,1,1,True,2026-08-08,03:12:00,Low
52,2026-08-08 03:12:00+10:00,0,6,6,True,2026-08-08,03:12:00,Low
56,2026-08-08 03:12:00+10:00,0,3,3,True,2026-08-08,03:12:00,Low
3,2026-08-08 03:11:00+10:00,5,4,9,True,2026-08-08,03:11:00,Low
36,2026-08-08 03:11:00+10:00,4,1,5,True,2026-08-08,03:11:00,Low
24,2026-08-08 03:11:00+10:00,1,0,1,True,2026-08-08,03:11:00,Low
67,2026-08-08 03:11:00+10:00,1,0,1,True,2026-08-08,03:11:00,Low
187,2026-08-08 03:11:00+10:00,1,1,2,True,2026-08-08,03:11:00,Low
79,2026-08-08 03:11:00+10:00,2,0,2,True,2026-08-08,03:11:00,Low
4,2026-08-08 03:11:00+10:00,1,1,2,True,2026-08-08,03:11:00,Low
6,2026-08-08 03:11:00+10:00,0,1,1,True,2026-08-08,03:11:00,Low
41,2026-08-08 03:11:00+10:00,1,4,5,True,2026-08-08,03:11:00,Low
66,2026-08-08 03:11:00+10:00,4,0,4,True,2026-08-08,03:11:00,Low
181,2026-08-08 03:11:00+10:00,6,1,7,True,2026-08-08,03:11:00,Low
1,2026-08-08 03:11:00+10:00,0,1,1,True,2026-08-08,03:11:00,Low
20,2026-08-08 03:11:00+10:00,1,0,1,True,2026-08-08,03:11:00,Low
62,2026-08-08 03:11:00+10:00,1,0,1,True,2026-08-08,03:11:00,Low
63,2026-08-08 03:11:00+10:00,1,0,1,True,2026-08-08,03:11:00,Low
41,2026-08-08 03:10:00+10:00,0,1,1,True,2026-08-08,03:10:00,Low
84,2026-08-08 03:10:00+10:00,2,3,5,True,2026-08-08,03:10:00,Low
131,2026-08-08 03:10:00+10:00,1,9,10,True,2026-08-08,03:10:00,Low
132,2026-08-08 03:10:00+10:00,2,5,7,True,2026-08-08,03:10:00,Low
143,2026-08-08 03:10:00+10:00,4,0,4,True,2026-08-08,03:10:00,Low
181,2026-08-08 03:10:00+10:00,10,4,14,True,2026-08-08,03:10:00,Low
185,2026-08-08 03:10:00+10:00,16,5,21,True,2026-08-08,03:10:00,Low
2,2026-08-08 03:10:00+10:00,0,5,5,True,2026-08-08,03:10:00,Low
24,2026-08-08 03:10:00+10:00,1,1,2,True,2026-08-08,03:10:00,Low
52,2026-08-08 03:10:00+10:00,0,3,3,True,2026-08-08,03:10:00,Low
62,2026-08-08 03:10:00+10:00,1,3,4,True,2026-08-08,03:10:00,Low
187,2026-08-08 03:10:00+10:00,0,1,1,True,2026-08-08,03:10:00,Low
21,2026-08-08 03:10:00+10:00,4,4,8,True,2026-08-08,03:10:00,Low
43,2026-08-08 03:10:00+10:00,1,0,1,True,2026-08-08,03:10:00,Low
47,2026-08-08 03:10:00+10:00,1,2,3,True,2026-08-08,03:10:00,Low
54,2026-08-08 03:10:00+10:00,5,0,5,True,2026-08-08,03:10:00,Low
59,2026-08-08 03:10:00+10:00,4,12,16,True,2026-08-08,03:10:00,Low
66,2026-08-08 03:10:00+10:00,0,1,1,True,2026-08-08,03:10:00,Low
134,2026-08-08 03:10:00+10:00,3,0,3,True,2026-08-08,03:10:00,Low
162,2026-08-08 03:10:00+10:00,4,0,4,True,2026-08-08,03:10:00,Low
165,2026-08-08 03:10:00+10:00,3,0,3,True,2026-08-08,03:10:00,Low
179,2026-08-08 03:10:00+10:00,1,0,1,True,2026-08-08,03:10:00,Low
184,2026-08-08 03:10:00+10:00,4,11,15,True,2026-08-08,03:10:00,Low
17,2026-08-08 03:10:00+10:00,1,0,1,True,2026-08-08,03:10:00,Low
30,2026-08-08 03:10:00+10:00,6,5,11,True,2026-08-08,03:10:00,Low
48,2026-08-08 03:10:00+10:00,1,0,1,True,2026-08-08,03:10:00,Low
49,2026-08-08 03:10:00+10:00,1,1,2,True,2026-08-08,03:10:00,Low
141,2026-08-08 03:10:00+10:00,2,1,3,True,2026-08-08,03:10:00,Low
3,2026-08-08 03:10:00+10:00,0,3,3,True,2026-08-08,03:10:00,Low
4,2026-08-08 03:10:00+10:00,0,1,1,True,2026-08-08,03:10:00,Low
5,2026-08-08 03:10:00+10:00,3,4,7,True,2026-08-08,03:10:00,Low
36,2026-08-08 03:10:00+10:00,1,2,3,True,2026-08-08,03:10:00,Low
44,2026-08-08 03:10:00+10:00,1,0,1,True,2026-08-08,03:10:00,Low
45,2026-08-08 03:10:00+10:00,1,4,5,True,2026-08-08,03:10:00,Low
77,2026-08-08 03:10:00+10:00,0,1,1,True,2026-08-08,03:10:00,Low
107,2026-08-08 03:10:00+10:00,1,0,1,True,2026-08-08,03:10:00,Low
133,2026-08-08 03:10:00+10:00,0,2,2,True,2026-08-08,03:10:00,Low
135,2026-08-08 03:10:00+10:00,4,2,6,True,2026-08-08,03:10:00,Low
182,2026-08-08 03:10:00+10:00,6,6,12,True,2026-08-08,03:10:00,Low
1,2026-08-08 03:10:00+10:00,9,0,9,True,2026-08-08,03:10:00,Low
20,2026-08-08 03:10:00+10:00,0,1,1,True,2026-08-08,03:10:00,Low
56,2026-08-08 03:10:00+10:00,0,1,1,True,2026-08-08,03:10:00,Low
58,2026-08-08 03:10:00+10:00,0,2,2,True,2026-08-08,03:10:00,Low
63,2026-08-08 03:10:00+10:00,0,9,9,True,2026-08-08,03:10:00,Low
109,2026-08-08 03:10:00+10:00,0,1,1,True,2026-08-08,03:10:00,Low
209,2026-08-08 03:09:00+10:00,0,1,1,True,2026-08-08,03:09:00,Low
20,2026-08-08 03:09:00+10:00,0,2,2,True,2026-08-08,03:09:00,Low
35,2026-08-08 03:09:00+10:00,1,0,1,True,2026-08-08,03:09:00,Low
52,2026-08-08 03:09:00+10:00,0,4,4,True,2026-08-08,03:09:00,Low
56,2026-08-08 03:09:00+10:00,2,2,4,True,2026-08-08,03:09:00,Low
3,2026-08-08 03:09:00+10:00,3,1,4,True,2026-08-08,03:09:00,Low
36,2026-08-08 03:09:00+10:00,0,5,5,True,2026-08-08,03:09:00,Low
41,2026-08-08 03:09:00+10:00,0,6,6,True,2026-08-08,03:09:00,Low
66,2026-08-08 03:09:00+10:00,3,0,3,True,2026-08-08,03:09:00,Low
181,2026-08-08 03:09:00+10:00,0,5,5,True,2026-08-08,03:09:00,Low
1,2026-08-08 03:09:00+10:00,3,3,6,True,2026-08-08,03:09:00,Low
187,2026-08-08 03:09:00+10:00,1,0,1,True,2026-08-08,03:09:00,Low
24,2026-08-08 03:09:00+10:00,2,0,2,True,2026-08-08,03:09:00,Low
63,2026-08-08 03:09:00+10:00,3,3,6,True,2026-08-08,03:09:00,Low
11,2026-08-08 03:08:00+10:00,1,0,1,True,2026-08-08,03:08:00,Low
24,2026-08-08 03:08:00+10:00,1,1,2,True,2026-08-08,03:08:00,Low
56,2026-08-08 03:08:00+10:00,5,0,5,True,2026-08-08,03:08:00,Low
67,2026-08-08 03:08:00+10:00,1,0,1,True,2026-08-08,03:08:00,Low
187,2026-08-08 03:08:00+10:00,0,1,1,True,2026-08-08,03:08:00,Low
3,2026-08-08 03:08:00+10:00,4,4,8,True,2026-08-08,03:08:00,Low
181,2026-08-08 03:08:00+10:00,2,2,4,True,2026-08-08,03:08:00,Low
1,2026-08-08 03:08:00+10:00,1,0,1,True,2026-08-08,03:08:00,Low
20,2026-08-08 03:08:00+10:00,0,2,2,True,2026-08-08,03:08:00,Low
36,2026-08-08 03:08:00+10:00,2,1,3,True,2026-08-08,03:08:00,Low
41,2026-08-08 03:08:00+10:00,0,3,3,True,2026-08-08,03:08:00,Low
75,2026-08-08 03:08:00+10:00,0,2,2,True,2026-08-08,03:08:00,Low
62,2026-08-08 03:08:00+10:00,1,0,1,True,2026-08-08,03:08:00,Low
63,2026-08-08 03:08:00+10:00,0,6,6,True,2026-08-08,03:08:00,Low
181,2026-08-08 03:07:00+10:00,4,0,4,True,2026-08-08,03:07:00,Low
2,2026-08-08 03:07:00+10:00,1,3,4,True,2026-08-08,03:07:00,Low
20,2026-08-08 03:07:00+10:00,0,3,3,True,2026-08-08,03:07:00,Low
63,2026-08-08 03:07:00+10:00,2,0,2,True,2026-08-08,03:07:00,Low
36,2026-08-08 03:07:00+10:00,1,4,5,True,2026-08-08,03:07:00,Low
61,2026-08-08 03:07:00+10:00,1,1,2,True,2026-08-08,03:07:00,Low
66,2026-08-08 03:07:00+10:00,0,2,2,True,2026-08-08,03:07:00,Low
19,2026-08-08 03:07:00+10:00,0,2,2,True,2026-08-08,03:07:00,Low
52,2026-08-08 03:07:00+10:00,0,2,2,True,2026-08-08,03:07:00,Low
79,2026-08-08 03:07:00+10:00,1,0,1,True,2026-08-08,03:07:00,Low
4,2026-08-08 03:07:00+10:00,3,8,11,True,2026-08-08,03:07:00,Low
6,2026-08-08 03:07:00+10:00,1,0,1,True,2026-08-08,03:07:00,Low
40,2026-08-08 03:07:00+10:00,0,1,1,True,2026-08-08,03:07:00,Low
41,2026-08-08 03:07:00+10:00,1,0,1,True,2026-08-08,03:07:00,Low
3,2026-08-08 03:07:00+10:00,2,1,3,True,2026-08-08,03:07:00,Low
24,2026-08-08 03:07:00+10:00,0,2,2,True,2026-08-08,03:07:00,Low
53,2026-08-08 03:07:00+10:00,1,0,1,True,2026-08-08,03:07:00,Low
35,2026-08-08 03:06:00+10:00,0,1,1,True,2026-08-08,03:06:00,Low
4,2026-08-08 03:06:00+10:00,1,6,7,True,2026-08-08,03:06:00,Low
36,2026-08-08 03:06:00+10:00,0,4,4,True,2026-08-08,03:06:00,Low
61,2026-08-08 03:06:00+10:00,1,0,1,True,2026-08-08,03:06:00,Low
63,2026-08-08 03:06:00+10:00,0,7,7,True,2026-08-08,03:06:00,Low
41,2026-08-08 03:06:00+10:00,0,2,2,True,2026-08-08,03:06:00,Low
66,2026-08-08 03:06:00+10:00,1,0,1,True,2026-08-08,03:06:00,Low
3,2026-08-08 03:06:00+10:00,1,1,2,True,2026-08-08,03:06:00,Low
62,2026-08-08 03:06:00+10:00,2,1,3,True,2026-08-08,03:06:00,Low
185,2026-08-08 03:05:00+10:00,6,2,8,True,2026-08-08,03:05:00,Low
52,2026-08-08 03:05:00+10:00,2,0,2,True,2026-08-08,03:05:00,Low
63,2026-08-08 03:05:00+10:00,1,12,13,True,2026-08-08,03:05:00,Low
67,2026-08-08 03:05:00+10:00,0,1,1,True,2026-08-08,03:05:00,Low
164,2026-08-08 03:05:00+10:00,0,2,2,True,2026-08-08,03:05:00,Low
3,2026-08-08 03:05:00+10:00,2,1,3,True,2026-08-08,03:05:00,Low
21,2026-08-08 03:05:00+10:00,10,4,14,True,2026-08-08,03:05:00,Low
131,2026-08-08 03:05:00+10:00,0,2,2,True,2026-08-08,03:05:00,Low
134,2026-08-08 03:05:00+10:00,0,2,2,True,2026-08-08,03:05:00,Low
135,2026-08-08 03:05:00+10:00,1,2,3,True,2026-08-08,03:05:00,Low
143,2026-08-08 03:05:00+10:00,8,1,9,True,2026-08-08,03:05:00,Low
181,2026-08-08 03:05:00+10:00,4,0,4,True,2026-08-08,03:05:00,Low
182,2026-08-08 03:05:00+10:00,1,13,14,True,2026-08-08,03:05:00,Low
25,2026-08-08 03:05:00+10:00,0,2,2,True,2026-08-08,03:05:00,Low
30,2026-08-08 03:05:00+10:00,9,6,15,True,2026-08-08,03:05:00,Low
48,2026-08-08 03:05:00+10:00,0,1,1,True,2026-08-08,03:05:00,Low
141,2026-08-08 03:05:00+10:00,2,1,3,True,2026-08-08,03:05:00,Low
54,2026-08-08 03:05:00+10:00,2,0,2,True,2026-08-08,03:05:00,Low
132,2026-08-08 03:05:00+10:00,1,0,1,True,2026-08-08,03:05:00,Low
162,2026-08-08 03:05:00+10:00,6,0,6,True,2026-08-08,03:05:00,Low
4,2026-08-08 03:05:00+10:00,3,3,6,True,2026-08-08,03:05:00,Low
5,2026-08-08 03:05:00+10:00,2,2,4,True,2026-08-08,03:05:00,Low
37,2026-08-08 03:05:00+10:00,1,0,1,True,2026-08-08,03:05:00,Low
45,2026-08-08 03:05:00+10:00,3,15,18,True,2026-08-08,03:05:00,Low
47,2026-08-08 03:05:00+10:00,9,6,15,True,2026-08-08,03:05:00,Low
59,2026-08-08 03:05:00+10:00,10,7,17,True,2026-08-08,03:05:00,Low
66,2026-08-08 03:05:00+10:00,3,0,3,True,2026-08-08,03:05:00,Low
84,2026-08-08 03:05:00+10:00,0,6,6,True,2026-08-08,03:05:00,Low
184,2026-08-08 03:05:00+10:00,1,5,6,True,2026-08-08,03:05:00,Low
2,2026-08-08 03:05:00+10:00,1,0,1,True,2026-08-08,03:05:00,Low
19,2026-08-08 03:05:00+10:00,0,1,1,True,2026-08-08,03:05:00,Low
20,2026-08-08 03:05:00+10:00,0,2,2,True,2026-08-08,03:05:00,Low
24,2026-08-08 03:05:00+10:00,2,0,2,True,2026-08-08,03:05:00,Low
27,2026-08-08 03:05:00+10:00,0,1,1,True,2026-08-08,03:05:00,Low
49,2026-08-08 03:05:00+10:00,4,3,7,True,2026-08-08,03:05:00,Low
209,2026-08-08 03:04:00+10:00,0,1,1,True,2026-08-08,03:04:00,Low
1,2026-08-08 03:04:00+10:00,0,1,1,True,2026-08-08,03:04:00,Low
19,2026-08-08 03:04:00+10:00,3,1,4,True,2026-08-08,03:04:00,Low
53,2026-08-08 03:04:00+10:00,4,0,4,True,2026-08-08,03:04:00,Low
62,2026-08-08 03:04:00+10:00,1,0,1,True,2026-08-08,03:04:00,Low
66,2026-08-08 03:04:00+10:00,2,0,2,True,2026-08-08,03:04:00,Low
2,2026-08-08 03:04:00+10:00,0,2,2,True,2026-08-08,03:04:00,Low
67,2026-08-08 03:04:00+10:00,0,3,3,True,2026-08-08,03:04:00,Low
79,2026-08-08 03:04:00+10:00,2,0,2,True,2026-08-08,03:04:00,Low
36,2026-08-08 03:04:00+10:00,9,10,19,True,2026-08-08,03:04:00,Low
181,2026-08-08 03:04:00+10:00,4,0,4,True,2026-08-08,03:04:00,Low
63,2026-08-08 03:04:00+10:00,0,4,4,True,2026-08-08,03:04:00,Low
19,2026-08-08 03:03:00+10:00,0,1,1,True,2026-08-08,03:03:00,Low
62,2026-08-08 03:03:00+10:00,0,2,2,True,2026-08-08,03:03:00,Low
63,2026-08-08 03:03:00+10:00,0,2,2,True,2026-08-08,03:03:00,Low
4,2026-08-08 03:03:00+10:00,0,4,4,True,2026-08-08,03:03:00,Low
36,2026-08-08 03:03:00+10:00,3,0,3,True,2026-08-08,03:03:00,Low
20,2026-08-08 03:03:00+10:00,0,1,1,True,2026-08-08,03:03:00,Low
24,2026-08-08 03:03:00+10:00,0,3,3,True,2026-08-08,03:03:00,Low
41,2026-08-08 03:03:00+10:00,1,0,1,True,2026-08-08,03:03:00,Low
3,2026-08-08 03:03:00+10:00,4,0,4,True,2026-08-08,03:03:00,Low
181,2026-08-08 03:03:00+10:00,2,7,9,True,2026-08-08,03:03:00,Low
2,2026-08-08 03:03:00+10:00,0,1,1,True,2026-08-08,03:03:00,Low
51,2026-08-08 03:02:00+10:00,0,1,1,True,2026-08-08,03:02:00,Low
3,2026-08-08 03:02:00+10:00,6,1,7,True,2026-08-08,03:02:00,Low
41,2026-08-08 03:02:00+10:00,2,4,6,True,2026-08-08,03:02:00,Low
181,2026-08-08 03:02:00+10:00,1,1,2,True,2026-08-08,03:02:00,Low
63,2026-08-08 03:02:00+10:00,0,4,4,True,2026-08-08,03:02:00,Low
4,2026-08-08 03:02:00+10:00,1,5,6,True,2026-08-08,03:02:00,Low
61,2026-08-08 03:02:00+10:00,0,1,1,True,2026-08-08,03:02:00,Low
36,2026-08-08 03:02:00+10:00,1,1,2,True,2026-08-08,03:02:00,Low
62,2026-08-08 03:02:00+10:00,5,2,7,True,2026-08-08,03:02:00,Low
79,2026-08-08 03:02:00+10:00,1,1,2,True,2026-08-08,03:02:00,Low
20,2026-08-08 03:01:00+10:00,2,1,3,True,2026-08-08,03:01:00,Low
24,2026-08-08 03:01:00+10:00,0,5,5,True,2026-08-08,03:01:00,Low
79,2026-08-08 03:01:00+10:00,1,2,3,True,2026-08-08,03:01:00,Low
3,2026-08-08 03:01:00+10:00,3,0,3,True,2026-08-08,03:01:00,Low
36,2026-08-08 03:01:00+10:00,1,1,2,True,2026-08-08,03:01:00,Low
40,2026-08-08 03:01:00+10:00,3,0,3,True,2026-08-08,03:01:00,Low
41,2026-08-08 03:01:00+10:00,4,2,6,True,2026-08-08,03:01:00,Low
61,2026-08-08 03:01:00+10:00,2,0,2,True,2026-08-08,03:01:00,Low
181,2026-08-08 03:01:00+10:00,3,0,3,True,2026-08-08,03:01:00,Low
19,2026-08-08 03:01:00+10:00,2,0,2,True,2026-08-08,03:01:00,Low
66,2026-08-08 03:01:00+10:00,1,1,2,True,2026-08-08,03:01:00,Low
62,2026-08-08 03:01:00+10:00,1,2,3,True,2026-08-08,03:01:00,Low
63,2026-08-08 03:01:00+10:00,0,4,4,True,2026-08-08,03:01:00,Low
184,2026-08-08 03:00:00+10:00,0,2,2,True,2026-08-08,03:00:00,Low
19,2026-08-08 03:00:00+10:00,0,3,3,True,2026-08-08,03:00:00,Low
20,2026-08-08 03:00:00+10:00,0,4,4,True,2026-08-08,03:00:00,Low
23,2026-08-08 03:00:00+10:00,0,2,2,True,2026-08-08,03:00:00,Low
49,2026-08-08 03:00:00+10:00,3,0,3,True,2026-08-08,03:00:00,Low
6,2026-08-08 03:00:00+10:00,1,0,1,True,2026-08-08,03:00:00,Low
47,2026-08-08 03:00:00+10:00,8,3,11,True,2026-08-08,03:00:00,Low
54,2026-08-08 03:00:00+10:00,4,1,5,True,2026-08-08,03:00:00,Low
61,2026-08-08 03:00:00+10:00,3,0,3,True,2026-08-08,03:00:00,Low
66,2026-08-08 03:00:00+10:00,3,0,3,True,2026-08-08,03:00:00,Low
162,2026-08-08 03:00:00+10:00,3,3,6,True,2026-08-08,03:00:00,Low
179,2026-08-08 03:00:00+10:00,2,1,3,True,2026-08-08,03:00:00,Low
11,2026-08-08 03:00:00+10:00,0,1,1,True,2026-08-08,03:00:00,Low
24,2026-08-08 03:00:00+10:00,2,0,2,True,2026-08-08,03:00:00,Low
25,2026-08-08 03:00:00+10:00,0,2,2,True,2026-08-08,03:00:00,Low
48,2026-08-08 03:00:00+10:00,0,1,1,True,2026-08-08,03:00:00,Low
58,2026-08-08 03:00:00+10:00,1,2,3,True,2026-08-08,03:00:00,Low
109,2026-08-08 03:00:00+10:00,1,0,1,True,2026-08-08,03:00:00,Low
141,2026-08-08 03:00:00+10:00,0,2,2,True,2026-08-08,03:00:00,Low
4,2026-08-08 03:00:00+10:00,1,5,6,True,2026-08-08,03:00:00,Low
5,2026-08-08 03:00:00+10:00,3,5,8,True,2026-08-08,03:00:00,Low
21,2026-08-08 03:00:00+10:00,8,9,17,True,2026-08-08,03:00:00,Low
37,2026-08-08 03:00:00+10:00,3,0,3,True,2026-08-08,03:00:00,Low
59,2026-08-08 03:00:00+10:00,6,3,9,True,2026-08-08,03:00:00,Low
75,2026-08-08 03:00:00+10:00,0,2,2,True,2026-08-08,03:00:00,Low
134,2026-08-08 03:00:00+10:00,2,3,5,True,2026-08-08,03:00:00,Low
135,2026-08-08 03:00:00+10:00,0,1,1,True,2026-08-08,03:00:00,Low
3,2026-08-08 03:00:00+10:00,8,1,9,True,2026-08-08,03:00:00,Low
45,2026-08-08 03:00:00+10:00,3,13,16,True,2026-08-08,03:00:00,Low
84,2026-08-08 03:00:00+10:00,0,3,3,True,2026-08-08,03:00:00,Low
131,2026-08-08 03:00:00+10:00,2,1,3,True,2026-08-08,03:00:00,Low
133,2026-08-08 03:00:00+10:00,3,4,7,True,2026-08-08,03:00:00,Low
143,2026-08-08 03:00:00+10:00,3,0,3,True,2026-08-08,03:00:00,Low
182,2026-08-08 03:00:00+10:00,8,5,13,True,2026-08-08,03:00:00,Low
185,2026-08-08 03:00:00+10:00,12,1,13,True,2026-08-08,03:00:00,Low
27,2026-08-08 03:00:00+10:00,0,1,1,True,2026-08-08,03:00:00,Low
30,2026-08-08 03:00:00+10:00,3,8,11,True,2026-08-08,03:00:00,Low
62,2026-08-08 03:00:00+10:00,0,1,1,True,2026-08-08,03:00:00,Low
67,2026-08-08 03:00:00+10:00,0,1,1,True,2026-08-08,03:00:00,Low
79,2026-08-08 03:00:00+10:00,2,0,2,True,2026-08-08,03:00:00,Low
3,2026-08-08 02:59:00+10:00,5,0,5,True,2026-08-08,02:59:00,Low
41,2026-08-08 02:59:00+10:00,0,3,3,True,2026-08-08,02:59:00,Low
61,2026-08-08 02:59:00+10:00,1,1,2,True,2026-08-08,02:59:00,Low
1,2026-08-08 02:59:00+10:00,0,1,1,True,2026-08-08,02:59:00,Low
20,2026-08-08 02:59:00+10:00,0,2,2,True,2026-08-08,02:59:00,Low
24,2026-08-08 02:59:00+10:00,0,3,3,True,2026-08-08,02:59:00,Low
62,2026-08-08 02:59:00+10:00,1,0,1,True,2026-08-08,02:59:00,Low
4,2026-08-08 02:59:00+10:00,2,2,4,True,2026-08-08,02:59:00,Low
66,2026-08-08 02:59:00+10:00,2,0,2,True,2026-08-08,02:59:00,Low
6,2026-08-08 02:59:00+10:00,1,0,1,True,2026-08-08,02:59:00,Low
36,2026-08-08 02:59:00+10:00,3,0,3,True,2026-08-08,02:59:00,Low
181,2026-08-08 02:59:00+10:00,2,1,3,True,2026-08-08,02:59:00,Low
2,2026-08-08 02:59:00+10:00,0,1,1,True,2026-08-08,02:59:00,Low
79,2026-08-08 02:59:00+10:00,1,0,1,True,2026-08-08,02:59:00,Low
20,2026-08-08 02:58:00+10:00,2,1,3,True,2026-08-08,02:58:00,Low
35,2026-08-08 02:58:00+10:00,0,1,1,True,2026-08-08,02:58:00,Low
52,2026-08-08 02:58:00+10:00,0,2,2,True,2026-08-08,02:58:00,Low
62,2026-08-08 02:58:00+10:00,5,3,8,True,2026-08-08,02:58:00,Low
4,2026-08-08 02:58:00+10:00,0,2,2,True,2026-08-08,02:58:00,Low
41,2026-08-08 02:58:00+10:00,1,3,4,True,2026-08-08,02:58:00,Low
181,2026-08-08 02:58:00+10:00,3,3,6,True,2026-08-08,02:58:00,Low
6,2026-08-08 02:58:00+10:00,1,0,1,True,2026-08-08,02:58:00,Low
40,2026-08-08 02:58:00+10:00,0,1,1,True,2026-08-08,02:58:00,Low
50,2026-08-08 02:58:00+10:00,1,0,1,True,2026-08-08,02:58:00,Low
61,2026-08-08 02:58:00+10:00,5,0,5,True,2026-08-08,02:58:00,Low
66,2026-08-08 02:58:00+10:00,3,0,3,True,2026-08-08,02:58:00,Low
3,2026-08-08 02:58:00+10:00,5,7,12,True,2026-08-08,02:58:00,Low
9,2026-08-08 02:58:00+10:00,0,3,3,True,2026-08-08,02:58:00,Low
19,2026-08-08 02:58:00+10:00,0,3,3,True,2026-08-08,02:58:00,Low
51,2026-08-08 02:58:00+10:00,0,1,1,True,2026-08-08,02:58:00,Low
56,2026-08-08 02:58:00+10:00,1,1,2,True,2026-08-08,02:58:00,Low
63,2026-08-08 02:58:00+10:00,0,2,2,True,2026-08-08,02:58:00,Low
2,2026-08-08 02:57:00+10:00,0,4,4,True,2026-08-08,02:57:00,Low
51,2026-08-08 02:57:00+10:00,0,1,1,True,2026-08-08,02:57:00,Low
63,2026-08-08 02:57:00+10:00,1,6,7,True,2026-08-08,02:57:00,Low
36,2026-08-08 02:57:00+10:00,1,1,2,True,2026-08-08,02:57:00,Low
40,2026-08-08 02:57:00+10:00,1,0,1,True,2026-08-08,02:57:00,Low
181,2026-08-08 02:57:00+10:00,1,2,3,True,2026-08-08,02:57:00,Low
24,2026-08-08 02:57:00+10:00,0,8,8,True,2026-08-08,02:57:00,Low
35,2026-08-08 02:57:00+10:00,0,2,2,True,2026-08-08,02:57:00,Low
3,2026-08-08 02:57:00+10:00,5,1,6,True,2026-08-08,02:57:00,Low
4,2026-08-08 02:57:00+10:00,3,3,6,True,2026-08-08,02:57:00,Low
41,2026-08-08 02:57:00+10:00,4,1,5,True,2026-08-08,02:57:00,Low
66,2026-08-08 02:57:00+10:00,2,0,2,True,2026-08-08,02:57:00,Low
69,2026-08-08 02:57:00+10:00,1,0,1,True,2026-08-08,02:57:00,Low
1,2026-08-08 02:57:00+10:00,2,0,2,True,2026-08-08,02:57:00,Low
20,2026-08-08 02:57:00+10:00,0,2,2,True,2026-08-08,02:57:00,Low
56,2026-08-08 02:57:00+10:00,0,1,1,True,2026-08-08,02:57:00,Low
181,2026-08-08 02:56:00+10:00,3,3,6,True,2026-08-08,02:56:00,Low
56,2026-08-08 02:56:00+10:00,1,0,1,True,2026-08-08,02:56:00,Low
63,2026-08-08 02:56:00+10:00,0,1,1,True,2026-08-08,02:56:00,Low
4,2026-08-08 02:56:00+10:00,0,3,3,True,2026-08-08,02:56:00,Low
66,2026-08-08 02:56:00+10:00,2,0,2,True,2026-08-08,02:56:00,Low
1,2026-08-08 02:56:00+10:00,1,1,2,True,2026-08-08,02:56:00,Low
19,2026-08-08 02:56:00+10:00,4,0,4,True,2026-08-08,02:56:00,Low
35,2026-08-08 02:56:00+10:00,0,1,1,True,2026-08-08,02:56:00,Low
3,2026-08-08 02:56:00+10:00,0,8,8,True,2026-08-08,02:56:00,Low
41,2026-08-08 02:56:00+10:00,3,3,6,True,2026-08-08,02:56:00,Low
70,2026-08-08 02:56:00+10:00,0,1,1,True,2026-08-08,02:56:00,Low
24,2026-08-08 02:56:00+10:00,0,6,6,True,2026-08-08,02:56:00,Low
62,2026-08-08 02:56:00+10:00,1,0,1,True,2026-08-08,02:56:00,Low
181,2026-08-08 02:55:00+10:00,1,7,8,True,2026-08-08,02:55:00,Low
209,2026-08-08 02:55:00+10:00,1,1,2,True,2026-08-08,02:55:00,Low
10,2026-08-08 02:55:00+10:00,0,1,1,True,2026-08-08,02:55:00,Low
48,2026-08-08 02:55:00+10:00,1,0,1,True,2026-08-08,02:55:00,Low
49,2026-08-08 02:55:00+10:00,4,2,6,True,2026-08-08,02:55:00,Low
58,2026-08-08 02:55:00+10:00,3,7,10,True,2026-08-08,02:55:00,Low
142,2026-08-08 02:55:00+10:00,0,2,2,True,2026-08-08,02:55:00,Low
3,2026-08-08 02:55:00+10:00,4,1,5,True,2026-08-08,02:55:00,Low
4,2026-08-08 02:55:00+10:00,0,2,2,True,2026-08-08,02:55:00,Low
5,2026-08-08 02:55:00+10:00,4,3,7,True,2026-08-08,02:55:00,Low
59,2026-08-08 02:55:00+10:00,13,3,16,True,2026-08-08,02:55:00,Low
132,2026-08-08 02:55:00+10:00,2,2,4,True,2026-08-08,02:55:00,Low
134,2026-08-08 02:55:00+10:00,2,4,6,True,2026-08-08,02:55:00,Low
143,2026-08-08 02:55:00+10:00,4,0,4,True,2026-08-08,02:55:00,Low
162,2026-08-08 02:55:00+10:00,5,5,10,True,2026-08-08,02:55:00,Low
184,2026-08-08 02:55:00+10:00,0,1,1,True,2026-08-08,02:55:00,Low
30,2026-08-08 02:55:00+10:00,7,11,18,True,2026-08-08,02:55:00,Low
56,2026-08-08 02:55:00+10:00,0,1,1,True,2026-08-08,02:55:00,Low
41,2026-08-08 02:55:00+10:00,0,2,2,True,2026-08-08,02:55:00,Low
47,2026-08-08 02:55:00+10:00,7,7,14,True,2026-08-08,02:55:00,Low
21,2026-08-08 02:55:00+10:00,4,1,5,True,2026-08-08,02:55:00,Low
45,2026-08-08 02:55:00+10:00,3,7,10,True,2026-08-08,02:55:00,Low
54,2026-08-08 02:55:00+10:00,1,0,1,True,2026-08-08,02:55:00,Low
66,2026-08-08 02:55:00+10:00,6,0,6,True,2026-08-08,02:55:00,Low
84,2026-08-08 02:55:00+10:00,5,2,7,True,2026-08-08,02:55:00,Low
107,2026-08-08 02:55:00+10:00,1,0,1,True,2026-08-08,02:55:00,Low
133,2026-08-08 02:55:00+10:00,4,0,4,True,2026-08-08,02:55:00,Low
182,2026-08-08 02:55:00+10:00,4,6,10,True,2026-08-08,02:55:00,Low
185,2026-08-08 02:55:00+10:00,14,7,21,True,2026-08-08,02:55:00,Low
20,2026-08-08 02:55:00+10:00,2,2,4,True,2026-08-08,02:55:00,Low
24,2026-08-08 02:55:00+10:00,0,1,1,True,2026-08-08,02:55:00,Low
25,2026-08-08 02:55:00+10:00,0,1,1,True,2026-08-08,02:55:00,Low
52,2026-08-08 02:55:00+10:00,0,1,1,True,2026-08-08,02:55:00,Low
63,2026-08-08 02:55:00+10:00,0,1,1,True,2026-08-08,02:55:00,Low
67,2026-08-08 02:55:00+10:00,0,1,1,True,2026-08-08,02:55:00,Low
137,2026-08-08 02:55:00+10:00,1,0,1,True,2026-08-08,02:55:00,Low
139,2026-08-08 02:55:00+10:00,1,0,1,True,2026-08-08,02:55:00,Low
141,2026-08-08 02:55:00+10:00,1,3,4,True,2026-08-08,02:55:00,Low
164,2026-08-08 02:55:00+10:00,2,0,2,True,2026-08-08,02:55:00,Low
41,2026-08-08 02:54:00+10:00,4,2,6,True,2026-08-08,02:54:00,Low
1,2026-08-08 02:54:00+10:00,0,1,1,True,2026-08-08,02:54:00,Low
2,2026-08-08 02:54:00+10:00,2,0,2,True,2026-08-08,02:54:00,Low
19,2026-08-08 02:54:00+10:00,1,0,1,True,2026-08-08,02:54:00,Low
20,2026-08-08 02:54:00+10:00,3,2,5,True,2026-08-08,02:54:00,Low
67,2026-08-08 02:54:00+10:00,0,2,2,True,2026-08-08,02:54:00,Low
209,2026-08-08 02:54:00+10:00,1,0,1,True,2026-08-08,02:54:00,Low
51,2026-08-08 02:54:00+10:00,1,1,2,True,2026-08-08,02:54:00,Low
62,2026-08-08 02:54:00+10:00,3,3,6,True,2026-08-08,02:54:00,Low
3,2026-08-08 02:54:00+10:00,2,0,2,True,2026-08-08,02:54:00,Low
4,2026-08-08 02:54:00+10:00,1,2,3,True,2026-08-08,02:54:00,Low
36,2026-08-08 02:54:00+10:00,1,3,4,True,2026-08-08,02:54:00,Low
181,2026-08-08 02:54:00+10:00,5,0,5,True,2026-08-08,02:54:00,Low
41,2026-08-08 02:53:00+10:00,3,3,6,True,2026-08-08,02:53:00,Low
56,2026-08-08 02:53:00+10:00,3,0,3,True,2026-08-08,02:53:00,Low
79,2026-08-08 02:53:00+10:00,0,1,1,True,2026-08-08,02:53:00,Low
3,2026-08-08 02:53:00+10:00,3,4,7,True,2026-08-08,02:53:00,Low
36,2026-08-08 02:53:00+10:00,0,1,1,True,2026-08-08,02:53:00,Low
181,2026-08-08 02:53:00+10:00,4,4,8,True,2026-08-08,02:53:00,Low
19,2026-08-08 02:53:00+10:00,1,2,3,True,2026-08-08,02:53:00,Low
24,2026-08-08 02:53:00+10:00,0,2,2,True,2026-08-08,02:53:00,Low
1,2026-08-08 02:53:00+10:00,3,0,3,True,2026-08-08,02:53:00,Low
17,2026-08-08 02:53:00+10:00,1,0,1,True,2026-08-08,02:53:00,Low
20,2026-08-08 02:53:00+10:00,1,0,1,True,2026-08-08,02:53:00,Low
35,2026-08-08 02:53:00+10:00,0,1,1,True,2026-08-08,02:53:00,Low
63,2026-08-08 02:53:00+10:00,0,2,2,True,2026-08-08,02:53:00,Low
187,2026-08-08 02:53:00+10:00,0,2,2,True,2026-08-08,02:53:00,Low
3,2026-08-08 02:52:00+10:00,0,3,3,True,2026-08-08,02:52:00,Low
209,2026-08-08 02:52:00+10:00,6,1,7,True,2026-08-08,02:52:00,Low
19,2026-08-08 02:52:00+10:00,0,3,3,True,2026-08-08,02:52:00,Low
62,2026-08-08 02:52:00+10:00,0,1,1,True,2026-08-08,02:52:00,Low
68,2026-08-08 02:52:00+10:00,1,0,1,True,2026-08-08,02:52:00,Low
76,2026-08-08 02:52:00+10:00,0,1,1,True,2026-08-08,02:52:00,Low
85,2026-08-08 02:52:00+10:00,0,2,2,True,2026-08-08,02:52:00,Low
31,2026-08-08 02:52:00+10:00,1,0,1,True,2026-08-08,02:52:00,Low
41,2026-08-08 02:52:00+10:00,3,1,4,True,2026-08-08,02:52:00,Low
66,2026-08-08 02:52:00+10:00,8,1,9,True,2026-08-08,02:52:00,Low
51,2026-08-08 02:52:00+10:00,0,4,4,True,2026-08-08,02:52:00,Low
181,2026-08-08 02:52:00+10:00,7,4,11,True,2026-08-08,02:52:00,Low
2,2026-08-08 02:52:00+10:00,1,0,1,True,2026-08-08,02:52:00,Low
20,2026-08-08 02:52:00+10:00,2,1,3,True,2026-08-08,02:52:00,Low
52,2026-08-08 02:52:00+10:00,1,0,1,True,2026-08-08,02:52:00,Low
3,2026-08-08 02:51:00+10:00,6,3,9,True,2026-08-08,02:51:00,Low
87,2026-08-08 02:51:00+10:00,1,0,1,True,2026-08-08,02:51:00,Low
63,2026-08-08 02:51:00+10:00,3,0,3,True,2026-08-08,02:51:00,Low
4,2026-08-08 02:51:00+10:00,1,0,1,True,2026-08-08,02:51:00,Low
36,2026-08-08 02:51:00+10:00,3,2,5,True,2026-08-08,02:51:00,Low
66,2026-08-08 02:51:00+10:00,0,1,1,True,2026-08-08,02:51:00,Low
1,2026-08-08 02:51:00+10:00,1,0,1,True,2026-08-08,02:51:00,Low
20,2026-08-08 02:51:00+10:00,2,1,3,True,2026-08-08,02:51:00,Low
62,2026-08-08 02:51:00+10:00,1,1,2,True,2026-08-08,02:51:00,Low
187,2026-08-08 02:51:00+10:00,1,0,1,True,2026-08-08,02:51:00,Low
41,2026-08-08 02:51:00+10:00,3,5,8,True,2026-08-08,02:51:00,Low
61,2026-08-08 02:51:00+10:00,0,1,1,True,2026-08-08,02:51:00,Low
52,2026-08-08 02:51:00+10:00,0,1,1,True,2026-08-08,02:51:00,Low
56,2026-08-08 02:51:00+10:00,0,4,4,True,2026-08-08,02:51:00,Low
79,2026-08-08 02:51:00+10:00,0,4,4,True,2026-08-08,02:51:00,Low
3,2026-08-08 02:50:00+10:00,15,0,15,True,2026-08-08,02:50:00,Low
4,2026-08-08 02:50:00+10:00,2,3,5,True,2026-08-08,02:50:00,Low
5,2026-08-08 02:50:00+10:00,6,6,12,True,2026-08-08,02:50:00,Low
21,2026-08-08 02:50:00+10:00,1,5,6,True,2026-08-08,02:50:00,Low
36,2026-08-08 02:50:00+10:00,0,3,3,True,2026-08-08,02:50:00,Low
118,2026-08-08 02:50:00+10:00,0,2,2,True,2026-08-08,02:50:00,Low
131,2026-08-08 02:50:00+10:00,1,2,3,True,2026-08-08,02:50:00,Low
135,2026-08-08 02:50:00+10:00,1,3,4,True,2026-08-08,02:50:00,Low
182,2026-08-08 02:50:00+10:00,3,9,12,True,2026-08-08,02:50:00,Low
17,2026-08-08 02:50:00+10:00,0,4,4,True,2026-08-08,02:50:00,Low
23,2026-08-08 02:50:00+10:00,1,4,5,True,2026-08-08,02:50:00,Low
48,2026-08-08 02:50:00+10:00,0,4,4,True,2026-08-08,02:50:00,Low
49,2026-08-08 02:50:00+10:00,3,1,4,True,2026-08-08,02:50:00,Low
67,2026-08-08 02:50:00+10:00,0,1,1,True,2026-08-08,02:50:00,Low
6,2026-08-08 02:50:00+10:00,0,1,1,True,2026-08-08,02:50:00,Low
41,2026-08-08 02:50:00+10:00,7,3,10,True,2026-08-08,02:50:00,Low
47,2026-08-08 02:50:00+10:00,1,0,1,True,2026-08-08,02:50:00,Low
59,2026-08-08 02:50:00+10:00,5,3,8,True,2026-08-08,02:50:00,Low
107,2026-08-08 02:50:00+10:00,1,0,1,True,2026-08-08,02:50:00,Low
132,2026-08-08 02:50:00+10:00,5,0,5,True,2026-08-08,02:50:00,Low
181,2026-08-08 02:50:00+10:00,2,0,2,True,2026-08-08,02:50:00,Low
184,2026-08-08 02:50:00+10:00,1,1,2,True,2026-08-08,02:50:00,Low
9,2026-08-08 02:50:00+10:00,1,0,1,True,2026-08-08,02:50:00,Low
20,2026-08-08 02:50:00+10:00,2,7,9,True,2026-08-08,02:50:00,Low
24,2026-08-08 02:50:00+10:00,0,1,1,True,2026-08-08,02:50:00,Low
30,2026-08-08 02:50:00+10:00,7,5,12,True,2026-08-08,02:50:00,Low
35,2026-08-08 02:50:00+10:00,2,0,2,True,2026-08-08,02:50:00,Low
58,2026-08-08 02:50:00+10:00,0,9,9,True,2026-08-08,02:50:00,Low
141,2026-08-08 02:50:00+10:00,2,0,2,True,2026-08-08,02:50:00,Low
142,2026-08-08 02:50:00+10:00,0,2,2,True,2026-08-08,02:50:00,Low
31,2026-08-08 02:50:00+10:00,0,1,1,True,2026-08-08,02:50:00,Low
37,2026-08-08 02:50:00+10:00,1,0,1,True,2026-08-08,02:50:00,Low
45,2026-08-08 02:50:00+10:00,2,4,6,True,2026-08-08,02:50:00,Low
66,2026-08-08 02:50:00+10:00,4,5,9,True,2026-08-08,02:50:00,Low
84,2026-08-08 02:50:00+10:00,5,2,7,True,2026-08-08,02:50:00,Low
134,2026-08-08 02:50:00+10:00,3,0,3,True,2026-08-08,02:50:00,Low
143,2026-08-08 02:50:00+10:00,5,0,5,True,2026-08-08,02:50:00,Low
162,2026-08-08 02:50:00+10:00,1,4,5,True,2026-08-08,02:50:00,Low
185,2026-08-08 02:50:00+10:00,14,3,17,True,2026-08-08,02:50:00,Low
52,2026-08-08 02:50:00+10:00,0,3,3,True,2026-08-08,02:50:00,Low
53,2026-08-08 02:50:00+10:00,0,1,1,True,2026-08-08,02:50:00,Low
117,2026-08-08 02:50:00+10:00,1,0,1,True,2026-08-08,02:50:00,Low
3,2026-08-08 02:49:00+10:00,1,0,1,True,2026-08-08,02:49:00,Low
41,2026-08-08 02:49:00+10:00,2,9,11,True,2026-08-08,02:49:00,Low
20,2026-08-08 02:49:00+10:00,3,2,5,True,2026-08-08,02:49:00,Low
79,2026-08-08 02:49:00+10:00,1,0,1,True,2026-08-08,02:49:00,Low
36,2026-08-08 02:49:00+10:00,2,1,3,True,2026-08-08,02:49:00,Low
62,2026-08-08 02:49:00+10:00,2,0,2,True,2026-08-08,02:49:00,Low
63,2026-08-08 02:49:00+10:00,1,0,1,True,2026-08-08,02:49:00,Low
181,2026-08-08 02:49:00+10:00,1,2,3,True,2026-08-08,02:49:00,Low
24,2026-08-08 02:49:00+10:00,0,1,1,True,2026-08-08,02:49:00,Low
52,2026-08-08 02:49:00+10:00,0,1,1,True,2026-08-08,02:49:00,Low
56,2026-08-08 02:49:00+10:00,4,5,9,True,2026-08-08,02:49:00,Low
4,2026-08-08 02:48:00+10:00,4,5,9,True,2026-08-08,02:48:00,Low
6,2026-08-08 02:48:00+10:00,0,1,1,True,2026-08-08,02:48:00,Low
66,2026-08-08 02:48:00+10:00,1,1,2,True,2026-08-08,02:48:00,Low
209,2026-08-08 02:48:00+10:00,1,1,2,True,2026-08-08,02:48:00,Low
63,2026-08-08 02:48:00+10:00,0,1,1,True,2026-08-08,02:48:00,Low
3,2026-08-08 02:48:00+10:00,0,4,4,True,2026-08-08,02:48:00,Low
42,2026-08-08 02:48:00+10:00,2,0,2,True,2026-08-08,02:48:00,Low
52,2026-08-08 02:48:00+10:00,1,0,1,True,2026-08-08,02:48:00,Low
62,2026-08-08 02:48:00+10:00,1,0,1,True,2026-08-08,02:48:00,Low
36,2026-08-08 02:48:00+10:00,1,0,1,True,2026-08-08,02:48:00,Low
41,2026-08-08 02:48:00+10:00,1,0,1,True,2026-08-08,02:48:00,Low
181,2026-08-08 02:48:00+10:00,3,0,3,True,2026-08-08,02:48:00,Low
19,2026-08-08 02:48:00+10:00,0,4,4,True,2026-08-08,02:48:00,Low
20,2026-08-08 02:48:00+10:00,0,2,2,True,2026-08-08,02:48:00,Low
67,2026-08-08 02:48:00+10:00,1,0,1,True,2026-08-08,02:48:00,Low
79,2026-08-08 02:48:00+10:00,0,1,1,True,2026-08-08,02:48:00,Low
3,2026-08-08 02:47:00+10:00,3,2,5,True,2026-08-08,02:47:00,Low
66,2026-08-08 02:47:00+10:00,2,0,2,True,2026-08-08,02:47:00,Low
17,2026-08-08 02:47:00+10:00,1,0,1,True,2026-08-08,02:47:00,Low
52,2026-08-08 02:47:00+10:00,3,0,3,True,2026-08-08,02:47:00,Low
56,2026-08-08 02:47:00+10:00,3,0,3,True,2026-08-08,02:47:00,Low
41,2026-08-08 02:47:00+10:00,2,5,7,True,2026-08-08,02:47:00,Low
61,2026-08-08 02:47:00+10:00,1,0,1,True,2026-08-08,02:47:00,Low
209,2026-08-08 02:47:00+10:00,4,0,4,True,2026-08-08,02:47:00,Low
19,2026-08-08 02:47:00+10:00,0,1,1,True,2026-08-08,02:47:00,Low
35,2026-08-08 02:47:00+10:00,0,3,3,True,2026-08-08,02:47:00,Low
62,2026-08-08 02:47:00+10:00,1,0,1,True,2026-08-08,02:47:00,Low
63,2026-08-08 02:47:00+10:00,1,5,6,True,2026-08-08,02:47:00,Low
67,2026-08-08 02:47:00+10:00,3,0,3,True,2026-08-08,02:47:00,Low
4,2026-08-08 02:47:00+10:00,2,0,2,True,2026-08-08,02:47:00,Low
181,2026-08-08 02:47:00+10:00,4,0,4,True,2026-08-08,02:47:00,Low
20,2026-08-08 02:47:00+10:00,0,1,1,True,2026-08-08,02:47:00,Low
24,2026-08-08 02:47:00+10:00,0,1,1,True,2026-08-08,02:47:00,Low
79,2026-08-08 02:47:00+10:00,1,2,3,True,2026-08-08,02:47:00,Low
36,2026-08-08 02:46:00+10:00,0,1,1,True,2026-08-08,02:46:00,Low
70,2026-08-08 02:46:00+10:00,1,0,1,True,2026-08-08,02:46:00,Low
35,2026-08-08 02:46:00+10:00,1,0,1,True,2026-08-08,02:46:00,Low
62,2026-08-08 02:46:00+10:00,0,1,1,True,2026-08-08,02:46:00,Low
3,2026-08-08 02:46:00+10:00,4,5,9,True,2026-08-08,02:46:00,Low
41,2026-08-08 02:46:00+10:00,2,2,4,True,2026-08-08,02:46:00,Low
61,2026-08-08 02:46:00+10:00,4,0,4,True,2026-08-08,02:46:00,Low
17,2026-08-08 02:46:00+10:00,2,0,2,True,2026-08-08,02:46:00,Low
19,2026-08-08 02:46:00+10:00,0,4,4,True,2026-08-08,02:46:00,Low
52,2026-08-08 02:46:00+10:00,2,0,2,True,2026-08-08,02:46:00,Low
56,2026-08-08 02:46:00+10:00,1,1,2,True,2026-08-08,02:46:00,Low
63,2026-08-08 02:46:00+10:00,1,2,3,True,2026-08-08,02:46:00,Low
79,2026-08-08 02:46:00+10:00,1,1,2,True,2026-08-08,02:46:00,Low
4,2026-08-08 02:46:00+10:00,10,3,13,True,2026-08-08,02:46:00,Low
181,2026-08-08 02:46:00+10:00,4,1,5,True,2026-08-08,02:46:00,Low
20,2026-08-08 02:46:00+10:00,0,2,2,True,2026-08-08,02:46:00,Low
24,2026-08-08 02:46:00+10:00,0,1,1,True,2026-08-08,02:46:00,Low
5,2026-08-08 02:45:00+10:00,3,2,5,True,2026-08-08,02:45:00,Low
44,2026-08-08 02:45:00+10:00,5,0,5,True,2026-08-08,02:45:00,Low
61,2026-08-08 02:45:00+10:00,0,1,1,True,2026-08-08,02:45:00,Low
66,2026-08-08 02:45:00+10:00,0,2,2,True,2026-08-08,02:45:00,Low
77,2026-08-08 02:45:00+10:00,2,0,2,True,2026-08-08,02:45:00,Low
84,2026-08-08 02:45:00+10:00,2,5,7,True,2026-08-08,02:45:00,Low
131,2026-08-08 02:45:00+10:00,2,4,6,True,2026-08-08,02:45:00,Low
134,2026-08-08 02:45:00+10:00,0,2,2,True,2026-08-08,02:45:00,Low
135,2026-08-08 02:45:00+10:00,0,1,1,True,2026-08-08,02:45:00,Low
162,2026-08-08 02:45:00+10:00,4,6,10,True,2026-08-08,02:45:00,Low
165,2026-08-08 02:45:00+10:00,0,1,1,True,2026-08-08,02:45:00,Low
167,2026-08-08 02:45:00+10:00,0,1,1,True,2026-08-08,02:45:00,Low
209,2026-08-08 02:45:00+10:00,0,1,1,True,2026-08-08,02:45:00,Low
27,2026-08-08 02:45:00+10:00,1,1,2,True,2026-08-08,02:45:00,Low
30,2026-08-08 02:45:00+10:00,10,7,17,True,2026-08-08,02:45:00,Low
49,2026-08-08 02:45:00+10:00,2,3,5,True,2026-08-08,02:45:00,Low
58,2026-08-08 02:45:00+10:00,0,3,3,True,2026-08-08,02:45:00,Low
63,2026-08-08 02:45:00+10:00,0,4,4,True,2026-08-08,02:45:00,Low
79,2026-08-08 02:45:00+10:00,3,0,3,True,2026-08-08,02:45:00,Low
142,2026-08-08 02:45:00+10:00,0,1,1,True,2026-08-08,02:45:00,Low
164,2026-08-08 02:45:00+10:00,0,3,3,True,2026-08-08,02:45:00,Low
4,2026-08-08 02:45:00+10:00,0,3,3,True,2026-08-08,02:45:00,Low
21,2026-08-08 02:45:00+10:00,3,0,3,True,2026-08-08,02:45:00,Low
31,2026-08-08 02:45:00+10:00,1,0,1,True,2026-08-08,02:45:00,Low
41,2026-08-08 02:45:00+10:00,2,0,2,True,2026-08-08,02:45:00,Low
184,2026-08-08 02:45:00+10:00,0,5,5,True,2026-08-08,02:45:00,Low
185,2026-08-08 02:45:00+10:00,15,4,19,True,2026-08-08,02:45:00,Low
48,2026-08-08 02:45:00+10:00,0,2,2,True,2026-08-08,02:45:00,Low
109,2026-08-08 02:45:00+10:00,1,0,1,True,2026-08-08,02:45:00,Low
141,2026-08-08 02:45:00+10:00,0,2,2,True,2026-08-08,02:45:00,Low
3,2026-08-08 02:45:00+10:00,3,0,3,True,2026-08-08,02:45:00,Low
43,2026-08-08 02:45:00+10:00,3,0,3,True,2026-08-08,02:45:00,Low
45,2026-08-08 02:45:00+10:00,0,7,7,True,2026-08-08,02:45:00,Low
47,2026-08-08 02:45:00+10:00,12,3,15,True,2026-08-08,02:45:00,Low
54,2026-08-08 02:45:00+10:00,1,2,3,True,2026-08-08,02:45:00,Low
59,2026-08-08 02:45:00+10:00,9,6,15,True,2026-08-08,02:45:00,Low
118,2026-08-08 02:45:00+10:00,1,0,1,True,2026-08-08,02:45:00,Low
181,2026-08-08 02:45:00+10:00,2,0,2,True,2026-08-08,02:45:00,Low
182,2026-08-08 02:45:00+10:00,2,9,11,True,2026-08-08,02:45:00,Low
2,2026-08-08 02:45:00+10:00,0,2,2,True,2026-08-08,02:45:00,Low
20,2026-08-08 02:45:00+10:00,2,3,5,True,2026-08-08,02:45:00,Low
23,2026-08-08 02:45:00+10:00,0,3,3,True,2026-08-08,02:45:00,Low
53,2026-08-08 02:45:00+10:00,1,2,3,True,2026-08-08,02:45:00,Low
56,2026-08-08 02:45:00+10:00,2,0,2,True,2026-08-08,02:45:00,Low
62,2026-08-08 02:45:00+10:00,0,2,2,True,2026-08-08,02:45:00,Low
117,2026-08-08 02:45:00+10:00,2,0,2,True,2026-08-08,02:45:00,Low
70,2026-08-08 02:44:00+10:00,0,2,2,True,2026-08-08,02:44:00,Low
79,2026-08-08 02:44:00+10:00,0,2,2,True,2026-08-08,02:44:00,Low
187,2026-08-08 02:44:00+10:00,1,0,1,True,2026-08-08,02:44:00,Low
3,2026-08-08 02:44:00+10:00,0,2,2,True,2026-08-08,02:44:00,Low
4,2026-08-08 02:44:00+10:00,0,2,2,True,2026-08-08,02:44:00,Low
6,2026-08-08 02:44:00+10:00,1,0,1,True,2026-08-08,02:44:00,Low
41,2026-08-08 02:44:00+10:00,1,3,4,True,2026-08-08,02:44:00,Low
181,2026-08-08 02:44:00+10:00,0,4,4,True,2026-08-08,02:44:00,Low
209,2026-08-08 02:44:00+10:00,0,3,3,True,2026-08-08,02:44:00,Low
24,2026-08-08 02:44:00+10:00,0,1,1,True,2026-08-08,02:44:00,Low
51,2026-08-08 02:44:00+10:00,0,1,1,True,2026-08-08,02:44:00,Low
52,2026-08-08 02:44:00+10:00,2,3,5,True,2026-08-08,02:44:00,Low
56,2026-08-08 02:44:00+10:00,5,0,5,True,2026-08-08,02:44:00,Low
63,2026-08-08 02:44:00+10:00,0,4,4,True,2026-08-08,02:44:00,Low
36,2026-08-08 02:44:00+10:00,0,5,5,True,2026-08-08,02:44:00,Low
61,2026-08-08 02:44:00+10:00,1,1,2,True,2026-08-08,02:44:00,Low
2,2026-08-08 02:44:00+10:00,1,0,1,True,2026-08-08,02:44:00,Low
20,2026-08-08 02:44:00+10:00,3,0,3,True,2026-08-08,02:44:00,Low
67,2026-08-08 02:44:00+10:00,0,1,1,True,2026-08-08,02:44:00,Low
4,2026-08-08 02:43:00+10:00,1,2,3,True,2026-08-08,02:43:00,Low
6,2026-08-08 02:43:00+10:00,1,0,1,True,2026-08-08,02:43:00,Low
181,2026-08-08 02:43:00+10:00,2,1,3,True,2026-08-08,02:43:00,Low
52,2026-08-08 02:43:00+10:00,0,1,1,True,2026-08-08,02:43:00,Low
56,2026-08-08 02:43:00+10:00,2,9,11,True,2026-08-08,02:43:00,Low
79,2026-08-08 02:43:00+10:00,3,0,3,True,2026-08-08,02:43:00,Low
3,2026-08-08 02:43:00+10:00,2,2,4,True,2026-08-08,02:43:00,Low
17,2026-08-08 02:43:00+10:00,0,1,1,True,2026-08-08,02:43:00,Low
19,2026-08-08 02:43:00+10:00,3,0,3,True,2026-08-08,02:43:00,Low
20,2026-08-08 02:43:00+10:00,2,1,3,True,2026-08-08,02:43:00,Low
62,2026-08-08 02:43:00+10:00,3,2,5,True,2026-08-08,02:43:00,Low
36,2026-08-08 02:43:00+10:00,1,1,2,True,2026-08-08,02:43:00,Low
41,2026-08-08 02:43:00+10:00,2,3,5,True,2026-08-08,02:43:00,Low
63,2026-08-08 02:43:00+10:00,0,4,4,True,2026-08-08,02:43:00,Low
187,2026-08-08 02:43:00+10:00,0,1,1,True,2026-08-08,02:43:00,Low
41,2026-08-08 02:42:00+10:00,3,3,6,True,2026-08-08,02:42:00,Low
69,2026-08-08 02:42:00+10:00,1,0,1,True,2026-08-08,02:42:00,Low
181,2026-08-08 02:42:00+10:00,0,1,1,True,2026-08-08,02:42:00,Low
17,2026-08-08 02:42:00+10:00,0,3,3,True,2026-08-08,02:42:00,Low
20,2026-08-08 02:42:00+10:00,4,1,5,True,2026-08-08,02:42:00,Low
187,2026-08-08 02:42:00+10:00,1,0,1,True,2026-08-08,02:42:00,Low
4,2026-08-08 02:42:00+10:00,1,1,2,True,2026-08-08,02:42:00,Low
36,2026-08-08 02:42:00+10:00,0,6,6,True,2026-08-08,02:42:00,Low
209,2026-08-08 02:42:00+10:00,1,1,2,True,2026-08-08,02:42:00,Low
1,2026-08-08 02:42:00+10:00,0,1,1,True,2026-08-08,02:42:00,Low
52,2026-08-08 02:42:00+10:00,0,5,5,True,2026-08-08,02:42:00,Low
67,2026-08-08 02:42:00+10:00,1,0,1,True,2026-08-08,02:42:00,Low
79,2026-08-08 02:42:00+10:00,2,1,3,True,2026-08-08,02:42:00,Low
3,2026-08-08 02:42:00+10:00,0,1,1,True,2026-08-08,02:42:00,Low
56,2026-08-08 02:42:00+10:00,2,2,4,True,2026-08-08,02:42:00,Low
63,2026-08-08 02:42:00+10:00,0,3,3,True,2026-08-08,02:42:00,Low
3,2026-08-08 02:41:00+10:00,4,0,4,True,2026-08-08,02:41:00,Low
6,2026-08-08 02:41:00+10:00,1,0,1,True,2026-08-08,02:41:00,Low
41,2026-08-08 02:41:00+10:00,1,1,2,True,2026-08-08,02:41:00,Low
20,2026-08-08 02:41:00+10:00,4,2,6,True,2026-08-08,02:41:00,Low
4,2026-08-08 02:41:00+10:00,0,4,4,True,2026-08-08,02:41:00,Low
181,2026-08-08 02:41:00+10:00,3,1,4,True,2026-08-08,02:41:00,Low
2,2026-08-08 02:41:00+10:00,0,2,2,True,2026-08-08,02:41:00,Low
35,2026-08-08 02:41:00+10:00,1,0,1,True,2026-08-08,02:41:00,Low
53,2026-08-08 02:41:00+10:00,0,1,1,True,2026-08-08,02:41:00,Low
56,2026-08-08 02:41:00+10:00,5,0,5,True,2026-08-08,02:41:00,Low
62,2026-08-08 02:41:00+10:00,1,0,1,True,2026-08-08,02:41:00,Low
63,2026-08-08 02:41:00+10:00,0,3,3,True,2026-08-08,02:41:00,Low
79,2026-08-08 02:41:00+10:00,2,0,2,True,2026-08-08,02:41:00,Low
36,2026-08-08 02:41:00+10:00,0,3,3,True,2026-08-08,02:41:00,Low
42,2026-08-08 02:41:00+10:00,0,1,1,True,2026-08-08,02:41:00,Low
66,2026-08-08 02:41:00+10:00,4,0,4,True,2026-08-08,02:41:00,Low
209,2026-08-08 02:41:00+10:00,7,0,7,True,2026-08-08,02:41:00,Low
19,2026-08-08 02:41:00+10:00,1,0,1,True,2026-08-08,02:41:00,Low
5,2026-08-08 02:40:00+10:00,1,6,7,True,2026-08-08,02:40:00,Low
41,2026-08-08 02:40:00+10:00,1,1,2,True,2026-08-08,02:40:00,Low
54,2026-08-08 02:40:00+10:00,9,3,12,True,2026-08-08,02:40:00,Low
61,2026-08-08 02:40:00+10:00,2,0,2,True,2026-08-08,02:40:00,Low
66,2026-08-08 02:40:00+10:00,1,2,3,True,2026-08-08,02:40:00,Low
77,2026-08-08 02:40:00+10:00,0,1,1,True,2026-08-08,02:40:00,Low
84,2026-08-08 02:40:00+10:00,1,16,17,True,2026-08-08,02:40:00,Low
131,2026-08-08 02:40:00+10:00,1,3,4,True,2026-08-08,02:40:00,Low
133,2026-08-08 02:40:00+10:00,1,1,2,True,2026-08-08,02:40:00,Low
135,2026-08-08 02:40:00+10:00,0,4,4,True,2026-08-08,02:40:00,Low
143,2026-08-08 02:40:00+10:00,7,0,7,True,2026-08-08,02:40:00,Low
181,2026-08-08 02:40:00+10:00,0,5,5,True,2026-08-08,02:40:00,Low
184,2026-08-08 02:40:00+10:00,3,6,9,True,2026-08-08,02:40:00,Low
209,2026-08-08 02:40:00+10:00,1,2,3,True,2026-08-08,02:40:00,Low
20,2026-08-08 02:40:00+10:00,2,4,6,True,2026-08-08,02:40:00,Low
49,2026-08-08 02:40:00+10:00,2,2,4,True,2026-08-08,02:40:00,Low
62,2026-08-08 02:40:00+10:00,0,2,2,True,2026-08-08,02:40:00,Low
63,2026-08-08 02:40:00+10:00,3,0,3,True,2026-08-08,02:40:00,Low
141,2026-08-08 02:40:00+10:00,1,2,3,True,2026-08-08,02:40:00,Low
3,2026-08-08 02:40:00+10:00,3,5,8,True,2026-08-08,02:40:00,Low
45,2026-08-08 02:40:00+10:00,8,5,13,True,2026-08-08,02:40:00,Low
47,2026-08-08 02:40:00+10:00,3,3,6,True,2026-08-08,02:40:00,Low
132,2026-08-08 02:40:00+10:00,0,5,5,True,2026-08-08,02:40:00,Low
134,2026-08-08 02:40:00+10:00,3,2,5,True,2026-08-08,02:40:00,Low
162,2026-08-08 02:40:00+10:00,6,2,8,True,2026-08-08,02:40:00,Low
185,2026-08-08 02:40:00+10:00,11,4,15,True,2026-08-08,02:40:00,Low
17,2026-08-08 02:40:00+10:00,0,1,1,True,2026-08-08,02:40:00,Low
19,2026-08-08 02:40:00+10:00,6,1,7,True,2026-08-08,02:40:00,Low
25,2026-08-08 02:40:00+10:00,1,0,1,True,2026-08-08,02:40:00,Low
27,2026-08-08 02:40:00+10:00,0,1,1,True,2026-08-08,02:40:00,Low
30,2026-08-08 02:40:00+10:00,1,7,8,True,2026-08-08,02:40:00,Low
53,2026-08-08 02:40:00+10:00,3,0,3,True,2026-08-08,02:40:00,Low
58,2026-08-08 02:40:00+10:00,1,6,7,True,2026-08-08,02:40:00,Low
4,2026-08-08 02:40:00+10:00,2,2,4,True,2026-08-08,02:40:00,Low
21,2026-08-08 02:40:00+10:00,7,4,11,True,2026-08-08,02:40:00,Low
29,2026-08-08 02:40:00+10:00,0,1,1,True,2026-08-08,02:40:00,Low
37,2026-08-08 02:40:00+10:00,3,0,3,True,2026-08-08,02:40:00,Low
59,2026-08-08 02:40:00+10:00,7,3,10,True,2026-08-08,02:40:00,Low
182,2026-08-08 02:40:00+10:00,6,12,18,True,2026-08-08,02:40:00,Low
24,2026-08-08 02:40:00+10:00,1,0,1,True,2026-08-08,02:40:00,Low
35,2026-08-08 02:40:00+10:00,0,1,1,True,2026-08-08,02:40:00,Low
109,2026-08-08 02:40:00+10:00,3,3,6,True,2026-08-08,02:40:00,Low
52,2026-08-08 02:39:00+10:00,2,0,2,True,2026-08-08,02:39:00,Low
56,2026-08-08 02:39:00+10:00,0,2,2,True,2026-08-08,02:39:00,Low
66,2026-08-08 02:39:00+10:00,0,3,3,True,2026-08-08,02:39:00,Low
181,2026-08-08 02:39:00+10:00,8,0,8,True,2026-08-08,02:39:00,Low
2,2026-08-08 02:39:00+10:00,0,1,1,True,2026-08-08,02:39:00,Low
12,2026-08-08 02:39:00+10:00,1,0,1,True,2026-08-08,02:39:00,Low
19,2026-08-08 02:39:00+10:00,1,0,1,True,2026-08-08,02:39:00,Low
67,2026-08-08 02:39:00+10:00,0,1,1,True,2026-08-08,02:39:00,Low
79,2026-08-08 02:39:00+10:00,0,1,1,True,2026-08-08,02:39:00,Low
4,2026-08-08 02:39:00+10:00,1,0,1,True,2026-08-08,02:39:00,Low
41,2026-08-08 02:39:00+10:00,2,0,2,True,2026-08-08,02:39:00,Low
17,2026-08-08 02:39:00+10:00,1,0,1,True,2026-08-08,02:39:00,Low
20,2026-08-08 02:39:00+10:00,0,2,2,True,2026-08-08,02:39:00,Low
53,2026-08-08 02:39:00+10:00,0,1,1,True,2026-08-08,02:39:00,Low
62,2026-08-08 02:39:00+10:00,0,3,3,True,2026-08-08,02:39:00,Low
63,2026-08-08 02:39:00+10:00,0,6,6,True,2026-08-08,02:39:00,Low
72,2026-08-08 02:39:00+10:00,0,1,1,True,2026-08-08,02:39:00,Low
3,2026-08-08 02:39:00+10:00,4,6,10,True,2026-08-08,02:39:00,Low
36,2026-08-08 02:39:00+10:00,1,2,3,True,2026-08-08,02:39:00,Low
35,2026-08-08 02:38:00+10:00,1,0,1,True,2026-08-08,02:38:00,Low
56,2026-08-08 02:38:00+10:00,1,2,3,True,2026-08-08,02:38:00,Low
36,2026-08-08 02:38:00+10:00,1,3,4,True,2026-08-08,02:38:00,Low
41,2026-08-08 02:38:00+10:00,0,4,4,True,2026-08-08,02:38:00,Low
181,2026-08-08 02:38:00+10:00,0,3,3,True,2026-08-08,02:38:00,Low
19,2026-08-08 02:38:00+10:00,0,5,5,True,2026-08-08,02:38:00,Low
53,2026-08-08 02:38:00+10:00,0,1,1,True,2026-08-08,02:38:00,Low
3,2026-08-08 02:38:00+10:00,1,0,1,True,2026-08-08,02:38:00,Low
4,2026-08-08 02:38:00+10:00,1,1,2,True,2026-08-08,02:38:00,Low
40,2026-08-08 02:38:00+10:00,0,1,1,True,2026-08-08,02:38:00,Low
61,2026-08-08 02:38:00+10:00,3,4,7,True,2026-08-08,02:38:00,Low
20,2026-08-08 02:38:00+10:00,0,2,2,True,2026-08-08,02:38:00,Low
68,2026-08-08 02:38:00+10:00,1,0,1,True,2026-08-08,02:38:00,Low
6,2026-08-08 02:38:00+10:00,1,0,1,True,2026-08-08,02:38:00,Low
29,2026-08-08 02:38:00+10:00,0,1,1,True,2026-08-08,02:38:00,Low
31,2026-08-08 02:38:00+10:00,1,0,1,True,2026-08-08,02:38:00,Low
52,2026-08-08 02:37:00+10:00,0,1,1,True,2026-08-08,02:37:00,Low
63,2026-08-08 02:37:00+10:00,0,3,3,True,2026-08-08,02:37:00,Low
67,2026-08-08 02:37:00+10:00,0,1,1,True,2026-08-08,02:37:00,Low
187,2026-08-08 02:37:00+10:00,0,1,1,True,2026-08-08,02:37:00,Low
3,2026-08-08 02:37:00+10:00,5,1,6,True,2026-08-08,02:37:00,Low
41,2026-08-08 02:37:00+10:00,2,0,2,True,2026-08-08,02:37:00,Low
181,2026-08-08 02:37:00+10:00,1,0,1,True,2026-08-08,02:37:00,Low
209,2026-08-08 02:37:00+10:00,9,0,9,True,2026-08-08,02:37:00,Low
20,2026-08-08 02:37:00+10:00,6,2,8,True,2026-08-08,02:37:00,Low
62,2026-08-08 02:37:00+10:00,1,0,1,True,2026-08-08,02:37:00,Low
4,2026-08-08 02:37:00+10:00,0,5,5,True,2026-08-08,02:37:00,Low
6,2026-08-08 02:37:00+10:00,2,1,3,True,2026-08-08,02:37:00,Low
36,2026-08-08 02:37:00+10:00,0,8,8,True,2026-08-08,02:37:00,Low
20,2026-08-08 02:36:00+10:00,2,3,5,True,2026-08-08,02:36:00,Low
40,2026-08-08 02:36:00+10:00,1,0,1,True,2026-08-08,02:36:00,Low
181,2026-08-08 02:36:00+10:00,2,1,3,True,2026-08-08,02:36:00,Low
14,2026-08-08 02:36:00+10:00,2,0,2,True,2026-08-08,02:36:00,Low
42,2026-08-08 02:36:00+10:00,2,2,4,True,2026-08-08,02:36:00,Low
69,2026-08-08 02:36:00+10:00,2,0,2,True,2026-08-08,02:36:00,Low
209,2026-08-08 02:36:00+10:00,0,1,1,True,2026-08-08,02:36:00,Low
24,2026-08-08 02:36:00+10:00,0,2,2,True,2026-08-08,02:36:00,Low
62,2026-08-08 02:36:00+10:00,1,0,1,True,2026-08-08,02:36:00,Low
63,2026-08-08 02:36:00+10:00,0,1,1,True,2026-08-08,02:36:00,Low
79,2026-08-08 02:36:00+10:00,2,0,2,True,2026-08-08,02:36:00,Low
3,2026-08-08 02:36:00+10:00,8,0,8,True,2026-08-08,02:36:00,Low
6,2026-08-08 02:36:00+10:00,6,0,6,True,2026-08-08,02:36:00,Low
41,2026-08-08 02:36:00+10:00,2,0,2,True,2026-08-08,02:36:00,Low
61,2026-08-08 02:36:00+10:00,0,2,2,True,2026-08-08,02:36:00,Low
162,2026-08-08 02:35:00+10:00,5,0,5,True,2026-08-08,02:35:00,Low
167,2026-08-08 02:35:00+10:00,0,1,1,True,2026-08-08,02:35:00,Low
182,2026-08-08 02:35:00+10:00,5,5,10,True,2026-08-08,02:35:00,Low
27,2026-08-08 02:35:00+10:00,0,1,1,True,2026-08-08,02:35:00,Low
48,2026-08-08 02:35:00+10:00,4,2,6,True,2026-08-08,02:35:00,Low
52,2026-08-08 02:35:00+10:00,0,2,2,True,2026-08-08,02:35:00,Low
109,2026-08-08 02:35:00+10:00,2,3,5,True,2026-08-08,02:35:00,Low
117,2026-08-08 02:35:00+10:00,1,1,2,True,2026-08-08,02:35:00,Low
141,2026-08-08 02:35:00+10:00,2,6,8,True,2026-08-08,02:35:00,Low
161,2026-08-08 02:35:00+10:00,1,0,1,True,2026-08-08,02:35:00,Low
164,2026-08-08 02:35:00+10:00,0,1,1,True,2026-08-08,02:35:00,Low
59,2026-08-08 02:35:00+10:00,11,14,25,True,2026-08-08,02:35:00,Low
84,2026-08-08 02:35:00+10:00,11,7,18,True,2026-08-08,02:35:00,Low
132,2026-08-08 02:35:00+10:00,2,0,2,True,2026-08-08,02:35:00,Low
134,2026-08-08 02:35:00+10:00,4,1,5,True,2026-08-08,02:35:00,Low
143,2026-08-08 02:35:00+10:00,2,0,2,True,2026-08-08,02:35:00,Low
179,2026-08-08 02:35:00+10:00,2,1,3,True,2026-08-08,02:35:00,Low
185,2026-08-08 02:35:00+10:00,12,5,17,True,2026-08-08,02:35:00,Low
19,2026-08-08 02:35:00+10:00,2,0,2,True,2026-08-08,02:35:00,Low
35,2026-08-08 02:35:00+10:00,0,1,1,True,2026-08-08,02:35:00,Low
63,2026-08-08 02:35:00+10:00,1,0,1,True,2026-08-08,02:35:00,Low
3,2026-08-08 02:35:00+10:00,1,4,5,True,2026-08-08,02:35:00,Low
4,2026-08-08 02:35:00+10:00,1,0,1,True,2026-08-08,02:35:00,Low
21,2026-08-08 02:35:00+10:00,5,4,9,True,2026-08-08,02:35:00,Low
41,2026-08-08 02:35:00+10:00,3,3,6,True,2026-08-08,02:35:00,Low
42,2026-08-08 02:35:00+10:00,0,2,2,True,2026-08-08,02:35:00,Low
43,2026-08-08 02:35:00+10:00,1,0,1,True,2026-08-08,02:35:00,Low
45,2026-08-08 02:35:00+10:00,4,5,9,True,2026-08-08,02:35:00,Low
47,2026-08-08 02:35:00+10:00,6,4,10,True,2026-08-08,02:35:00,Low
61,2026-08-08 02:35:00+10:00,0,3,3,True,2026-08-08,02:35:00,Low
66,2026-08-08 02:35:00+10:00,3,1,4,True,2026-08-08,02:35:00,Low
70,2026-08-08 02:35:00+10:00,2,0,2,True,2026-08-08,02:35:00,Low
181,2026-08-08 02:35:00+10:00,2,2,4,True,2026-08-08,02:35:00,Low
184,2026-08-08 02:35:00+10:00,2,3,5,True,2026-08-08,02:35:00,Low
20,2026-08-08 02:35:00+10:00,2,4,6,True,2026-08-08,02:35:00,Low
25,2026-08-08 02:35:00+10:00,2,0,2,True,2026-08-08,02:35:00,Low
30,2026-08-08 02:35:00+10:00,11,13,24,True,2026-08-08,02:35:00,Low
49,2026-08-08 02:35:00+10:00,1,3,4,True,2026-08-08,02:35:00,Low
58,2026-08-08 02:35:00+10:00,4,5,9,True,2026-08-08,02:35:00,Low
62,2026-08-08 02:35:00+10:00,1,1,2,True,2026-08-08,02:35:00,Low
67,2026-08-08 02:35:00+10:00,1,0,1,True,2026-08-08,02:35:00,Low
5,2026-08-08 02:35:00+10:00,4,5,9,True,2026-08-08,02:35:00,Low
36,2026-08-08 02:35:00+10:00,4,3,7,True,2026-08-08,02:35:00,Low
44,2026-08-08 02:35:00+10:00,1,0,1,True,2026-08-08,02:35:00,Low
131,2026-08-08 02:35:00+10:00,5,5,10,True,2026-08-08,02:35:00,Low
135,2026-08-08 02:35:00+10:00,1,2,3,True,2026-08-08,02:35:00,Low
2,2026-08-08 02:34:00+10:00,3,0,3,True,2026-08-08,02:34:00,Low
19,2026-08-08 02:34:00+10:00,2,0,2,True,2026-08-08,02:34:00,Low
52,2026-08-08 02:34:00+10:00,3,2,5,True,2026-08-08,02:34:00,Low
56,2026-08-08 02:34:00+10:00,0,1,1,True,2026-08-08,02:34:00,Low
36,2026-08-08 02:34:00+10:00,1,6,7,True,2026-08-08,02:34:00,Low
209,2026-08-08 02:34:00+10:00,4,0,4,True,2026-08-08,02:34:00,Low
63,2026-08-08 02:34:00+10:00,1,3,4,True,2026-08-08,02:34:00,Low
79,2026-08-08 02:34:00+10:00,1,0,1,True,2026-08-08,02:34:00,Low
6,2026-08-08 02:34:00+10:00,0,1,1,True,2026-08-08,02:34:00,Low
29,2026-08-08 02:34:00+10:00,0,1,1,True,2026-08-08,02:34:00,Low
61,2026-08-08 02:34:00+10:00,0,1,1,True,2026-08-08,02:34:00,Low
181,2026-08-08 02:34:00+10:00,0,8,8,True,2026-08-08,02:34:00,Low
20,2026-08-08 02:34:00+10:00,1,1,2,True,2026-08-08,02:34:00,Low
62,2026-08-08 02:34:00+10:00,1,0,1,True,2026-08-08,02:34:00,Low
3,2026-08-08 02:34:00+10:00,3,0,3,True,2026-08-08,02:34:00,Low
41,2026-08-08 02:34:00+10:00,2,3,5,True,2026-08-08,02:34:00,Low
19,2026-08-08 02:33:00+10:00,0,5,5,True,2026-08-08,02:33:00,Low
20,2026-08-08 02:33:00+10:00,2,2,4,True,2026-08-08,02:33:00,Low
62,2026-08-08 02:33:00+10:00,2,1,3,True,2026-08-08,02:33:00,Low
67,2026-08-08 02:33:00+10:00,2,1,3,True,2026-08-08,02:33:00,Low
41,2026-08-08 02:33:00+10:00,3,2,5,True,2026-08-08,02:33:00,Low
63,2026-08-08 02:33:00+10:00,1,2,3,True,2026-08-08,02:33:00,Low
3,2026-08-08 02:33:00+10:00,10,8,18,True,2026-08-08,02:33:00,Low
4,2026-08-08 02:33:00+10:00,2,0,2,True,2026-08-08,02:33:00,Low
6,2026-08-08 02:33:00+10:00,1,0,1,True,2026-08-08,02:33:00,Low
40,2026-08-08 02:33:00+10:00,1,0,1,True,2026-08-08,02:33:00,Low
24,2026-08-08 02:33:00+10:00,1,0,1,True,2026-08-08,02:33:00,Low
35,2026-08-08 02:33:00+10:00,3,0,3,True,2026-08-08,02:33:00,Low
42,2026-08-08 02:33:00+10:00,1,0,1,True,2026-08-08,02:33:00,Low
181,2026-08-08 02:32:00+10:00,2,0,2,True,2026-08-08,02:32:00,Low
209,2026-08-08 02:32:00+10:00,1,0,1,True,2026-08-08,02:32:00,Low
19,2026-08-08 02:32:00+10:00,0,2,2,True,2026-08-08,02:32:00,Low
20,2026-08-08 02:32:00+10:00,0,5,5,True,2026-08-08,02:32:00,Low
53,2026-08-08 02:32:00+10:00,2,1,3,True,2026-08-08,02:32:00,Low
187,2026-08-08 02:32:00+10:00,1,0,1,True,2026-08-08,02:32:00,Low
56,2026-08-08 02:32:00+10:00,1,0,1,True,2026-08-08,02:32:00,Low
3,2026-08-08 02:32:00+10:00,7,4,11,True,2026-08-08,02:32:00,Low
2,2026-08-08 02:32:00+10:00,1,1,2,True,2026-08-08,02:32:00,Low
35,2026-08-08 02:32:00+10:00,0,2,2,True,2026-08-08,02:32:00,Low
79,2026-08-08 02:32:00+10:00,2,0,2,True,2026-08-08,02:32:00,Low
4,2026-08-08 02:32:00+10:00,1,0,1,True,2026-08-08,02:32:00,Low
181,2026-08-08 02:31:00+10:00,1,2,3,True,2026-08-08,02:31:00,Low
2,2026-08-08 02:31:00+10:00,2,0,2,True,2026-08-08,02:31:00,Low
52,2026-08-08 02:31:00+10:00,1,5,6,True,2026-08-08,02:31:00,Low
56,2026-08-08 02:31:00+10:00,5,0,5,True,2026-08-08,02:31:00,Low
62,2026-08-08 02:31:00+10:00,2,2,4,True,2026-08-08,02:31:00,Low
36,2026-08-08 02:31:00+10:00,4,2,6,True,2026-08-08,02:31:00,Low
12,2026-08-08 02:31:00+10:00,0,1,1,True,2026-08-08,02:31:00,Low
63,2026-08-08 02:31:00+10:00,0,3,3,True,2026-08-08,02:31:00,Low
79,2026-08-08 02:31:00+10:00,1,0,1,True,2026-08-08,02:31:00,Low
3,2026-08-08 02:31:00+10:00,2,0,2,True,2026-08-08,02:31:00,Low
4,2026-08-08 02:31:00+10:00,0,4,4,True,2026-08-08,02:31:00,Low
41,2026-08-08 02:31:00+10:00,3,1,4,True,2026-08-08,02:31:00,Low
143,2026-08-08 02:30:00+10:00,7,1,8,True,2026-08-08,02:30:00,Low
184,2026-08-08 02:30:00+10:00,2,9,11,True,2026-08-08,02:30:00,Low
209,2026-08-08 02:30:00+10:00,0,8,8,True,2026-08-08,02:30:00,Low
63,2026-08-08 02:30:00+10:00,1,2,3,True,2026-08-08,02:30:00,Low
79,2026-08-08 02:30:00+10:00,1,0,1,True,2026-08-08,02:30:00,Low
4,2026-08-08 02:30:00+10:00,0,2,2,True,2026-08-08,02:30:00,Low
21,2026-08-08 02:30:00+10:00,10,4,14,True,2026-08-08,02:30:00,Low
37,2026-08-08 02:30:00+10:00,0,1,1,True,2026-08-08,02:30:00,Low
45,2026-08-08 02:30:00+10:00,1,8,9,True,2026-08-08,02:30:00,Low
59,2026-08-08 02:30:00+10:00,5,1,6,True,2026-08-08,02:30:00,Low
131,2026-08-08 02:30:00+10:00,1,3,4,True,2026-08-08,02:30:00,Low
133,2026-08-08 02:30:00+10:00,2,0,2,True,2026-08-08,02:30:00,Low
162,2026-08-08 02:30:00+10:00,6,3,9,True,2026-08-08,02:30:00,Low
179,2026-08-08 02:30:00+10:00,1,0,1,True,2026-08-08,02:30:00,Low
181,2026-08-08 02:30:00+10:00,10,2,12,True,2026-08-08,02:30:00,Low
182,2026-08-08 02:30:00+10:00,2,7,9,True,2026-08-08,02:30:00,Low
185,2026-08-08 02:30:00+10:00,6,6,12,True,2026-08-08,02:30:00,Low
1,2026-08-08 02:30:00+10:00,2,0,2,True,2026-08-08,02:30:00,Low
30,2026-08-08 02:30:00+10:00,6,4,10,True,2026-08-08,02:30:00,Low
35,2026-08-08 02:30:00+10:00,1,0,1,True,2026-08-08,02:30:00,Low
46,2026-08-08 02:30:00+10:00,2,0,2,True,2026-08-08,02:30:00,Low
48,2026-08-08 02:30:00+10:00,4,1,5,True,2026-08-08,02:30:00,Low
49,2026-08-08 02:30:00+10:00,4,1,5,True,2026-08-08,02:30:00,Low
141,2026-08-08 02:30:00+10:00,3,2,5,True,2026-08-08,02:30:00,Low
142,2026-08-08 02:30:00+10:00,1,0,1,True,2026-08-08,02:30:00,Low
164,2026-08-08 02:30:00+10:00,0,2,2,True,2026-08-08,02:30:00,Low
29,2026-08-08 02:30:00+10:00,0,1,1,True,2026-08-08,02:30:00,Low
36,2026-08-08 02:30:00+10:00,2,0,2,True,2026-08-08,02:30:00,Low
40,2026-08-08 02:30:00+10:00,1,0,1,True,2026-08-08,02:30:00,Low
44,2026-08-08 02:30:00+10:00,0,1,1,True,2026-08-08,02:30:00,Low
54,2026-08-08 02:30:00+10:00,11,0,11,True,2026-08-08,02:30:00,Low
66,2026-08-08 02:30:00+10:00,1,0,1,True,2026-08-08,02:30:00,Low
84,2026-08-08 02:30:00+10:00,4,11,15,True,2026-08-08,02:30:00,Low
166,2026-08-08 02:30:00+10:00,1,0,1,True,2026-08-08,02:30:00,Low
20,2026-08-08 02:30:00+10:00,2,3,5,True,2026-08-08,02:30:00,Low
23,2026-08-08 02:30:00+10:00,2,1,3,True,2026-08-08,02:30:00,Low
25,2026-08-08 02:30:00+10:00,0,2,2,True,2026-08-08,02:30:00,Low
109,2026-08-08 02:30:00+10:00,1,2,3,True,2026-08-08,02:30:00,Low
117,2026-08-08 02:30:00+10:00,1,1,2,True,2026-08-08,02:30:00,Low
5,2026-08-08 02:30:00+10:00,2,6,8,True,2026-08-08,02:30:00,Low
41,2026-08-08 02:30:00+10:00,4,3,7,True,2026-08-08,02:30:00,Low
43,2026-08-08 02:30:00+10:00,0,2,2,True,2026-08-08,02:30:00,Low
47,2026-08-08 02:30:00+10:00,3,4,7,True,2026-08-08,02:30:00,Low
77,2026-08-08 02:30:00+10:00,2,0,2,True,2026-08-08,02:30:00,Low
107,2026-08-08 02:30:00+10:00,2,1,3,True,2026-08-08,02:30:00,Low
132,2026-08-08 02:30:00+10:00,6,1,7,True,2026-08-08,02:30:00,Low
134,2026-08-08 02:30:00+10:00,1,3,4,True,2026-08-08,02:30:00,Low
135,2026-08-08 02:30:00+10:00,3,0,3,True,2026-08-08,02:30:00,Low
181,2026-08-08 02:29:00+10:00,3,1,4,True,2026-08-08,02:29:00,Low
1,2026-08-08 02:29:00+10:00,3,0,3,True,2026-08-08,02:29:00,Low
35,2026-08-08 02:29:00+10:00,0,1,1,True,2026-08-08,02:29:00,Low
187,2026-08-08 02:29:00+10:00,1,0,1,True,2026-08-08,02:29:00,Low
4,2026-08-08 02:29:00+10:00,1,0,1,True,2026-08-08,02:29:00,Low
6,2026-08-08 02:29:00+10:00,1,0,1,True,2026-08-08,02:29:00,Low
14,2026-08-08 02:29:00+10:00,1,1,2,True,2026-08-08,02:29:00,Low
29,2026-08-08 02:29:00+10:00,0,2,2,True,2026-08-08,02:29:00,Low
36,2026-08-08 02:29:00+10:00,2,0,2,True,2026-08-08,02:29:00,Low
209,2026-08-08 02:29:00+10:00,3,0,3,True,2026-08-08,02:29:00,Low
19,2026-08-08 02:29:00+10:00,0,2,2,True,2026-08-08,02:29:00,Low
20,2026-08-08 02:29:00+10:00,3,0,3,True,2026-08-08,02:29:00,Low
3,2026-08-08 02:29:00+10:00,1,1,2,True,2026-08-08,02:29:00,Low
41,2026-08-08 02:29:00+10:00,0,1,1,True,2026-08-08,02:29:00,Low
66,2026-08-08 02:29:00+10:00,1,2,3,True,2026-08-08,02:29:00,Low
209,2026-08-08 02:28:00+10:00,1,0,1,True,2026-08-08,02:28:00,Low
24,2026-08-08 02:28:00+10:00,1,0,1,True,2026-08-08,02:28:00,Low
52,2026-08-08 02:28:00+10:00,0,3,3,True,2026-08-08,02:28:00,Low
56,2026-08-08 02:28:00+10:00,0,2,2,True,2026-08-08,02:28:00,Low
3,2026-08-08 02:28:00+10:00,3,0,3,True,2026-08-08,02:28:00,Low
4,2026-08-08 02:28:00+10:00,0,4,4,True,2026-08-08,02:28:00,Low
36,2026-08-08 02:28:00+10:00,0,5,5,True,2026-08-08,02:28:00,Low
40,2026-08-08 02:28:00+10:00,0,4,4,True,2026-08-08,02:28:00,Low
41,2026-08-08 02:28:00+10:00,0,3,3,True,2026-08-08,02:28:00,Low
181,2026-08-08 02:28:00+10:00,3,0,3,True,2026-08-08,02:28:00,Low
2,2026-08-08 02:28:00+10:00,0,5,5,True,2026-08-08,02:28:00,Low
20,2026-08-08 02:28:00+10:00,1,0,1,True,2026-08-08,02:28:00,Low
62,2026-08-08 02:28:00+10:00,0,1,1,True,2026-08-08,02:28:00,Low
63,2026-08-08 02:28:00+10:00,0,1,1,True,2026-08-08,02:28:00,Low
2,2026-08-08 02:27:00+10:00,0,1,1,True,2026-08-08,02:27:00,Low
20,2026-08-08 02:27:00+10:00,3,5,8,True,2026-08-08,02:27:00,Low
24,2026-08-08 02:27:00+10:00,1,0,1,True,2026-08-08,02:27:00,Low
63,2026-08-08 02:27:00+10:00,2,0,2,True,2026-08-08,02:27:00,Low
79,2026-08-08 02:27:00+10:00,0,2,2,True,2026-08-08,02:27:00,Low
3,2026-08-08 02:27:00+10:00,4,0,4,True,2026-08-08,02:27:00,Low
4,2026-08-08 02:27:00+10:00,0,1,1,True,2026-08-08,02:27:00,Low
41,2026-08-08 02:27:00+10:00,0,2,2,True,2026-08-08,02:27:00,Low
181,2026-08-08 02:27:00+10:00,1,0,1,True,2026-08-08,02:27:00,Low
19,2026-08-08 02:27:00+10:00,0,1,1,True,2026-08-08,02:27:00,Low
35,2026-08-08 02:27:00+10:00,2,0,2,True,2026-08-08,02:27:00,Low
53,2026-08-08 02:27:00+10:00,0,2,2,True,2026-08-08,02:27:00,Low
36,2026-08-08 02:27:00+10:00,1,0,1,True,2026-08-08,02:27:00,Low
66,2026-08-08 02:27:00+10:00,0,2,2,True,2026-08-08,02:27:00,Low
70,2026-08-08 02:27:00+10:00,0,1,1,True,2026-08-08,02:27:00,Low
63,2026-08-08 02:26:00+10:00,1,2,3,True,2026-08-08,02:26:00,Low
67,2026-08-08 02:26:00+10:00,0,1,1,True,2026-08-08,02:26:00,Low
61,2026-08-08 02:26:00+10:00,1,0,1,True,2026-08-08,02:26:00,Low
66,2026-08-08 02:26:00+10:00,0,1,1,True,2026-08-08,02:26:00,Low
209,2026-08-08 02:26:00+10:00,1,4,5,True,2026-08-08,02:26:00,Low
52,2026-08-08 02:26:00+10:00,0,3,3,True,2026-08-08,02:26:00,Low
56,2026-08-08 02:26:00+10:00,1,2,3,True,2026-08-08,02:26:00,Low
62,2026-08-08 02:26:00+10:00,1,0,1,True,2026-08-08,02:26:00,Low
68,2026-08-08 02:26:00+10:00,2,0,2,True,2026-08-08,02:26:00,Low
3,2026-08-08 02:26:00+10:00,1,0,1,True,2026-08-08,02:26:00,Low
4,2026-08-08 02:26:00+10:00,1,2,3,True,2026-08-08,02:26:00,Low
36,2026-08-08 02:26:00+10:00,5,1,6,True,2026-08-08,02:26:00,Low
41,2026-08-08 02:26:00+10:00,4,3,7,True,2026-08-08,02:26:00,Low
181,2026-08-08 02:26:00+10:00,7,4,11,True,2026-08-08,02:26:00,Low
19,2026-08-08 02:26:00+10:00,1,1,2,True,2026-08-08,02:26:00,Low
20,2026-08-08 02:26:00+10:00,1,1,2,True,2026-08-08,02:26:00,Low
143,2026-08-08 02:25:00+10:00,7,1,8,True,2026-08-08,02:25:00,Low
184,2026-08-08 02:25:00+10:00,5,6,11,True,2026-08-08,02:25:00,Low
2,2026-08-08 02:25:00+10:00,2,3,5,True,2026-08-08,02:25:00,Low
9,2026-08-08 02:25:00+10:00,0,2,2,True,2026-08-08,02:25:00,Low
24,2026-08-08 02:25:00+10:00,4,0,4,True,2026-08-08,02:25:00,Low
25,2026-08-08 02:25:00+10:00,2,0,2,True,2026-08-08,02:25:00,Low
46,2026-08-08 02:25:00+10:00,2,0,2,True,2026-08-08,02:25:00,Low
49,2026-08-08 02:25:00+10:00,0,1,1,True,2026-08-08,02:25:00,Low
67,2026-08-08 02:25:00+10:00,1,0,1,True,2026-08-08,02:25:00,Low
109,2026-08-08 02:25:00+10:00,0,2,2,True,2026-08-08,02:25:00,Low
141,2026-08-08 02:25:00+10:00,6,0,6,True,2026-08-08,02:25:00,Low
41,2026-08-08 02:25:00+10:00,0,3,3,True,2026-08-08,02:25:00,Low
47,2026-08-08 02:25:00+10:00,9,0,9,True,2026-08-08,02:25:00,Low
59,2026-08-08 02:25:00+10:00,15,4,19,True,2026-08-08,02:25:00,Low
61,2026-08-08 02:25:00+10:00,2,0,2,True,2026-08-08,02:25:00,Low
131,2026-08-08 02:25:00+10:00,0,7,7,True,2026-08-08,02:25:00,Low
134,2026-08-08 02:25:00+10:00,2,6,8,True,2026-08-08,02:25:00,Low
162,2026-08-08 02:25:00+10:00,7,1,8,True,2026-08-08,02:25:00,Low
182,2026-08-08 02:25:00+10:00,4,6,10,True,2026-08-08,02:25:00,Low
185,2026-08-08 02:25:00+10:00,18,5,23,True,2026-08-08,02:25:00,Low
20,2026-08-08 02:25:00+10:00,4,0,4,True,2026-08-08,02:25:00,Low
27,2026-08-08 02:25:00+10:00,1,4,5,True,2026-08-08,02:25:00,Low
35,2026-08-08 02:25:00+10:00,0,1,1,True,2026-08-08,02:25:00,Low
52,2026-08-08 02:25:00+10:00,5,0,5,True,2026-08-08,02:25:00,Low
62,2026-08-08 02:25:00+10:00,3,0,3,True,2026-08-08,02:25:00,Low
63,2026-08-08 02:25:00+10:00,0,6,6,True,2026-08-08,02:25:00,Low
79,2026-08-08 02:25:00+10:00,1,0,1,True,2026-08-08,02:25:00,Low
43,2026-08-08 02:25:00+10:00,2,0,2,True,2026-08-08,02:25:00,Low
54,2026-08-08 02:25:00+10:00,4,1,5,True,2026-08-08,02:25:00,Low
84,2026-08-08 02:25:00+10:00,0,9,9,True,2026-08-08,02:25:00,Low
133,2026-08-08 02:25:00+10:00,1,2,3,True,2026-08-08,02:25:00,Low
1,2026-08-08 02:25:00+10:00,0,1,1,True,2026-08-08,02:25:00,Low
19,2026-08-08 02:25:00+10:00,5,0,5,True,2026-08-08,02:25:00,Low
23,2026-08-08 02:25:00+10:00,0,3,3,True,2026-08-08,02:25:00,Low
30,2026-08-08 02:25:00+10:00,5,11,16,True,2026-08-08,02:25:00,Low
48,2026-08-08 02:25:00+10:00,0,3,3,True,2026-08-08,02:25:00,Low
58,2026-08-08 02:25:00+10:00,2,4,6,True,2026-08-08,02:25:00,Low
3,2026-08-08 02:25:00+10:00,3,2,5,True,2026-08-08,02:25:00,Low
4,2026-08-08 02:25:00+10:00,0,5,5,True,2026-08-08,02:25:00,Low
5,2026-08-08 02:25:00+10:00,7,7,14,True,2026-08-08,02:25:00,Low
21,2026-08-08 02:25:00+10:00,5,4,9,True,2026-08-08,02:25:00,Low
44,2026-08-08 02:25:00+10:00,2,0,2,True,2026-08-08,02:25:00,Low
45,2026-08-08 02:25:00+10:00,0,8,8,True,2026-08-08,02:25:00,Low
77,2026-08-08 02:25:00+10:00,1,1,2,True,2026-08-08,02:25:00,Low
132,2026-08-08 02:25:00+10:00,1,0,1,True,2026-08-08,02:25:00,Low
135,2026-08-08 02:25:00+10:00,1,2,3,True,2026-08-08,02:25:00,Low
1,2026-08-08 02:24:00+10:00,1,2,3,True,2026-08-08,02:24:00,Low
51,2026-08-08 02:24:00+10:00,1,0,1,True,2026-08-08,02:24:00,Low
3,2026-08-08 02:24:00+10:00,5,2,7,True,2026-08-08,02:24:00,Low
6,2026-08-08 02:24:00+10:00,1,0,1,True,2026-08-08,02:24:00,Low
40,2026-08-08 02:24:00+10:00,0,3,3,True,2026-08-08,02:24:00,Low
61,2026-08-08 02:24:00+10:00,3,0,3,True,2026-08-08,02:24:00,Low
181,2026-08-08 02:24:00+10:00,2,0,2,True,2026-08-08,02:24:00,Low
2,2026-08-08 02:24:00+10:00,1,0,1,True,2026-08-08,02:24:00,Low
19,2026-08-08 02:24:00+10:00,0,2,2,True,2026-08-08,02:24:00,Low
52,2026-08-08 02:24:00+10:00,0,1,1,True,2026-08-08,02:24:00,Low
63,2026-08-08 02:24:00+10:00,6,0,6,True,2026-08-08,02:24:00,Low
4,2026-08-08 02:24:00+10:00,0,1,1,True,2026-08-08,02:24:00,Low
66,2026-08-08 02:24:00+10:00,2,1,3,True,2026-08-08,02:24:00,Low
20,2026-08-08 02:24:00+10:00,5,2,7,True,2026-08-08,02:24:00,Low
24,2026-08-08 02:24:00+10:00,2,0,2,True,2026-08-08,02:24:00,Low
36,2026-08-08 02:24:00+10:00,2,2,4,True,2026-08-08,02:24:00,Low
41,2026-08-08 02:24:00+10:00,1,9,10,True,2026-08-08,02:24:00,Low
42,2026-08-08 02:24:00+10:00,2,0,2,True,2026-08-08,02:24:00,Low
181,2026-08-08 02:23:00+10:00,7,2,9,True,2026-08-08,02:23:00,Low
1,2026-08-08 02:23:00+10:00,2,0,2,True,2026-08-08,02:23:00,Low
19,2026-08-08 02:23:00+10:00,0,3,3,True,2026-08-08,02:23:00,Low
187,2026-08-08 02:23:00+10:00,1,1,2,True,2026-08-08,02:23:00,Low
41,2026-08-08 02:23:00+10:00,0,4,4,True,2026-08-08,02:23:00,Low
2,2026-08-08 02:23:00+10:00,3,0,3,True,2026-08-08,02:23:00,Low
24,2026-08-08 02:23:00+10:00,0,2,2,True,2026-08-08,02:23:00,Low
51,2026-08-08 02:23:00+10:00,1,0,1,True,2026-08-08,02:23:00,Low
52,2026-08-08 02:23:00+10:00,0,1,1,True,2026-08-08,02:23:00,Low
63,2026-08-08 02:23:00+10:00,0,5,5,True,2026-08-08,02:23:00,Low
3,2026-08-08 02:23:00+10:00,6,10,16,True,2026-08-08,02:23:00,Low
61,2026-08-08 02:23:00+10:00,4,0,4,True,2026-08-08,02:23:00,Low
20,2026-08-08 02:23:00+10:00,1,3,4,True,2026-08-08,02:23:00,Low
67,2026-08-08 02:23:00+10:00,0,1,1,True,2026-08-08,02:23:00,Low
79,2026-08-08 02:23:00+10:00,0,4,4,True,2026-08-08,02:23:00,Low
29,2026-08-08 02:23:00+10:00,0,2,2,True,2026-08-08,02:23:00,Low
36,2026-08-08 02:23:00+10:00,0,7,7,True,2026-08-08,02:23:00,Low
40,2026-08-08 02:23:00+10:00,2,0,2,True,2026-08-08,02:23:00,Low
209,2026-08-08 02:22:00+10:00,2,2,4,True,2026-08-08,02:22:00,Low
56,2026-08-08 02:22:00+10:00,0,2,2,True,2026-08-08,02:22:00,Low
62,2026-08-08 02:22:00+10:00,2,0,2,True,2026-08-08,02:22:00,Low
63,2026-08-08 02:22:00+10:00,2,5,7,True,2026-08-08,02:22:00,Low
41,2026-08-08 02:22:00+10:00,1,1,2,True,2026-08-08,02:22:00,Low
1,2026-08-08 02:22:00+10:00,0,1,1,True,2026-08-08,02:22:00,Low
2,2026-08-08 02:22:00+10:00,3,0,3,True,2026-08-08,02:22:00,Low
19,2026-08-08 02:22:00+10:00,1,2,3,True,2026-08-08,02:22:00,Low
20,2026-08-08 02:22:00+10:00,0,3,3,True,2026-08-08,02:22:00,Low
35,2026-08-08 02:22:00+10:00,0,1,1,True,2026-08-08,02:22:00,Low
51,2026-08-08 02:22:00+10:00,1,0,1,True,2026-08-08,02:22:00,Low
67,2026-08-08 02:22:00+10:00,0,2,2,True,2026-08-08,02:22:00,Low
79,2026-08-08 02:22:00+10:00,2,1,3,True,2026-08-08,02:22:00,Low
3,2026-08-08 02:22:00+10:00,10,1,11,True,2026-08-08,02:22:00,Low
36,2026-08-08 02:22:00+10:00,0,4,4,True,2026-08-08,02:22:00,Low
66,2026-08-08 02:22:00+10:00,1,1,2,True,2026-08-08,02:22:00,Low
24,2026-08-08 02:22:00+10:00,3,0,3,True,2026-08-08,02:22:00,Low
52,2026-08-08 02:22:00+10:00,1,0,1,True,2026-08-08,02:22:00,Low
6,2026-08-08 02:22:00+10:00,0,1,1,True,2026-08-08,02:22:00,Low
40,2026-08-08 02:22:00+10:00,0,2,2,True,2026-08-08,02:22:00,Low
61,2026-08-08 02:22:00+10:00,0,1,1,True,2026-08-08,02:22:00,Low
181,2026-08-08 02:21:00+10:00,5,2,7,True,2026-08-08,02:21:00,Low
1,2026-08-08 02:21:00+10:00,0,1,1,True,2026-08-08,02:21:00,Low
24,2026-08-08 02:21:00+10:00,2,5,7,True,2026-08-08,02:21:00,Low
52,2026-08-08 02:21:00+10:00,0,2,2,True,2026-08-08,02:21:00,Low
3,2026-08-08 02:21:00+10:00,3,1,4,True,2026-08-08,02:21:00,Low
66,2026-08-08 02:21:00+10:00,1,0,1,True,2026-08-08,02:21:00,Low
19,2026-08-08 02:21:00+10:00,3,1,4,True,2026-08-08,02:21:00,Low
20,2026-08-08 02:21:00+10:00,1,6,7,True,2026-08-08,02:21:00,Low
53,2026-08-08 02:21:00+10:00,0,2,2,True,2026-08-08,02:21:00,Low
4,2026-08-08 02:21:00+10:00,1,5,6,True,2026-08-08,02:21:00,Low
41,2026-08-08 02:21:00+10:00,2,7,9,True,2026-08-08,02:21:00,Low
2,2026-08-08 02:21:00+10:00,2,0,2,True,2026-08-08,02:21:00,Low
35,2026-08-08 02:21:00+10:00,0,1,1,True,2026-08-08,02:21:00,Low
62,2026-08-08 02:21:00+10:00,1,2,3,True,2026-08-08,02:21:00,Low
63,2026-08-08 02:21:00+10:00,0,2,2,True,2026-08-08,02:21:00,Low
67,2026-08-08 02:21:00+10:00,1,0,1,True,2026-08-08,02:21:00,Low
182,2026-08-08 02:20:00+10:00,3,6,9,True,2026-08-08,02:20:00,Low
185,2026-08-08 02:20:00+10:00,12,6,18,True,2026-08-08,02:20:00,Low
27,2026-08-08 02:20:00+10:00,0,1,1,True,2026-08-08,02:20:00,Low
63,2026-08-08 02:20:00+10:00,7,1,8,True,2026-08-08,02:20:00,Low
109,2026-08-08 02:20:00+10:00,1,0,1,True,2026-08-08,02:20:00,Low
117,2026-08-08 02:20:00+10:00,1,1,2,True,2026-08-08,02:20:00,Low
3,2026-08-08 02:20:00+10:00,3,2,5,True,2026-08-08,02:20:00,Low
5,2026-08-08 02:20:00+10:00,2,4,6,True,2026-08-08,02:20:00,Low
6,2026-08-08 02:20:00+10:00,0,1,1,True,2026-08-08,02:20:00,Low
36,2026-08-08 02:20:00+10:00,0,3,3,True,2026-08-08,02:20:00,Low
43,2026-08-08 02:20:00+10:00,1,0,1,True,2026-08-08,02:20:00,Low
47,2026-08-08 02:20:00+10:00,13,2,15,True,2026-08-08,02:20:00,Low
59,2026-08-08 02:20:00+10:00,16,5,21,True,2026-08-08,02:20:00,Low
61,2026-08-08 02:20:00+10:00,1,1,2,True,2026-08-08,02:20:00,Low
84,2026-08-08 02:20:00+10:00,5,3,8,True,2026-08-08,02:20:00,Low
131,2026-08-08 02:20:00+10:00,3,5,8,True,2026-08-08,02:20:00,Low
133,2026-08-08 02:20:00+10:00,2,3,5,True,2026-08-08,02:20:00,Low
134,2026-08-08 02:20:00+10:00,7,5,12,True,2026-08-08,02:20:00,Low
48,2026-08-08 02:20:00+10:00,0,5,5,True,2026-08-08,02:20:00,Low
56,2026-08-08 02:20:00+10:00,3,1,4,True,2026-08-08,02:20:00,Low
41,2026-08-08 02:20:00+10:00,2,1,3,True,2026-08-08,02:20:00,Low
66,2026-08-08 02:20:00+10:00,1,0,1,True,2026-08-08,02:20:00,Low
77,2026-08-08 02:20:00+10:00,1,1,2,True,2026-08-08,02:20:00,Low
87,2026-08-08 02:20:00+10:00,0,1,1,True,2026-08-08,02:20:00,Low
132,2026-08-08 02:20:00+10:00,2,2,4,True,2026-08-08,02:20:00,Low
143,2026-08-08 02:20:00+10:00,4,0,4,True,2026-08-08,02:20:00,Low
162,2026-08-08 02:20:00+10:00,13,6,19,True,2026-08-08,02:20:00,Low
184,2026-08-08 02:20:00+10:00,5,11,16,True,2026-08-08,02:20:00,Low
209,2026-08-08 02:20:00+10:00,1,0,1,True,2026-08-08,02:20:00,Low
1,2026-08-08 02:20:00+10:00,0,2,2,True,2026-08-08,02:20:00,Low
19,2026-08-08 02:20:00+10:00,3,6,9,True,2026-08-08,02:20:00,Low
20,2026-08-08 02:20:00+10:00,1,2,3,True,2026-08-08,02:20:00,Low
23,2026-08-08 02:20:00+10:00,1,1,2,True,2026-08-08,02:20:00,Low
24,2026-08-08 02:20:00+10:00,0,1,1,True,2026-08-08,02:20:00,Low
25,2026-08-08 02:20:00+10:00,1,1,2,True,2026-08-08,02:20:00,Low
30,2026-08-08 02:20:00+10:00,3,3,6,True,2026-08-08,02:20:00,Low
49,2026-08-08 02:20:00+10:00,2,1,3,True,2026-08-08,02:20:00,Low
53,2026-08-08 02:20:00+10:00,5,0,5,True,2026-08-08,02:20:00,Low
58,2026-08-08 02:20:00+10:00,3,1,4,True,2026-08-08,02:20:00,Low
62,2026-08-08 02:20:00+10:00,4,0,4,True,2026-08-08,02:20:00,Low
141,2026-08-08 02:20:00+10:00,3,3,6,True,2026-08-08,02:20:00,Low
142,2026-08-08 02:20:00+10:00,1,1,2,True,2026-08-08,02:20:00,Low
4,2026-08-08 02:20:00+10:00,6,4,10,True,2026-08-08,02:20:00,Low
21,2026-08-08 02:20:00+10:00,5,3,8,True,2026-08-08,02:20:00,Low
40,2026-08-08 02:20:00+10:00,1,0,1,True,2026-08-08,02:20:00,Low
45,2026-08-08 02:20:00+10:00,1,7,8,True,2026-08-08,02:20:00,Low
54,2026-08-08 02:20:00+10:00,5,1,6,True,2026-08-08,02:20:00,Low
135,2026-08-08 02:20:00+10:00,0,1,1,True,2026-08-08,02:20:00,Low
56,2026-08-08 02:19:00+10:00,1,0,1,True,2026-08-08,02:19:00,Low
3,2026-08-08 02:19:00+10:00,9,1,10,True,2026-08-08,02:19:00,Low
6,2026-08-08 02:19:00+10:00,0,2,2,True,2026-08-08,02:19:00,Low
36,2026-08-08 02:19:00+10:00,1,1,2,True,2026-08-08,02:19:00,Low
70,2026-08-08 02:19:00+10:00,0,1,1,True,2026-08-08,02:19:00,Low
181,2026-08-08 02:19:00+10:00,2,2,4,True,2026-08-08,02:19:00,Low
209,2026-08-08 02:19:00+10:00,1,0,1,True,2026-08-08,02:19:00,Low
1,2026-08-08 02:19:00+10:00,0,1,1,True,2026-08-08,02:19:00,Low
35,2026-08-08 02:19:00+10:00,0,1,1,True,2026-08-08,02:19:00,Low
79,2026-08-08 02:19:00+10:00,1,0,1,True,2026-08-08,02:19:00,Low
4,2026-08-08 02:19:00+10:00,1,4,5,True,2026-08-08,02:19:00,Low
29,2026-08-08 02:19:00+10:00,0,2,2,True,2026-08-08,02:19:00,Low
66,2026-08-08 02:19:00+10:00,8,2,10,True,2026-08-08,02:19:00,Low
2,2026-08-08 02:19:00+10:00,2,0,2,True,2026-08-08,02:19:00,Low
9,2026-08-08 02:19:00+10:00,1,0,1,True,2026-08-08,02:19:00,Low
19,2026-08-08 02:19:00+10:00,0,3,3,True,2026-08-08,02:19:00,Low
62,2026-08-08 02:19:00+10:00,0,1,1,True,2026-08-08,02:19:00,Low
61,2026-08-08 02:19:00+10:00,0,1,1,True,2026-08-08,02:19:00,Low
4,2026-08-08 02:18:00+10:00,3,3,6,True,2026-08-08,02:18:00,Low
6,2026-08-08 02:18:00+10:00,1,0,1,True,2026-08-08,02:18:00,Low
41,2026-08-08 02:18:00+10:00,1,1,2,True,2026-08-08,02:18:00,Low
20,2026-08-08 02:18:00+10:00,1,0,1,True,2026-08-08,02:18:00,Low
53,2026-08-08 02:18:00+10:00,0,1,1,True,2026-08-08,02:18:00,Low
62,2026-08-08 02:18:00+10:00,1,0,1,True,2026-08-08,02:18:00,Low
209,2026-08-08 02:18:00+10:00,0,1,1,True,2026-08-08,02:18:00,Low
1,2026-08-08 02:18:00+10:00,0,2,2,True,2026-08-08,02:18:00,Low
2,2026-08-08 02:18:00+10:00,1,0,1,True,2026-08-08,02:18:00,Low
35,2026-08-08 02:18:00+10:00,1,0,1,True,2026-08-08,02:18:00,Low
52,2026-08-08 02:18:00+10:00,0,1,1,True,2026-08-08,02:18:00,Low
3,2026-08-08 02:18:00+10:00,4,3,7,True,2026-08-08,02:18:00,Low
36,2026-08-08 02:18:00+10:00,5,1,6,True,2026-08-08,02:18:00,Low
181,2026-08-08 02:18:00+10:00,7,1,8,True,2026-08-08,02:18:00,Low
1,2026-08-08 02:17:00+10:00,0,2,2,True,2026-08-08,02:17:00,Low
19,2026-08-08 02:17:00+10:00,1,0,1,True,2026-08-08,02:17:00,Low
20,2026-08-08 02:17:00+10:00,2,1,3,True,2026-08-08,02:17:00,Low
24,2026-08-08 02:17:00+10:00,1,0,1,True,2026-08-08,02:17:00,Low
52,2026-08-08 02:17:00+10:00,1,0,1,True,2026-08-08,02:17:00,Low
79,2026-08-08 02:17:00+10:00,0,2,2,True,2026-08-08,02:17:00,Low
36,2026-08-08 02:17:00+10:00,0,2,2,True,2026-08-08,02:17:00,Low
56,2026-08-08 02:17:00+10:00,0,3,3,True,2026-08-08,02:17:00,Low
3,2026-08-08 02:17:00+10:00,1,1,2,True,2026-08-08,02:17:00,Low
40,2026-08-08 02:17:00+10:00,2,0,2,True,2026-08-08,02:17:00,Low
41,2026-08-08 02:17:00+10:00,1,5,6,True,2026-08-08,02:17:00,Low
61,2026-08-08 02:17:00+10:00,1,0,1,True,2026-08-08,02:17:00,Low
66,2026-08-08 02:17:00+10:00,1,1,2,True,2026-08-08,02:17:00,Low
35,2026-08-08 02:17:00+10:00,1,0,1,True,2026-08-08,02:17:00,Low
62,2026-08-08 02:17:00+10:00,0,2,2,True,2026-08-08,02:17:00,Low
67,2026-08-08 02:17:00+10:00,0,1,1,True,2026-08-08,02:17:00,Low
4,2026-08-08 02:17:00+10:00,2,3,5,True,2026-08-08,02:17:00,Low
1,2026-08-08 02:16:00+10:00,2,1,3,True,2026-08-08,02:16:00,Low
2,2026-08-08 02:16:00+10:00,1,2,3,True,2026-08-08,02:16:00,Low
20,2026-08-08 02:16:00+10:00,2,3,5,True,2026-08-08,02:16:00,Low
35,2026-08-08 02:16:00+10:00,0,1,1,True,2026-08-08,02:16:00,Low
63,2026-08-08 02:16:00+10:00,0,2,2,True,2026-08-08,02:16:00,Low
79,2026-08-08 02:16:00+10:00,6,2,8,True,2026-08-08,02:16:00,Low
41,2026-08-08 02:16:00+10:00,1,1,2,True,2026-08-08,02:16:00,Low
66,2026-08-08 02:16:00+10:00,1,0,1,True,2026-08-08,02:16:00,Low
181,2026-08-08 02:16:00+10:00,2,6,8,True,2026-08-08,02:16:00,Low
19,2026-08-08 02:16:00+10:00,1,1,2,True,2026-08-08,02:16:00,Low
24,2026-08-08 02:16:00+10:00,2,0,2,True,2026-08-08,02:16:00,Low
67,2026-08-08 02:16:00+10:00,0,2,2,True,2026-08-08,02:16:00,Low
87,2026-08-08 02:16:00+10:00,0,1,1,True,2026-08-08,02:16:00,Low
56,2026-08-08 02:16:00+10:00,0,4,4,True,2026-08-08,02:16:00,Low
3,2026-08-08 02:16:00+10:00,1,1,2,True,2026-08-08,02:16:00,Low
4,2026-08-08 02:16:00+10:00,1,5,6,True,2026-08-08,02:16:00,Low
31,2026-08-08 02:16:00+10:00,1,0,1,True,2026-08-08,02:16:00,Low
182,2026-08-08 02:15:00+10:00,4,10,14,True,2026-08-08,02:15:00,Low
185,2026-08-08 02:15:00+10:00,9,5,14,True,2026-08-08,02:15:00,Low
1,2026-08-08 02:15:00+10:00,1,0,1,True,2026-08-08,02:15:00,Low
19,2026-08-08 02:15:00+10:00,1,1,2,True,2026-08-08,02:15:00,Low
20,2026-08-08 02:15:00+10:00,3,2,5,True,2026-08-08,02:15:00,Low
23,2026-08-08 02:15:00+10:00,7,2,9,True,2026-08-08,02:15:00,Low
48,2026-08-08 02:15:00+10:00,2,2,4,True,2026-08-08,02:15:00,Low
63,2026-08-08 02:15:00+10:00,0,4,4,True,2026-08-08,02:15:00,Low
21,2026-08-08 02:15:00+10:00,2,11,13,True,2026-08-08,02:15:00,Low
45,2026-08-08 02:15:00+10:00,2,10,12,True,2026-08-08,02:15:00,Low
47,2026-08-08 02:15:00+10:00,5,6,11,True,2026-08-08,02:15:00,Low
135,2026-08-08 02:15:00+10:00,1,4,5,True,2026-08-08,02:15:00,Low
143,2026-08-08 02:15:00+10:00,8,0,8,True,2026-08-08,02:15:00,Low
162,2026-08-08 02:15:00+10:00,3,2,5,True,2026-08-08,02:15:00,Low
209,2026-08-08 02:15:00+10:00,0,1,1,True,2026-08-08,02:15:00,Low
30,2026-08-08 02:15:00+10:00,6,11,17,True,2026-08-08,02:15:00,Low
109,2026-08-08 02:15:00+10:00,1,0,1,True,2026-08-08,02:15:00,Low
5,2026-08-08 02:15:00+10:00,2,11,13,True,2026-08-08,02:15:00,Low
6,2026-08-08 02:15:00+10:00,1,0,1,True,2026-08-08,02:15:00,Low
37,2026-08-08 02:15:00+10:00,1,0,1,True,2026-08-08,02:15:00,Low
40,2026-08-08 02:15:00+10:00,0,1,1,True,2026-08-08,02:15:00,Low
41,2026-08-08 02:15:00+10:00,0,8,8,True,2026-08-08,02:15:00,Low
54,2026-08-08 02:15:00+10:00,2,1,3,True,2026-08-08,02:15:00,Low
59,2026-08-08 02:15:00+10:00,13,6,19,True,2026-08-08,02:15:00,Low
84,2026-08-08 02:15:00+10:00,11,6,17,True,2026-08-08,02:15:00,Low
131,2026-08-08 02:15:00+10:00,17,1,18,True,2026-08-08,02:15:00,Low
133,2026-08-08 02:15:00+10:00,8,1,9,True,2026-08-08,02:15:00,Low
134,2026-08-08 02:15:00+10:00,7,2,9,True,2026-08-08,02:15:00,Low
165,2026-08-08 02:15:00+10:00,1,0,1,True,2026-08-08,02:15:00,Low
179,2026-08-08 02:15:00+10:00,0,2,2,True,2026-08-08,02:15:00,Low
184,2026-08-08 02:15:00+10:00,6,5,11,True,2026-08-08,02:15:00,Low
25,2026-08-08 02:15:00+10:00,1,3,4,True,2026-08-08,02:15:00,Low
49,2026-08-08 02:15:00+10:00,1,1,2,True,2026-08-08,02:15:00,Low
58,2026-08-08 02:15:00+10:00,2,7,9,True,2026-08-08,02:15:00,Low
67,2026-08-08 02:15:00+10:00,1,0,1,True,2026-08-08,02:15:00,Low
141,2026-08-08 02:15:00+10:00,0,6,6,True,2026-08-08,02:15:00,Low
142,2026-08-08 02:15:00+10:00,1,0,1,True,2026-08-08,02:15:00,Low
3,2026-08-08 02:15:00+10:00,6,3,9,True,2026-08-08,02:15:00,Low
42,2026-08-08 02:15:00+10:00,1,0,1,True,2026-08-08,02:15:00,Low
107,2026-08-08 02:15:00+10:00,0,1,1,True,2026-08-08,02:15:00,Low
132,2026-08-08 02:15:00+10:00,6,1,7,True,2026-08-08,02:15:00,Low
24,2026-08-08 02:14:00+10:00,0,1,1,True,2026-08-08,02:14:00,Low
56,2026-08-08 02:14:00+10:00,0,3,3,True,2026-08-08,02:14:00,Low
63,2026-08-08 02:14:00+10:00,1,0,1,True,2026-08-08,02:14:00,Low
79,2026-08-08 02:14:00+10:00,1,0,1,True,2026-08-08,02:14:00,Low
29,2026-08-08 02:14:00+10:00,0,1,1,True,2026-08-08,02:14:00,Low
36,2026-08-08 02:14:00+10:00,5,0,5,True,2026-08-08,02:14:00,Low
40,2026-08-08 02:14:00+10:00,1,0,1,True,2026-08-08,02:14:00,Low
42,2026-08-08 02:14:00+10:00,0,1,1,True,2026-08-08,02:14:00,Low
1,2026-08-08 02:14:00+10:00,0,2,2,True,2026-08-08,02:14:00,Low
19,2026-08-08 02:14:00+10:00,1,0,1,True,2026-08-08,02:14:00,Low
35,2026-08-08 02:14:00+10:00,0,1,1,True,2026-08-08,02:14:00,Low
52,2026-08-08 02:14:00+10:00,0,1,1,True,2026-08-08,02:14:00,Low
66,2026-08-08 02:14:00+10:00,3,0,3,True,2026-08-08,02:14:00,Low
181,2026-08-08 02:14:00+10:00,6,1,7,True,2026-08-08,02:14:00,Low
20,2026-08-08 02:14:00+10:00,1,0,1,True,2026-08-08,02:14:00,Low
3,2026-08-08 02:14:00+10:00,2,4,6,True,2026-08-08,02:14:00,Low
4,2026-08-08 02:14:00+10:00,11,5,16,True,2026-08-08,02:14:00,Low
41,2026-08-08 02:14:00+10:00,5,9,14,True,2026-08-08,02:14:00,Low
61,2026-08-08 02:14:00+10:00,1,0,1,True,2026-08-08,02:14:00,Low
17,2026-08-08 02:13:00+10:00,1,0,1,True,2026-08-08,02:13:00,Low
3,2026-08-08 02:13:00+10:00,10,3,13,True,2026-08-08,02:13:00,Low
66,2026-08-08 02:13:00+10:00,1,1,2,True,2026-08-08,02:13:00,Low
1,2026-08-08 02:13:00+10:00,1,1,2,True,2026-08-08,02:13:00,Low
52,2026-08-08 02:13:00+10:00,1,0,1,True,2026-08-08,02:13:00,Low
53,2026-08-08 02:13:00+10:00,0,2,2,True,2026-08-08,02:13:00,Low
4,2026-08-08 02:13:00+10:00,3,3,6,True,2026-08-08,02:13:00,Low
14,2026-08-08 02:13:00+10:00,1,0,1,True,2026-08-08,02:13:00,Low
61,2026-08-08 02:13:00+10:00,0,1,1,True,2026-08-08,02:13:00,Low
20,2026-08-08 02:13:00+10:00,1,0,1,True,2026-08-08,02:13:00,Low
56,2026-08-08 02:13:00+10:00,0,1,1,True,2026-08-08,02:13:00,Low
62,2026-08-08 02:13:00+10:00,0,1,1,True,2026-08-08,02:13:00,Low
36,2026-08-08 02:13:00+10:00,1,4,5,True,2026-08-08,02:13:00,Low
41,2026-08-08 02:13:00+10:00,1,2,3,True,2026-08-08,02:13:00,Low
181,2026-08-08 02:13:00+10:00,3,1,4,True,2026-08-08,02:13:00,Low
209,2026-08-08 02:12:00+10:00,1,0,1,True,2026-08-08,02:12:00,Low
2,2026-08-08 02:12:00+10:00,0,2,2,True,2026-08-08,02:12:00,Low
24,2026-08-08 02:12:00+10:00,0,1,1,True,2026-08-08,02:12:00,Low
63,2026-08-08 02:12:00+10:00,2,0,2,True,2026-08-08,02:12:00,Low
67,2026-08-08 02:12:00+10:00,7,1,8,True,2026-08-08,02:12:00,Low
1,2026-08-08 02:12:00+10:00,0,1,1,True,2026-08-08,02:12:00,Low
10,2026-08-08 02:12:00+10:00,1,0,1,True,2026-08-08,02:12:00,Low
52,2026-08-08 02:12:00+10:00,0,3,3,True,2026-08-08,02:12:00,Low
41,2026-08-08 02:12:00+10:00,0,1,1,True,2026-08-08,02:12:00,Low
181,2026-08-08 02:12:00+10:00,1,2,3,True,2026-08-08,02:12:00,Low
19,2026-08-08 02:12:00+10:00,3,0,3,True,2026-08-08,02:12:00,Low
20,2026-08-08 02:12:00+10:00,0,3,3,True,2026-08-08,02:12:00,Low
35,2026-08-08 02:12:00+10:00,0,2,2,True,2026-08-08,02:12:00,Low
79,2026-08-08 02:12:00+10:00,2,1,3,True,2026-08-08,02:12:00,Low
187,2026-08-08 02:12:00+10:00,1,0,1,True,2026-08-08,02:12:00,Low
3,2026-08-08 02:12:00+10:00,10,5,15,True,2026-08-08,02:12:00,Low
4,2026-08-08 02:12:00+10:00,5,2,7,True,2026-08-08,02:12:00,Low
6,2026-08-08 02:12:00+10:00,2,0,2,True,2026-08-08,02:12:00,Low
42,2026-08-08 02:12:00+10:00,0,1,1,True,2026-08-08,02:12:00,Low
20,2026-08-08 02:11:00+10:00,4,2,6,True,2026-08-08,02:11:00,Low
4,2026-08-08 02:11:00+10:00,2,6,8,True,2026-08-08,02:11:00,Low
2,2026-08-08 02:11:00+10:00,0,4,4,True,2026-08-08,02:11:00,Low
24,2026-08-08 02:11:00+10:00,0,3,3,True,2026-08-08,02:11:00,Low
62,2026-08-08 02:11:00+10:00,2,0,2,True,2026-08-08,02:11:00,Low
41,2026-08-08 02:11:00+10:00,1,3,4,True,2026-08-08,02:11:00,Low
19,2026-08-08 02:11:00+10:00,13,3,16,True,2026-08-08,02:11:00,Low
35,2026-08-08 02:11:00+10:00,0,2,2,True,2026-08-08,02:11:00,Low
52,2026-08-08 02:11:00+10:00,1,0,1,True,2026-08-08,02:11:00,Low
63,2026-08-08 02:11:00+10:00,0,3,3,True,2026-08-08,02:11:00,Low
3,2026-08-08 02:11:00+10:00,9,1,10,True,2026-08-08,02:11:00,Low
36,2026-08-08 02:11:00+10:00,2,1,3,True,2026-08-08,02:11:00,Low
181,2026-08-08 02:11:00+10:00,3,7,10,True,2026-08-08,02:11:00,Low
182,2026-08-08 02:10:00+10:00,1,3,4,True,2026-08-08,02:10:00,Low
1,2026-08-08 02:10:00+10:00,2,0,2,True,2026-08-08,02:10:00,Low
19,2026-08-08 02:10:00+10:00,0,3,3,True,2026-08-08,02:10:00,Low
20,2026-08-08 02:10:00+10:00,1,3,4,True,2026-08-08,02:10:00,Low
49,2026-08-08 02:10:00+10:00,3,1,4,True,2026-08-08,02:10:00,Low
58,2026-08-08 02:10:00+10:00,4,13,17,True,2026-08-08,02:10:00,Low
62,2026-08-08 02:10:00+10:00,1,0,1,True,2026-08-08,02:10:00,Low
63,2026-08-08 02:10:00+10:00,1,6,7,True,2026-08-08,02:10:00,Low
141,2026-08-08 02:10:00+10:00,6,2,8,True,2026-08-08,02:10:00,Low
161,2026-08-08 02:10:00+10:00,0,2,2,True,2026-08-08,02:10:00,Low
6,2026-08-08 02:10:00+10:00,1,1,2,True,2026-08-08,02:10:00,Low
36,2026-08-08 02:10:00+10:00,1,1,2,True,2026-08-08,02:10:00,Low
45,2026-08-08 02:10:00+10:00,1,9,10,True,2026-08-08,02:10:00,Low
47,2026-08-08 02:10:00+10:00,5,2,7,True,2026-08-08,02:10:00,Low
69,2026-08-08 02:10:00+10:00,1,0,1,True,2026-08-08,02:10:00,Low
87,2026-08-08 02:10:00+10:00,0,2,2,True,2026-08-08,02:10:00,Low
107,2026-08-08 02:10:00+10:00,2,0,2,True,2026-08-08,02:10:00,Low
134,2026-08-08 02:10:00+10:00,2,2,4,True,2026-08-08,02:10:00,Low
179,2026-08-08 02:10:00+10:00,2,0,2,True,2026-08-08,02:10:00,Low
185,2026-08-08 02:10:00+10:00,13,6,19,True,2026-08-08,02:10:00,Low
24,2026-08-08 02:10:00+10:00,1,0,1,True,2026-08-08,02:10:00,Low
25,2026-08-08 02:10:00+10:00,2,3,5,True,2026-08-08,02:10:00,Low
53,2026-08-08 02:10:00+10:00,1,0,1,True,2026-08-08,02:10:00,Low
109,2026-08-08 02:10:00+10:00,5,0,5,True,2026-08-08,02:10:00,Low
21,2026-08-08 02:10:00+10:00,11,6,17,True,2026-08-08,02:10:00,Low
37,2026-08-08 02:10:00+10:00,1,1,2,True,2026-08-08,02:10:00,Low
41,2026-08-08 02:10:00+10:00,8,4,12,True,2026-08-08,02:10:00,Low
66,2026-08-08 02:10:00+10:00,1,0,1,True,2026-08-08,02:10:00,Low
84,2026-08-08 02:10:00+10:00,8,9,17,True,2026-08-08,02:10:00,Low
133,2026-08-08 02:10:00+10:00,0,3,3,True,2026-08-08,02:10:00,Low
135,2026-08-08 02:10:00+10:00,1,0,1,True,2026-08-08,02:10:00,Low
143,2026-08-08 02:10:00+10:00,8,2,10,True,2026-08-08,02:10:00,Low
181,2026-08-08 02:10:00+10:00,1,1,2,True,2026-08-08,02:10:00,Low
184,2026-08-08 02:10:00+10:00,7,10,17,True,2026-08-08,02:10:00,Low
209,2026-08-08 02:10:00+10:00,0,3,3,True,2026-08-08,02:10:00,Low
17,2026-08-08 02:10:00+10:00,0,1,1,True,2026-08-08,02:10:00,Low
30,2026-08-08 02:10:00+10:00,8,6,14,True,2026-08-08,02:10:00,Low
48,2026-08-08 02:10:00+10:00,1,1,2,True,2026-08-08,02:10:00,Low
67,2026-08-08 02:10:00+10:00,0,1,1,True,2026-08-08,02:10:00,Low
142,2026-08-08 02:10:00+10:00,1,2,3,True,2026-08-08,02:10:00,Low
3,2026-08-08 02:10:00+10:00,3,2,5,True,2026-08-08,02:10:00,Low
4,2026-08-08 02:10:00+10:00,1,4,5,True,2026-08-08,02:10:00,Low
5,2026-08-08 02:10:00+10:00,1,3,4,True,2026-08-08,02:10:00,Low
43,2026-08-08 02:10:00+10:00,0,1,1,True,2026-08-08,02:10:00,Low
44,2026-08-08 02:10:00+10:00,0,1,1,True,2026-08-08,02:10:00,Low
54,2026-08-08 02:10:00+10:00,2,0,2,True,2026-08-08,02:10:00,Low
59,2026-08-08 02:10:00+10:00,9,2,11,True,2026-08-08,02:10:00,Low
131,2026-08-08 02:10:00+10:00,6,12,18,True,2026-08-08,02:10:00,Low
132,2026-08-08 02:10:00+10:00,0,4,4,True,2026-08-08,02:10:00,Low
162,2026-08-08 02:10:00+10:00,7,2,9,True,2026-08-08,02:10:00,Low
4,2026-08-08 02:09:00+10:00,0,3,3,True,2026-08-08,02:09:00,Low
41,2026-08-08 02:09:00+10:00,9,1,10,True,2026-08-08,02:09:00,Low
87,2026-08-08 02:09:00+10:00,1,0,1,True,2026-08-08,02:09:00,Low
181,2026-08-08 02:09:00+10:00,0,3,3,True,2026-08-08,02:09:00,Low
209,2026-08-08 02:09:00+10:00,9,0,9,True,2026-08-08,02:09:00,Low
63,2026-08-08 02:09:00+10:00,0,1,1,True,2026-08-08,02:09:00,Low
79,2026-08-08 02:09:00+10:00,1,3,4,True,2026-08-08,02:09:00,Low
67,2026-08-08 02:09:00+10:00,0,1,1,True,2026-08-08,02:09:00,Low
3,2026-08-08 02:09:00+10:00,2,1,3,True,2026-08-08,02:09:00,Low
36,2026-08-08 02:09:00+10:00,2,0,2,True,2026-08-08,02:09:00,Low
2,2026-08-08 02:09:00+10:00,1,1,2,True,2026-08-08,02:09:00,Low
19,2026-08-08 02:09:00+10:00,0,3,3,True,2026-08-08,02:09:00,Low
56,2026-08-08 02:09:00+10:00,2,0,2,True,2026-08-08,02:09:00,Low
62,2026-08-08 02:09:00+10:00,2,0,2,True,2026-08-08,02:09:00,Low
36,2026-08-08 02:08:00+10:00,5,8,13,True,2026-08-08,02:08:00,Low
41,2026-08-08 02:08:00+10:00,4,5,9,True,2026-08-08,02:08:00,Low
66,2026-08-08 02:08:00+10:00,2,0,2,True,2026-08-08,02:08:00,Low
1,2026-08-08 02:08:00+10:00,6,0,6,True,2026-08-08,02:08:00,Low
19,2026-08-08 02:08:00+10:00,0,5,5,True,2026-08-08,02:08:00,Low
63,2026-08-08 02:08:00+10:00,2,2,4,True,2026-08-08,02:08:00,Low
181,2026-08-08 02:08:00+10:00,0,4,4,True,2026-08-08,02:08:00,Low
209,2026-08-08 02:08:00+10:00,1,1,2,True,2026-08-08,02:08:00,Low
20,2026-08-08 02:08:00+10:00,0,1,1,True,2026-08-08,02:08:00,Low
52,2026-08-08 02:08:00+10:00,0,1,1,True,2026-08-08,02:08:00,Low
79,2026-08-08 02:08:00+10:00,2,3,5,True,2026-08-08,02:08:00,Low
61,2026-08-08 02:08:00+10:00,0,3,3,True,2026-08-08,02:08:00,Low
87,2026-08-08 02:08:00+10:00,2,0,2,True,2026-08-08,02:08:00,Low
3,2026-08-08 02:08:00+10:00,3,2,5,True,2026-08-08,02:08:00,Low
4,2026-08-08 02:08:00+10:00,1,2,3,True,2026-08-08,02:08:00,Low
56,2026-08-08 02:08:00+10:00,0,3,3,True,2026-08-08,02:08:00,Low
4,2026-08-08 02:07:00+10:00,1,3,4,True,2026-08-08,02:07:00,Low
181,2026-08-08 02:07:00+10:00,2,0,2,True,2026-08-08,02:07:00,Low
19,2026-08-08 02:07:00+10:00,5,0,5,True,2026-08-08,02:07:00,Low
53,2026-08-08 02:07:00+10:00,1,0,1,True,2026-08-08,02:07:00,Low
63,2026-08-08 02:07:00+10:00,0,1,1,True,2026-08-08,02:07:00,Low
2,2026-08-08 02:07:00+10:00,0,1,1,True,2026-08-08,02:07:00,Low
24,2026-08-08 02:07:00+10:00,2,3,5,True,2026-08-08,02:07:00,Low
52,2026-08-08 02:07:00+10:00,2,0,2,True,2026-08-08,02:07:00,Low
62,2026-08-08 02:07:00+10:00,0,1,1,True,2026-08-08,02:07:00,Low
36,2026-08-08 02:07:00+10:00,1,1,2,True,2026-08-08,02:07:00,Low
3,2026-08-08 02:07:00+10:00,4,2,6,True,2026-08-08,02:07:00,Low
6,2026-08-08 02:07:00+10:00,1,0,1,True,2026-08-08,02:07:00,Low
41,2026-08-08 02:07:00+10:00,5,4,9,True,2026-08-08,02:07:00,Low
50,2026-08-08 02:07:00+10:00,1,0,1,True,2026-08-08,02:07:00,Low
66,2026-08-08 02:07:00+10:00,2,1,3,True,2026-08-08,02:07:00,Low
70,2026-08-08 02:07:00+10:00,0,1,1,True,2026-08-08,02:07:00,Low
87,2026-08-08 02:07:00+10:00,0,1,1,True,2026-08-08,02:07:00,Low
209,2026-08-08 02:07:00+10:00,0,1,1,True,2026-08-08,02:07:00,Low
51,2026-08-08 02:07:00+10:00,1,0,1,True,2026-08-08,02:07:00,Low
56,2026-08-08 02:07:00+10:00,5,0,5,True,2026-08-08,02:07:00,Low
67,2026-08-08 02:07:00+10:00,0,1,1,True,2026-08-08,02:07:00,Low
41,2026-08-08 02:06:00+10:00,1,10,11,True,2026-08-08,02:06:00,Low
209,2026-08-08 02:06:00+10:00,4,0,4,True,2026-08-08,02:06:00,Low
56,2026-08-08 02:06:00+10:00,0,9,9,True,2026-08-08,02:06:00,Low
1,2026-08-08 02:06:00+10:00,2,2,4,True,2026-08-08,02:06:00,Low
19,2026-08-08 02:06:00+10:00,0,1,1,True,2026-08-08,02:06:00,Low
20,2026-08-08 02:06:00+10:00,4,0,4,True,2026-08-08,02:06:00,Low
63,2026-08-08 02:06:00+10:00,0,7,7,True,2026-08-08,02:06:00,Low
4,2026-08-08 02:06:00+10:00,2,0,2,True,2026-08-08,02:06:00,Low
14,2026-08-08 02:06:00+10:00,1,0,1,True,2026-08-08,02:06:00,Low
36,2026-08-08 02:06:00+10:00,1,0,1,True,2026-08-08,02:06:00,Low
3,2026-08-08 02:06:00+10:00,3,5,8,True,2026-08-08,02:06:00,Low
181,2026-08-08 02:06:00+10:00,2,1,3,True,2026-08-08,02:06:00,Low
2,2026-08-08 02:06:00+10:00,1,0,1,True,2026-08-08,02:06:00,Low
52,2026-08-08 02:06:00+10:00,0,1,1,True,2026-08-08,02:06:00,Low
62,2026-08-08 02:06:00+10:00,1,0,1,True,2026-08-08,02:06:00,Low
79,2026-08-08 02:06:00+10:00,0,2,2,True,2026-08-08,02:06:00,Low
5,2026-08-08 02:05:00+10:00,14,4,18,True,2026-08-08,02:05:00,Low
31,2026-08-08 02:05:00+10:00,3,0,3,True,2026-08-08,02:05:00,Low
45,2026-08-08 02:05:00+10:00,0,26,26,True,2026-08-08,02:05:00,Low
143,2026-08-08 02:05:00+10:00,4,0,4,True,2026-08-08,02:05:00,Low
162,2026-08-08 02:05:00+10:00,4,4,8,True,2026-08-08,02:05:00,Low
181,2026-08-08 02:05:00+10:00,1,3,4,True,2026-08-08,02:05:00,Low
185,2026-08-08 02:05:00+10:00,14,8,22,True,2026-08-08,02:05:00,Low
53,2026-08-08 02:05:00+10:00,0,1,1,True,2026-08-08,02:05:00,Low
62,2026-08-08 02:05:00+10:00,1,9,10,True,2026-08-08,02:05:00,Low
63,2026-08-08 02:05:00+10:00,3,2,5,True,2026-08-08,02:05:00,Low
132,2026-08-08 02:05:00+10:00,3,0,3,True,2026-08-08,02:05:00,Low
133,2026-08-08 02:05:00+10:00,1,5,6,True,2026-08-08,02:05:00,Low
134,2026-08-08 02:05:00+10:00,1,4,5,True,2026-08-08,02:05:00,Low
179,2026-08-08 02:05:00+10:00,1,0,1,True,2026-08-08,02:05:00,Low
182,2026-08-08 02:05:00+10:00,6,5,11,True,2026-08-08,02:05:00,Low
24,2026-08-08 02:05:00+10:00,1,2,3,True,2026-08-08,02:05:00,Low
35,2026-08-08 02:05:00+10:00,2,1,3,True,2026-08-08,02:05:00,Low
49,2026-08-08 02:05:00+10:00,5,3,8,True,2026-08-08,02:05:00,Low
79,2026-08-08 02:05:00+10:00,1,1,2,True,2026-08-08,02:05:00,Low
141,2026-08-08 02:05:00+10:00,5,1,6,True,2026-08-08,02:05:00,Low
3,2026-08-08 02:05:00+10:00,8,3,11,True,2026-08-08,02:05:00,Low
36,2026-08-08 02:05:00+10:00,0,4,4,True,2026-08-08,02:05:00,Low
37,2026-08-08 02:05:00+10:00,1,0,1,True,2026-08-08,02:05:00,Low
41,2026-08-08 02:05:00+10:00,1,9,10,True,2026-08-08,02:05:00,Low
44,2026-08-08 02:05:00+10:00,2,0,2,True,2026-08-08,02:05:00,Low
47,2026-08-08 02:05:00+10:00,3,11,14,True,2026-08-08,02:05:00,Low
59,2026-08-08 02:05:00+10:00,18,7,25,True,2026-08-08,02:05:00,Low
66,2026-08-08 02:05:00+10:00,2,2,4,True,2026-08-08,02:05:00,Low
77,2026-08-08 02:05:00+10:00,0,2,2,True,2026-08-08,02:05:00,Low
84,2026-08-08 02:05:00+10:00,9,9,18,True,2026-08-08,02:05:00,Low
4,2026-08-08 02:05:00+10:00,1,2,3,True,2026-08-08,02:05:00,Low
21,2026-08-08 02:05:00+10:00,3,3,6,True,2026-08-08,02:05:00,Low
43,2026-08-08 02:05:00+10:00,2,0,2,True,2026-08-08,02:05:00,Low
54,2026-08-08 02:05:00+10:00,1,0,1,True,2026-08-08,02:05:00,Low
131,2026-08-08 02:05:00+10:00,7,1,8,True,2026-08-08,02:05:00,Low
135,2026-08-08 02:05:00+10:00,1,2,3,True,2026-08-08,02:05:00,Low
167,2026-08-08 02:05:00+10:00,0,1,1,True,2026-08-08,02:05:00,Low
184,2026-08-08 02:05:00+10:00,2,10,12,True,2026-08-08,02:05:00,Low
209,2026-08-08 02:05:00+10:00,0,1,1,True,2026-08-08,02:05:00,Low
1,2026-08-08 02:05:00+10:00,2,0,2,True,2026-08-08,02:05:00,Low
2,2026-08-08 02:05:00+10:00,0,1,1,True,2026-08-08,02:05:00,Low
9,2026-08-08 02:05:00+10:00,0,2,2,True,2026-08-08,02:05:00,Low
19,2026-08-08 02:05:00+10:00,2,0,2,True,2026-08-08,02:05:00,Low
23,2026-08-08 02:05:00+10:00,1,1,2,True,2026-08-08,02:05:00,Low
27,2026-08-08 02:05:00+10:00,1,0,1,True,2026-08-08,02:05:00,Low
30,2026-08-08 02:05:00+10:00,16,18,34,True,2026-08-08,02:05:00,Low
48,2026-08-08 02:05:00+10:00,5,1,6,True,2026-08-08,02:05:00,Low
56,2026-08-08 02:05:00+10:00,3,1,4,True,2026-08-08,02:05:00,Low
58,2026-08-08 02:05:00+10:00,5,4,9,True,2026-08-08,02:05:00,Low
109,2026-08-08 02:05:00+10:00,0,3,3,True,2026-08-08,02:05:00,Low
142,2026-08-08 02:05:00+10:00,1,1,2,True,2026-08-08,02:05:00,Low
3,2026-08-08 02:04:00+10:00,5,3,8,True,2026-08-08,02:04:00,Low
39,2026-08-08 02:04:00+10:00,1,0,1,True,2026-08-08,02:04:00,Low
41,2026-08-08 02:04:00+10:00,7,2,9,True,2026-08-08,02:04:00,Low
61,2026-08-08 02:04:00+10:00,11,1,12,True,2026-08-08,02:04:00,Low
181,2026-08-08 02:04:00+10:00,4,3,7,True,2026-08-08,02:04:00,Low
209,2026-08-08 02:04:00+10:00,1,0,1,True,2026-08-08,02:04:00,Low
9,2026-08-08 02:04:00+10:00,1,1,2,True,2026-08-08,02:04:00,Low
24,2026-08-08 02:04:00+10:00,1,2,3,True,2026-08-08,02:04:00,Low
63,2026-08-08 02:04:00+10:00,4,0,4,True,2026-08-08,02:04:00,Low
2,2026-08-08 02:04:00+10:00,0,4,4,True,2026-08-08,02:04:00,Low
20,2026-08-08 02:04:00+10:00,2,1,3,True,2026-08-08,02:04:00,Low
51,2026-08-08 02:04:00+10:00,1,0,1,True,2026-08-08,02:04:00,Low
36,2026-08-08 02:04:00+10:00,1,2,3,True,2026-08-08,02:04:00,Low
6,2026-08-08 02:04:00+10:00,3,0,3,True,2026-08-08,02:04:00,Low
1,2026-08-08 02:04:00+10:00,1,5,6,True,2026-08-08,02:04:00,Low
19,2026-08-08 02:04:00+10:00,0,1,1,True,2026-08-08,02:04:00,Low
35,2026-08-08 02:04:00+10:00,2,1,3,True,2026-08-08,02:04:00,Low
79,2026-08-08 02:04:00+10:00,1,1,2,True,2026-08-08,02:04:00,Low
4,2026-08-08 02:03:00+10:00,1,2,3,True,2026-08-08,02:03:00,Low
61,2026-08-08 02:03:00+10:00,0,1,1,True,2026-08-08,02:03:00,Low
181,2026-08-08 02:03:00+10:00,3,0,3,True,2026-08-08,02:03:00,Low
209,2026-08-08 02:03:00+10:00,0,1,1,True,2026-08-08,02:03:00,Low
20,2026-08-08 02:03:00+10:00,1,8,9,True,2026-08-08,02:03:00,Low
24,2026-08-08 02:03:00+10:00,0,1,1,True,2026-08-08,02:03:00,Low
63,2026-08-08 02:03:00+10:00,0,5,5,True,2026-08-08,02:03:00,Low
36,2026-08-08 02:03:00+10:00,5,8,13,True,2026-08-08,02:03:00,Low
39,2026-08-08 02:03:00+10:00,2,1,3,True,2026-08-08,02:03:00,Low
41,2026-08-08 02:03:00+10:00,5,8,13,True,2026-08-08,02:03:00,Low
3,2026-08-08 02:03:00+10:00,6,3,9,True,2026-08-08,02:03:00,Low
6,2026-08-08 02:03:00+10:00,1,0,1,True,2026-08-08,02:03:00,Low
1,2026-08-08 02:03:00+10:00,0,2,2,True,2026-08-08,02:03:00,Low
2,2026-08-08 02:03:00+10:00,0,2,2,True,2026-08-08,02:03:00,Low
10,2026-08-08 02:03:00+10:00,0,1,1,True,2026-08-08,02:03:00,Low
19,2026-08-08 02:03:00+10:00,4,2,6,True,2026-08-08,02:03:00,Low
53,2026-08-08 02:03:00+10:00,3,0,3,True,2026-08-08,02:03:00,Low
4,2026-08-08 02:02:00+10:00,7,6,13,True,2026-08-08,02:02:00,Low
29,2026-08-08 02:02:00+10:00,0,1,1,True,2026-08-08,02:02:00,Low
36,2026-08-08 02:02:00+10:00,5,1,6,True,2026-08-08,02:02:00,Low
209,2026-08-08 02:02:00+10:00,1,1,2,True,2026-08-08,02:02:00,Low
19,2026-08-08 02:02:00+10:00,0,5,5,True,2026-08-08,02:02:00,Low
63,2026-08-08 02:02:00+10:00,2,5,7,True,2026-08-08,02:02:00,Low
181,2026-08-08 02:02:00+10:00,1,0,1,True,2026-08-08,02:02:00,Low
9,2026-08-08 02:02:00+10:00,2,0,2,True,2026-08-08,02:02:00,Low
20,2026-08-08 02:02:00+10:00,0,5,5,True,2026-08-08,02:02:00,Low
35,2026-08-08 02:02:00+10:00,3,0,3,True,2026-08-08,02:02:00,Low
72,2026-08-08 02:02:00+10:00,0,1,1,True,2026-08-08,02:02:00,Low
41,2026-08-08 02:02:00+10:00,0,7,7,True,2026-08-08,02:02:00,Low
3,2026-08-08 02:02:00+10:00,0,8,8,True,2026-08-08,02:02:00,Low
62,2026-08-08 02:02:00+10:00,1,2,3,True,2026-08-08,02:02:00,Low
67,2026-08-08 02:02:00+10:00,1,0,1,True,2026-08-08,02:02:00,Low
6,2026-08-08 02:01:00+10:00,2,0,2,True,2026-08-08,02:01:00,Low
41,2026-08-08 02:01:00+10:00,1,7,8,True,2026-08-08,02:01:00,Low
181,2026-08-08 02:01:00+10:00,1,2,3,True,2026-08-08,02:01:00,Low
67,2026-08-08 02:01:00+10:00,0,3,3,True,2026-08-08,02:01:00,Low
11,2026-08-08 02:01:00+10:00,1,0,1,True,2026-08-08,02:01:00,Low
79,2026-08-08 02:01:00+10:00,1,2,3,True,2026-08-08,02:01:00,Low
4,2026-08-08 02:01:00+10:00,4,6,10,True,2026-08-08,02:01:00,Low
36,2026-08-08 02:01:00+10:00,0,3,3,True,2026-08-08,02:01:00,Low
61,2026-08-08 02:01:00+10:00,2,0,2,True,2026-08-08,02:01:00,Low
3,2026-08-08 02:01:00+10:00,7,7,14,True,2026-08-08,02:01:00,Low
19,2026-08-08 02:01:00+10:00,0,5,5,True,2026-08-08,02:01:00,Low
24,2026-08-08 02:01:00+10:00,1,2,3,True,2026-08-08,02:01:00,Low
35,2026-08-08 02:01:00+10:00,0,1,1,True,2026-08-08,02:01:00,Low
4,2026-08-08 02:00:00+10:00,9,2,11,True,2026-08-08,02:00:00,Low
45,2026-08-08 02:00:00+10:00,0,8,8,True,2026-08-08,02:00:00,Low
59,2026-08-08 02:00:00+10:00,28,2,30,True,2026-08-08,02:00:00,Low
71,2026-08-08 02:00:00+10:00,1,0,1,True,2026-08-08,02:00:00,Low
77,2026-08-08 02:00:00+10:00,2,0,2,True,2026-08-08,02:00:00,Low
107,2026-08-08 02:00:00+10:00,2,0,2,True,2026-08-08,02:00:00,Low
132,2026-08-08 02:00:00+10:00,4,1,5,True,2026-08-08,02:00:00,Low
162,2026-08-08 02:00:00+10:00,5,2,7,True,2026-08-08,02:00:00,Low
184,2026-08-08 02:00:00+10:00,2,3,5,True,2026-08-08,02:00:00,Low
185,2026-08-08 02:00:00+10:00,11,7,18,True,2026-08-08,02:00:00,Low
23,2026-08-08 02:00:00+10:00,0,2,2,True,2026-08-08,02:00:00,Low
24,2026-08-08 02:00:00+10:00,2,0,2,True,2026-08-08,02:00:00,Low
35,2026-08-08 02:00:00+10:00,7,0,7,True,2026-08-08,02:00:00,Low
53,2026-08-08 02:00:00+10:00,1,0,1,True,2026-08-08,02:00:00,Low
58,2026-08-08 02:00:00+10:00,0,2,2,True,2026-08-08,02:00:00,Low
67,2026-08-08 02:00:00+10:00,0,1,1,True,2026-08-08,02:00:00,Low
143,2026-08-08 02:00:00+10:00,7,1,8,True,2026-08-08,02:00:00,Low
167,2026-08-08 02:00:00+10:00,0,1,1,True,2026-08-08,02:00:00,Low
181,2026-08-08 02:00:00+10:00,1,4,5,True,2026-08-08,02:00:00,Low
2,2026-08-08 02:00:00+10:00,1,1,2,True,2026-08-08,02:00:00,Low
27,2026-08-08 02:00:00+10:00,3,1,4,True,2026-08-08,02:00:00,Low
49,2026-08-08 02:00:00+10:00,3,3,6,True,2026-08-08,02:00:00,Low
62,2026-08-08 02:00:00+10:00,1,0,1,True,2026-08-08,02:00:00,Low
79,2026-08-08 02:00:00+10:00,0,2,2,True,2026-08-08,02:00:00,Low
117,2026-08-08 02:00:00+10:00,1,0,1,True,2026-08-08,02:00:00,Low
141,2026-08-08 02:00:00+10:00,7,3,10,True,2026-08-08,02:00:00,Low
3,2026-08-08 02:00:00+10:00,13,4,17,True,2026-08-08,02:00:00,Low
5,2026-08-08 02:00:00+10:00,0,2,2,True,2026-08-08,02:00:00,Low
29,2026-08-08 02:00:00+10:00,2,0,2,True,2026-08-08,02:00:00,Low
41,2026-08-08 02:00:00+10:00,2,2,4,True,2026-08-08,02:00:00,Low
54,2026-08-08 02:00:00+10:00,1,1,2,True,2026-08-08,02:00:00,Low
66,2026-08-08 02:00:00+10:00,0,4,4,True,2026-08-08,02:00:00,Low
131,2026-08-08 02:00:00+10:00,14,6,20,True,2026-08-08,02:00:00,Low
21,2026-08-08 02:00:00+10:00,4,11,15,True,2026-08-08,02:00:00,Low
36,2026-08-08 02:00:00+10:00,0,1,1,True,2026-08-08,02:00:00,Low
39,2026-08-08 02:00:00+10:00,1,0,1,True,2026-08-08,02:00:00,Low
47,2026-08-08 02:00:00+10:00,4,11,15,True,2026-08-08,02:00:00,Low
84,2026-08-08 02:00:00+10:00,6,5,11,True,2026-08-08,02:00:00,Low
134,2026-08-08 02:00:00+10:00,3,5,8,True,2026-08-08,02:00:00,Low
135,2026-08-08 02:00:00+10:00,3,11,14,True,2026-08-08,02:00:00,Low
179,2026-08-08 02:00:00+10:00,1,0,1,True,2026-08-08,02:00:00,Low
182,2026-08-08 02:00:00+10:00,5,5,10,True,2026-08-08,02:00:00,Low
209,2026-08-08 02:00:00+10:00,2,1,3,True,2026-08-08,02:00:00,Low
30,2026-08-08 02:00:00+10:00,19,6,25,True,2026-08-08,02:00:00,Low
48,2026-08-08 02:00:00+10:00,1,5,6,True,2026-08-08,02:00:00,Low
109,2026-08-08 02:00:00+10:00,5,0,5,True,2026-08-08,02:00:00,Low
161,2026-08-08 02:00:00+10:00,1,0,1,True,2026-08-08,02:00:00,Low
79,2026-08-08 01:59:00+10:00,1,0,1,True,2026-08-08,01:59:00,Low
181,2026-08-08 01:59:00+10:00,1,2,3,True,2026-08-08,01:59:00,Low
19,2026-08-08 01:59:00+10:00,2,2,4,True,2026-08-08,01:59:00,Low
56,2026-08-08 01:59:00+10:00,1,0,1,True,2026-08-08,01:59:00,Low
62,2026-08-08 01:59:00+10:00,0,1,1,True,2026-08-08,01:59:00,Low
63,2026-08-08 01:59:00+10:00,0,1,1,True,2026-08-08,01:59:00,Low
4,2026-08-08 01:59:00+10:00,2,7,9,True,2026-08-08,01:59:00,Low
36,2026-08-08 01:59:00+10:00,1,1,2,True,2026-08-08,01:59:00,Low
41,2026-08-08 01:59:00+10:00,9,1,10,True,2026-08-08,01:59:00,Low
6,2026-08-08 01:59:00+10:00,0,4,4,True,2026-08-08,01:59:00,Low
66,2026-08-08 01:59:00+10:00,13,1,14,True,2026-08-08,01:59:00,Low
41,2026-08-08 01:58:00+10:00,5,1,6,True,2026-08-08,01:58:00,Low
2,2026-08-08 01:58:00+10:00,0,1,1,True,2026-08-08,01:58:00,Low
20,2026-08-08 01:58:00+10:00,0,4,4,True,2026-08-08,01:58:00,Low
24,2026-08-08 01:58:00+10:00,0,1,1,True,2026-08-08,01:58:00,Low
62,2026-08-08 01:58:00+10:00,3,0,3,True,2026-08-08,01:58:00,Low
187,2026-08-08 01:58:00+10:00,1,0,1,True,2026-08-08,01:58:00,Low
18,2026-08-08 01:58:00+10:00,0,1,1,True,2026-08-08,01:58:00,Low
53,2026-08-08 01:58:00+10:00,1,0,1,True,2026-08-08,01:58:00,Low
56,2026-08-08 01:58:00+10:00,1,1,2,True,2026-08-08,01:58:00,Low
63,2026-08-08 01:58:00+10:00,0,1,1,True,2026-08-08,01:58:00,Low
4,2026-08-08 01:58:00+10:00,1,4,5,True,2026-08-08,01:58:00,Low
66,2026-08-08 01:58:00+10:00,10,9,19,True,2026-08-08,01:58:00,Low
29,2026-08-08 01:58:00+10:00,0,4,4,True,2026-08-08,01:58:00,Low
36,2026-08-08 01:58:00+10:00,0,3,3,True,2026-08-08,01:58:00,Low
181,2026-08-08 01:58:00+10:00,0,2,2,True,2026-08-08,01:58:00,Low
19,2026-08-08 01:58:00+10:00,4,5,9,True,2026-08-08,01:58:00,Low
52,2026-08-08 01:58:00+10:00,1,0,1,True,2026-08-08,01:58:00,Low
79,2026-08-08 01:58:00+10:00,2,1,3,True,2026-08-08,01:58:00,Low
209,2026-08-08 01:57:00+10:00,2,0,2,True,2026-08-08,01:57:00,Low
19,2026-08-08 01:57:00+10:00,1,5,6,True,2026-08-08,01:57:00,Low
24,2026-08-08 01:57:00+10:00,0,1,1,True,2026-08-08,01:57:00,Low
56,2026-08-08 01:57:00+10:00,0,2,2,True,2026-08-08,01:57:00,Low
63,2026-08-08 01:57:00+10:00,1,0,1,True,2026-08-08,01:57:00,Low
68,2026-08-08 01:57:00+10:00,1,1,2,True,2026-08-08,01:57:00,Low
181,2026-08-08 01:57:00+10:00,12,0,12,True,2026-08-08,01:57:00,Low
52,2026-08-08 01:57:00+10:00,0,2,2,True,2026-08-08,01:57:00,Low
62,2026-08-08 01:57:00+10:00,1,2,3,True,2026-08-08,01:57:00,Low
79,2026-08-08 01:57:00+10:00,3,4,7,True,2026-08-08,01:57:00,Low
4,2026-08-08 01:57:00+10:00,1,4,5,True,2026-08-08,01:57:00,Low
6,2026-08-08 01:57:00+10:00,1,0,1,True,2026-08-08,01:57:00,Low
36,2026-08-08 01:57:00+10:00,0,2,2,True,2026-08-08,01:57:00,Low
41,2026-08-08 01:57:00+10:00,7,1,8,True,2026-08-08,01:57:00,Low
66,2026-08-08 01:57:00+10:00,3,1,4,True,2026-08-08,01:57:00,Low
3,2026-08-08 01:57:00+10:00,7,3,10,True,2026-08-08,01:57:00,Low
20,2026-08-08 01:57:00+10:00,0,1,1,True,2026-08-08,01:57:00,Low
41,2026-08-08 01:56:00+10:00,10,2,12,True,2026-08-08,01:56:00,Low
19,2026-08-08 01:56:00+10:00,0,2,2,True,2026-08-08,01:56:00,Low
20,2026-08-08 01:56:00+10:00,4,5,9,True,2026-08-08,01:56:00,Low
67,2026-08-08 01:56:00+10:00,3,1,4,True,2026-08-08,01:56:00,Low
79,2026-08-08 01:56:00+10:00,1,0,1,True,2026-08-08,01:56:00,Low
51,2026-08-08 01:56:00+10:00,0,1,1,True,2026-08-08,01:56:00,Low
52,2026-08-08 01:56:00+10:00,0,2,2,True,2026-08-08,01:56:00,Low
56,2026-08-08 01:56:00+10:00,0,1,1,True,2026-08-08,01:56:00,Low
36,2026-08-08 01:56:00+10:00,3,2,5,True,2026-08-08,01:56:00,Low
61,2026-08-08 01:56:00+10:00,2,0,2,True,2026-08-08,01:56:00,Low
66,2026-08-08 01:56:00+10:00,1,1,2,True,2026-08-08,01:56:00,Low
3,2026-08-08 01:56:00+10:00,4,10,14,True,2026-08-08,01:56:00,Low
14,2026-08-08 01:56:00+10:00,1,0,1,True,2026-08-08,01:56:00,Low
1,2026-08-08 01:56:00+10:00,1,2,3,True,2026-08-08,01:56:00,Low
62,2026-08-08 01:56:00+10:00,1,0,1,True,2026-08-08,01:56:00,Low
63,2026-08-08 01:56:00+10:00,3,7,10,True,2026-08-08,01:56:00,Low
4,2026-08-08 01:55:00+10:00,0,2,2,True,2026-08-08,01:55:00,Low
5,2026-08-08 01:55:00+10:00,0,2,2,True,2026-08-08,01:55:00,Low
31,2026-08-08 01:55:00+10:00,0,2,2,True,2026-08-08,01:55:00,Low
47,2026-08-08 01:55:00+10:00,1,3,4,True,2026-08-08,01:55:00,Low
54,2026-08-08 01:55:00+10:00,2,4,6,True,2026-08-08,01:55:00,Low
66,2026-08-08 01:55:00+10:00,0,2,2,True,2026-08-08,01:55:00,Low
77,2026-08-08 01:55:00+10:00,0,3,3,True,2026-08-08,01:55:00,Low
107,2026-08-08 01:55:00+10:00,6,1,7,True,2026-08-08,01:55:00,Low
135,2026-08-08 01:55:00+10:00,4,4,8,True,2026-08-08,01:55:00,Low
167,2026-08-08 01:55:00+10:00,0,1,1,True,2026-08-08,01:55:00,Low
179,2026-08-08 01:55:00+10:00,0,1,1,True,2026-08-08,01:55:00,Low
181,2026-08-08 01:55:00+10:00,0,4,4,True,2026-08-08,01:55:00,Low
185,2026-08-08 01:55:00+10:00,9,9,18,True,2026-08-08,01:55:00,Low
24,2026-08-08 01:55:00+10:00,3,2,5,True,2026-08-08,01:55:00,Low
30,2026-08-08 01:55:00+10:00,10,5,15,True,2026-08-08,01:55:00,Low
35,2026-08-08 01:55:00+10:00,2,0,2,True,2026-08-08,01:55:00,Low
62,2026-08-08 01:55:00+10:00,1,0,1,True,2026-08-08,01:55:00,Low
117,2026-08-08 01:55:00+10:00,2,1,3,True,2026-08-08,01:55:00,Low
141,2026-08-08 01:55:00+10:00,1,2,3,True,2026-08-08,01:55:00,Low
142,2026-08-08 01:55:00+10:00,2,0,2,True,2026-08-08,01:55:00,Low
187,2026-08-08 01:55:00+10:00,2,0,2,True,2026-08-08,01:55:00,Low
132,2026-08-08 01:55:00+10:00,3,1,4,True,2026-08-08,01:55:00,Low
133,2026-08-08 01:55:00+10:00,2,2,4,True,2026-08-08,01:55:00,Low
134,2026-08-08 01:55:00+10:00,2,1,3,True,2026-08-08,01:55:00,Low
143,2026-08-08 01:55:00+10:00,10,2,12,True,2026-08-08,01:55:00,Low
182,2026-08-08 01:55:00+10:00,10,9,19,True,2026-08-08,01:55:00,Low
184,2026-08-08 01:55:00+10:00,3,6,9,True,2026-08-08,01:55:00,Low
2,2026-08-08 01:55:00+10:00,0,1,1,True,2026-08-08,01:55:00,Low
20,2026-08-08 01:55:00+10:00,2,6,8,True,2026-08-08,01:55:00,Low
23,2026-08-08 01:55:00+10:00,1,6,7,True,2026-08-08,01:55:00,Low
25,2026-08-08 01:55:00+10:00,4,6,10,True,2026-08-08,01:55:00,Low
27,2026-08-08 01:55:00+10:00,0,2,2,True,2026-08-08,01:55:00,Low
49,2026-08-08 01:55:00+10:00,4,3,7,True,2026-08-08,01:55:00,Low
56,2026-08-08 01:55:00+10:00,0,2,2,True,2026-08-08,01:55:00,Low
136,2026-08-08 01:55:00+10:00,1,0,1,True,2026-08-08,01:55:00,Low
161,2026-08-08 01:55:00+10:00,0,2,2,True,2026-08-08,01:55:00,Low
42,2026-08-08 01:55:00+10:00,2,0,2,True,2026-08-08,01:55:00,Low
59,2026-08-08 01:55:00+10:00,3,10,13,True,2026-08-08,01:55:00,Low
71,2026-08-08 01:55:00+10:00,0,1,1,True,2026-08-08,01:55:00,Low
84,2026-08-08 01:55:00+10:00,4,14,18,True,2026-08-08,01:55:00,Low
131,2026-08-08 01:55:00+10:00,5,7,12,True,2026-08-08,01:55:00,Low
3,2026-08-08 01:55:00+10:00,2,4,6,True,2026-08-08,01:55:00,Low
21,2026-08-08 01:55:00+10:00,2,13,15,True,2026-08-08,01:55:00,Low
36,2026-08-08 01:55:00+10:00,1,7,8,True,2026-08-08,01:55:00,Low
37,2026-08-08 01:55:00+10:00,2,0,2,True,2026-08-08,01:55:00,Low
41,2026-08-08 01:55:00+10:00,2,13,15,True,2026-08-08,01:55:00,Low
45,2026-08-08 01:55:00+10:00,9,15,24,True,2026-08-08,01:55:00,Low
61,2026-08-08 01:55:00+10:00,0,1,1,True,2026-08-08,01:55:00,Low
162,2026-08-08 01:55:00+10:00,11,5,16,True,2026-08-08,01:55:00,Low
1,2026-08-08 01:55:00+10:00,0,1,1,True,2026-08-08,01:55:00,Low
19,2026-08-08 01:55:00+10:00,4,0,4,True,2026-08-08,01:55:00,Low
48,2026-08-08 01:55:00+10:00,1,1,2,True,2026-08-08,01:55:00,Low
58,2026-08-08 01:55:00+10:00,6,2,8,True,2026-08-08,01:55:00,Low
109,2026-08-08 01:55:00+10:00,0,1,1,True,2026-08-08,01:55:00,Low
164,2026-08-08 01:55:00+10:00,1,5,6,True,2026-08-08,01:55:00,Low
41,2026-08-08 01:54:00+10:00,3,1,4,True,2026-08-08,01:54:00,Low
181,2026-08-08 01:54:00+10:00,5,0,5,True,2026-08-08,01:54:00,Low
2,2026-08-08 01:54:00+10:00,0,4,4,True,2026-08-08,01:54:00,Low
24,2026-08-08 01:54:00+10:00,0,1,1,True,2026-08-08,01:54:00,Low
52,2026-08-08 01:54:00+10:00,0,2,2,True,2026-08-08,01:54:00,Low
62,2026-08-08 01:54:00+10:00,1,0,1,True,2026-08-08,01:54:00,Low
3,2026-08-08 01:54:00+10:00,3,6,9,True,2026-08-08,01:54:00,Low
4,2026-08-08 01:54:00+10:00,0,3,3,True,2026-08-08,01:54:00,Low
66,2026-08-08 01:54:00+10:00,2,3,5,True,2026-08-08,01:54:00,Low
19,2026-08-08 01:54:00+10:00,3,1,4,True,2026-08-08,01:54:00,Low
20,2026-08-08 01:54:00+10:00,1,8,9,True,2026-08-08,01:54:00,Low
67,2026-08-08 01:54:00+10:00,2,0,2,True,2026-08-08,01:54:00,Low
36,2026-08-08 01:54:00+10:00,0,5,5,True,2026-08-08,01:54:00,Low
61,2026-08-08 01:54:00+10:00,0,1,1,True,2026-08-08,01:54:00,Low
71,2026-08-08 01:54:00+10:00,1,0,1,True,2026-08-08,01:54:00,Low
1,2026-08-08 01:54:00+10:00,0,2,2,True,2026-08-08,01:54:00,Low
17,2026-08-08 01:54:00+10:00,4,0,4,True,2026-08-08,01:54:00,Low
79,2026-08-08 01:54:00+10:00,1,0,1,True,2026-08-08,01:54:00,Low
3,2026-08-08 01:53:00+10:00,14,7,21,True,2026-08-08,01:53:00,Low
4,2026-08-08 01:53:00+10:00,0,2,2,True,2026-08-08,01:53:00,Low
31,2026-08-08 01:53:00+10:00,2,0,2,True,2026-08-08,01:53:00,Low
41,2026-08-08 01:53:00+10:00,1,13,14,True,2026-08-08,01:53:00,Low
9,2026-08-08 01:53:00+10:00,1,0,1,True,2026-08-08,01:53:00,Low
24,2026-08-08 01:53:00+10:00,1,2,3,True,2026-08-08,01:53:00,Low
56,2026-08-08 01:53:00+10:00,0,2,2,True,2026-08-08,01:53:00,Low
63,2026-08-08 01:53:00+10:00,3,4,7,True,2026-08-08,01:53:00,Low
72,2026-08-08 01:53:00+10:00,0,1,1,True,2026-08-08,01:53:00,Low
79,2026-08-08 01:53:00+10:00,0,2,2,True,2026-08-08,01:53:00,Low
181,2026-08-08 01:53:00+10:00,0,2,2,True,2026-08-08,01:53:00,Low
209,2026-08-08 01:53:00+10:00,1,0,1,True,2026-08-08,01:53:00,Low
20,2026-08-08 01:53:00+10:00,2,6,8,True,2026-08-08,01:53:00,Low
62,2026-08-08 01:53:00+10:00,3,0,3,True,2026-08-08,01:53:00,Low
6,2026-08-08 01:53:00+10:00,1,0,1,True,2026-08-08,01:53:00,Low
36,2026-08-08 01:53:00+10:00,3,8,11,True,2026-08-08,01:53:00,Low
66,2026-08-08 01:53:00+10:00,3,0,3,True,2026-08-08,01:53:00,Low
19,2026-08-08 01:53:00+10:00,0,1,1,True,2026-08-08,01:53:00,Low
36,2026-08-08 01:52:00+10:00,4,1,5,True,2026-08-08,01:52:00,Low
41,2026-08-08 01:52:00+10:00,0,4,4,True,2026-08-08,01:52:00,Low
61,2026-08-08 01:52:00+10:00,0,1,1,True,2026-08-08,01:52:00,Low
1,2026-08-08 01:52:00+10:00,0,1,1,True,2026-08-08,01:52:00,Low
24,2026-08-08 01:52:00+10:00,0,1,1,True,2026-08-08,01:52:00,Low
52,2026-08-08 01:52:00+10:00,0,3,3,True,2026-08-08,01:52:00,Low
67,2026-08-08 01:52:00+10:00,1,0,1,True,2026-08-08,01:52:00,Low
79,2026-08-08 01:52:00+10:00,0,1,1,True,2026-08-08,01:52:00,Low
187,2026-08-08 01:52:00+10:00,1,0,1,True,2026-08-08,01:52:00,Low
3,2026-08-08 01:52:00+10:00,0,3,3,True,2026-08-08,01:52:00,Low
4,2026-08-08 01:52:00+10:00,5,0,5,True,2026-08-08,01:52:00,Low
209,2026-08-08 01:52:00+10:00,0,1,1,True,2026-08-08,01:52:00,Low
2,2026-08-08 01:52:00+10:00,0,1,1,True,2026-08-08,01:52:00,Low
35,2026-08-08 01:52:00+10:00,1,1,2,True,2026-08-08,01:52:00,Low
53,2026-08-08 01:52:00+10:00,0,1,1,True,2026-08-08,01:52:00,Low
40,2026-08-08 01:52:00+10:00,1,0,1,True,2026-08-08,01:52:00,Low
66,2026-08-08 01:52:00+10:00,0,2,2,True,2026-08-08,01:52:00,Low
19,2026-08-08 01:52:00+10:00,3,0,3,True,2026-08-08,01:52:00,Low
56,2026-08-08 01:52:00+10:00,8,0,8,True,2026-08-08,01:52:00,Low
62,2026-08-08 01:52:00+10:00,4,0,4,True,2026-08-08,01:52:00,Low
63,2026-08-08 01:52:00+10:00,0,9,9,True,2026-08-08,01:52:00,Low
4,2026-08-08 01:51:00+10:00,0,6,6,True,2026-08-08,01:51:00,Low
36,2026-08-08 01:51:00+10:00,4,1,5,True,2026-08-08,01:51:00,Low
61,2026-08-08 01:51:00+10:00,1,2,3,True,2026-08-08,01:51:00,Low
209,2026-08-08 01:51:00+10:00,0,1,1,True,2026-08-08,01:51:00,Low
62,2026-08-08 01:51:00+10:00,0,2,2,True,2026-08-08,01:51:00,Low
3,2026-08-08 01:51:00+10:00,1,1,2,True,2026-08-08,01:51:00,Low
40,2026-08-08 01:51:00+10:00,1,1,2,True,2026-08-08,01:51:00,Low
41,2026-08-08 01:51:00+10:00,0,2,2,True,2026-08-08,01:51:00,Low
181,2026-08-08 01:51:00+10:00,6,1,7,True,2026-08-08,01:51:00,Low
35,2026-08-08 01:51:00+10:00,0,2,2,True,2026-08-08,01:51:00,Low
52,2026-08-08 01:51:00+10:00,0,1,1,True,2026-08-08,01:51:00,Low
63,2026-08-08 01:51:00+10:00,3,3,6,True,2026-08-08,01:51:00,Low
66,2026-08-08 01:51:00+10:00,2,1,3,True,2026-08-08,01:51:00,Low
20,2026-08-08 01:51:00+10:00,3,6,9,True,2026-08-08,01:51:00,Low
53,2026-08-08 01:51:00+10:00,0,1,1,True,2026-08-08,01:51:00,Low
6,2026-08-08 01:50:00+10:00,1,0,1,True,2026-08-08,01:50:00,Low
44,2026-08-08 01:50:00+10:00,3,0,3,True,2026-08-08,01:50:00,Low
45,2026-08-08 01:50:00+10:00,3,7,10,True,2026-08-08,01:50:00,Low
84,2026-08-08 01:50:00+10:00,2,15,17,True,2026-08-08,01:50:00,Low
162,2026-08-08 01:50:00+10:00,3,3,6,True,2026-08-08,01:50:00,Low
166,2026-08-08 01:50:00+10:00,1,0,1,True,2026-08-08,01:50:00,Low
182,2026-08-08 01:50:00+10:00,10,6,16,True,2026-08-08,01:50:00,Low
10,2026-08-08 01:50:00+10:00,0,1,1,True,2026-08-08,01:50:00,Low
17,2026-08-08 01:50:00+10:00,0,1,1,True,2026-08-08,01:50:00,Low
23,2026-08-08 01:50:00+10:00,1,1,2,True,2026-08-08,01:50:00,Low
30,2026-08-08 01:50:00+10:00,5,15,20,True,2026-08-08,01:50:00,Low
48,2026-08-08 01:50:00+10:00,1,1,2,True,2026-08-08,01:50:00,Low
56,2026-08-08 01:50:00+10:00,4,0,4,True,2026-08-08,01:50:00,Low
58,2026-08-08 01:50:00+10:00,4,4,8,True,2026-08-08,01:50:00,Low
67,2026-08-08 01:50:00+10:00,0,2,2,True,2026-08-08,01:50:00,Low
142,2026-08-08 01:50:00+10:00,1,1,2,True,2026-08-08,01:50:00,Low
21,2026-08-08 01:50:00+10:00,9,10,19,True,2026-08-08,01:50:00,Low
36,2026-08-08 01:50:00+10:00,2,0,2,True,2026-08-08,01:50:00,Low
41,2026-08-08 01:50:00+10:00,7,2,9,True,2026-08-08,01:50:00,Low
43,2026-08-08 01:50:00+10:00,3,0,3,True,2026-08-08,01:50:00,Low
59,2026-08-08 01:50:00+10:00,13,19,32,True,2026-08-08,01:50:00,Low
71,2026-08-08 01:50:00+10:00,1,2,3,True,2026-08-08,01:50:00,Low
131,2026-08-08 01:50:00+10:00,6,13,19,True,2026-08-08,01:50:00,Low
132,2026-08-08 01:50:00+10:00,1,1,2,True,2026-08-08,01:50:00,Low
133,2026-08-08 01:50:00+10:00,1,6,7,True,2026-08-08,01:50:00,Low
165,2026-08-08 01:50:00+10:00,1,0,1,True,2026-08-08,01:50:00,Low
179,2026-08-08 01:50:00+10:00,1,0,1,True,2026-08-08,01:50:00,Low
9,2026-08-08 01:50:00+10:00,0,1,1,True,2026-08-08,01:50:00,Low
19,2026-08-08 01:50:00+10:00,0,12,12,True,2026-08-08,01:50:00,Low
25,2026-08-08 01:50:00+10:00,6,6,12,True,2026-08-08,01:50:00,Low
49,2026-08-08 01:50:00+10:00,3,4,7,True,2026-08-08,01:50:00,Low
52,2026-08-08 01:50:00+10:00,1,0,1,True,2026-08-08,01:50:00,Low
62,2026-08-08 01:50:00+10:00,0,2,2,True,2026-08-08,01:50:00,Low
63,2026-08-08 01:50:00+10:00,2,6,8,True,2026-08-08,01:50:00,Low
79,2026-08-08 01:50:00+10:00,1,4,5,True,2026-08-08,01:50:00,Low
3,2026-08-08 01:50:00+10:00,1,2,3,True,2026-08-08,01:50:00,Low
4,2026-08-08 01:50:00+10:00,1,10,11,True,2026-08-08,01:50:00,Low
5,2026-08-08 01:50:00+10:00,2,2,4,True,2026-08-08,01:50:00,Low
47,2026-08-08 01:50:00+10:00,2,24,26,True,2026-08-08,01:50:00,Low
66,2026-08-08 01:50:00+10:00,0,1,1,True,2026-08-08,01:50:00,Low
107,2026-08-08 01:50:00+10:00,3,1,4,True,2026-08-08,01:50:00,Low
134,2026-08-08 01:50:00+10:00,6,3,9,True,2026-08-08,01:50:00,Low
135,2026-08-08 01:50:00+10:00,3,5,8,True,2026-08-08,01:50:00,Low
143,2026-08-08 01:50:00+10:00,1,7,8,True,2026-08-08,01:50:00,Low
181,2026-08-08 01:50:00+10:00,4,0,4,True,2026-08-08,01:50:00,Low
184,2026-08-08 01:50:00+10:00,3,10,13,True,2026-08-08,01:50:00,Low
185,2026-08-08 01:50:00+10:00,3,3,6,True,2026-08-08,01:50:00,Low
1,2026-08-08 01:50:00+10:00,1,0,1,True,2026-08-08,01:50:00,Low
24,2026-08-08 01:50:00+10:00,0,2,2,True,2026-08-08,01:50:00,Low
109,2026-08-08 01:50:00+10:00,3,1,4,True,2026-08-08,01:50:00,Low
141,2026-08-08 01:50:00+10:00,10,0,10,True,2026-08-08,01:50:00,Low
4,2026-08-08 01:49:00+10:00,2,1,3,True,2026-08-08,01:49:00,Low
36,2026-08-08 01:49:00+10:00,1,8,9,True,2026-08-08,01:49:00,Low
69,2026-08-08 01:49:00+10:00,1,0,1,True,2026-08-08,01:49:00,Low
1,2026-08-08 01:49:00+10:00,16,0,16,True,2026-08-08,01:49:00,Low
24,2026-08-08 01:49:00+10:00,3,0,3,True,2026-08-08,01:49:00,Low
35,2026-08-08 01:49:00+10:00,0,1,1,True,2026-08-08,01:49:00,Low
56,2026-08-08 01:49:00+10:00,2,0,2,True,2026-08-08,01:49:00,Low
62,2026-08-08 01:49:00+10:00,1,1,2,True,2026-08-08,01:49:00,Low
63,2026-08-08 01:49:00+10:00,0,1,1,True,2026-08-08,01:49:00,Low
79,2026-08-08 01:49:00+10:00,0,2,2,True,2026-08-08,01:49:00,Low
3,2026-08-08 01:49:00+10:00,8,2,10,True,2026-08-08,01:49:00,Low
181,2026-08-08 01:49:00+10:00,0,1,1,True,2026-08-08,01:49:00,Low
19,2026-08-08 01:49:00+10:00,2,2,4,True,2026-08-08,01:49:00,Low
20,2026-08-08 01:49:00+10:00,1,0,1,True,2026-08-08,01:49:00,Low
41,2026-08-08 01:49:00+10:00,13,9,22,True,2026-08-08,01:49:00,Low
67,2026-08-08 01:49:00+10:00,0,1,1,True,2026-08-08,01:49:00,Low
3,2026-08-08 01:48:00+10:00,6,1,7,True,2026-08-08,01:48:00,Low
36,2026-08-08 01:48:00+10:00,11,1,12,True,2026-08-08,01:48:00,Low
41,2026-08-08 01:48:00+10:00,4,3,7,True,2026-08-08,01:48:00,Low
20,2026-08-08 01:48:00+10:00,0,7,7,True,2026-08-08,01:48:00,Low
4,2026-08-08 01:48:00+10:00,0,2,2,True,2026-08-08,01:48:00,Low
42,2026-08-08 01:48:00+10:00,3,0,3,True,2026-08-08,01:48:00,Low
181,2026-08-08 01:48:00+10:00,3,10,13,True,2026-08-08,01:48:00,Low
79,2026-08-08 01:48:00+10:00,11,0,11,True,2026-08-08,01:48:00,Low
66,2026-08-08 01:48:00+10:00,1,4,5,True,2026-08-08,01:48:00,Low
69,2026-08-08 01:48:00+10:00,0,1,1,True,2026-08-08,01:48:00,Low
209,2026-08-08 01:48:00+10:00,3,2,5,True,2026-08-08,01:48:00,Low
1,2026-08-08 01:48:00+10:00,2,0,2,True,2026-08-08,01:48:00,Low
19,2026-08-08 01:48:00+10:00,7,5,12,True,2026-08-08,01:48:00,Low
35,2026-08-08 01:48:00+10:00,2,1,3,True,2026-08-08,01:48:00,Low
56,2026-08-08 01:48:00+10:00,3,0,3,True,2026-08-08,01:48:00,Low
63,2026-08-08 01:48:00+10:00,0,4,4,True,2026-08-08,01:48:00,Low
4,2026-08-08 01:47:00+10:00,1,6,7,True,2026-08-08,01:47:00,Low
41,2026-08-08 01:47:00+10:00,6,10,16,True,2026-08-08,01:47:00,Low
20,2026-08-08 01:47:00+10:00,2,0,2,True,2026-08-08,01:47:00,Low
63,2026-08-08 01:47:00+10:00,5,1,6,True,2026-08-08,01:47:00,Low
67,2026-08-08 01:47:00+10:00,1,0,1,True,2026-08-08,01:47:00,Low
187,2026-08-08 01:47:00+10:00,2,0,2,True,2026-08-08,01:47:00,Low
61,2026-08-08 01:47:00+10:00,0,2,2,True,2026-08-08,01:47:00,Low
24,2026-08-08 01:47:00+10:00,0,1,1,True,2026-08-08,01:47:00,Low
56,2026-08-08 01:47:00+10:00,4,0,4,True,2026-08-08,01:47:00,Low
3,2026-08-08 01:47:00+10:00,4,4,8,True,2026-08-08,01:47:00,Low
36,2026-08-08 01:47:00+10:00,1,8,9,True,2026-08-08,01:47:00,Low
66,2026-08-08 01:47:00+10:00,0,3,3,True,2026-08-08,01:47:00,Low
181,2026-08-08 01:47:00+10:00,7,2,9,True,2026-08-08,01:47:00,Low
209,2026-08-08 01:47:00+10:00,0,1,1,True,2026-08-08,01:47:00,Low
19,2026-08-08 01:47:00+10:00,3,9,12,True,2026-08-08,01:47:00,Low
53,2026-08-08 01:47:00+10:00,1,0,1,True,2026-08-08,01:47:00,Low
79,2026-08-08 01:47:00+10:00,0,4,4,True,2026-08-08,01:47:00,Low
3,2026-08-08 01:46:00+10:00,12,3,15,True,2026-08-08,01:46:00,Low
62,2026-08-08 01:46:00+10:00,1,0,1,True,2026-08-08,01:46:00,Low
63,2026-08-08 01:46:00+10:00,1,2,3,True,2026-08-08,01:46:00,Low
79,2026-08-08 01:46:00+10:00,1,0,1,True,2026-08-08,01:46:00,Low
36,2026-08-08 01:46:00+10:00,0,2,2,True,2026-08-08,01:46:00,Low
41,2026-08-08 01:46:00+10:00,0,5,5,True,2026-08-08,01:46:00,Low
19,2026-08-08 01:46:00+10:00,1,0,1,True,2026-08-08,01:46:00,Low
20,2026-08-08 01:46:00+10:00,3,2,5,True,2026-08-08,01:46:00,Low
24,2026-08-08 01:46:00+10:00,0,1,1,True,2026-08-08,01:46:00,Low
52,2026-08-08 01:46:00+10:00,1,0,1,True,2026-08-08,01:46:00,Low
53,2026-08-08 01:46:00+10:00,0,2,2,True,2026-08-08,01:46:00,Low
4,2026-08-08 01:46:00+10:00,0,3,3,True,2026-08-08,01:46:00,Low
6,2026-08-08 01:46:00+10:00,1,0,1,True,2026-08-08,01:46:00,Low
181,2026-08-08 01:46:00+10:00,0,1,1,True,2026-08-08,01:46:00,Low
1,2026-08-08 01:46:00+10:00,2,0,2,True,2026-08-08,01:46:00,Low
67,2026-08-08 01:46:00+10:00,1,0,1,True,2026-08-08,01:46:00,Low
5,2026-08-08 01:45:00+10:00,3,3,6,True,2026-08-08,01:45:00,Low
21,2026-08-08 01:45:00+10:00,6,12,18,True,2026-08-08,01:45:00,Low
54,2026-08-08 01:45:00+10:00,2,0,2,True,2026-08-08,01:45:00,Low
66,2026-08-08 01:45:00+10:00,0,8,8,True,2026-08-08,01:45:00,Low
143,2026-08-08 01:45:00+10:00,7,7,14,True,2026-08-08,01:45:00,Low
181,2026-08-08 01:45:00+10:00,2,5,7,True,2026-08-08,01:45:00,Low
184,2026-08-08 01:45:00+10:00,5,11,16,True,2026-08-08,01:45:00,Low
185,2026-08-08 01:45:00+10:00,6,3,9,True,2026-08-08,01:45:00,Low
2,2026-08-08 01:45:00+10:00,0,1,1,True,2026-08-08,01:45:00,Low
19,2026-08-08 01:45:00+10:00,0,2,2,True,2026-08-08,01:45:00,Low
58,2026-08-08 01:45:00+10:00,8,5,13,True,2026-08-08,01:45:00,Low
62,2026-08-08 01:45:00+10:00,1,0,1,True,2026-08-08,01:45:00,Low
68,2026-08-08 01:45:00+10:00,1,0,1,True,2026-08-08,01:45:00,Low
3,2026-08-08 01:45:00+10:00,5,4,9,True,2026-08-08,01:45:00,Low
47,2026-08-08 01:45:00+10:00,9,7,16,True,2026-08-08,01:45:00,Low
61,2026-08-08 01:45:00+10:00,1,0,1,True,2026-08-08,01:45:00,Low
162,2026-08-08 01:45:00+10:00,7,2,9,True,2026-08-08,01:45:00,Low
179,2026-08-08 01:45:00+10:00,1,2,3,True,2026-08-08,01:45:00,Low
24,2026-08-08 01:45:00+10:00,0,2,2,True,2026-08-08,01:45:00,Low
27,2026-08-08 01:45:00+10:00,1,0,1,True,2026-08-08,01:45:00,Low
35,2026-08-08 01:45:00+10:00,1,1,2,True,2026-08-08,01:45:00,Low
63,2026-08-08 01:45:00+10:00,12,0,12,True,2026-08-08,01:45:00,Low
6,2026-08-08 01:45:00+10:00,3,1,4,True,2026-08-08,01:45:00,Low
36,2026-08-08 01:45:00+10:00,1,3,4,True,2026-08-08,01:45:00,Low
41,2026-08-08 01:45:00+10:00,0,1,1,True,2026-08-08,01:45:00,Low
44,2026-08-08 01:45:00+10:00,1,0,1,True,2026-08-08,01:45:00,Low
45,2026-08-08 01:45:00+10:00,0,27,27,True,2026-08-08,01:45:00,Low
59,2026-08-08 01:45:00+10:00,3,7,10,True,2026-08-08,01:45:00,Low
84,2026-08-08 01:45:00+10:00,6,4,10,True,2026-08-08,01:45:00,Low
107,2026-08-08 01:45:00+10:00,2,1,3,True,2026-08-08,01:45:00,Low
131,2026-08-08 01:45:00+10:00,15,20,35,True,2026-08-08,01:45:00,Low
132,2026-08-08 01:45:00+10:00,6,1,7,True,2026-08-08,01:45:00,Low
133,2026-08-08 01:45:00+10:00,1,1,2,True,2026-08-08,01:45:00,Low
134,2026-08-08 01:45:00+10:00,5,2,7,True,2026-08-08,01:45:00,Low
135,2026-08-08 01:45:00+10:00,12,3,15,True,2026-08-08,01:45:00,Low
182,2026-08-08 01:45:00+10:00,6,7,13,True,2026-08-08,01:45:00,Low
209,2026-08-08 01:45:00+10:00,0,3,3,True,2026-08-08,01:45:00,Low
20,2026-08-08 01:45:00+10:00,6,9,15,True,2026-08-08,01:45:00,Low
23,2026-08-08 01:45:00+10:00,0,2,2,True,2026-08-08,01:45:00,Low
30,2026-08-08 01:45:00+10:00,10,6,16,True,2026-08-08,01:45:00,Low
49,2026-08-08 01:45:00+10:00,1,4,5,True,2026-08-08,01:45:00,Low
51,2026-08-08 01:45:00+10:00,1,0,1,True,2026-08-08,01:45:00,Low
79,2026-08-08 01:45:00+10:00,0,1,1,True,2026-08-08,01:45:00,Low
109,2026-08-08 01:45:00+10:00,2,0,2,True,2026-08-08,01:45:00,Low
141,2026-08-08 01:45:00+10:00,7,5,12,True,2026-08-08,01:45:00,Low
36,2026-08-08 01:44:00+10:00,0,3,3,True,2026-08-08,01:44:00,Low
181,2026-08-08 01:44:00+10:00,0,2,2,True,2026-08-08,01:44:00,Low
2,2026-08-08 01:44:00+10:00,0,2,2,True,2026-08-08,01:44:00,Low
52,2026-08-08 01:44:00+10:00,3,0,3,True,2026-08-08,01:44:00,Low
4,2026-08-08 01:44:00+10:00,2,0,2,True,2026-08-08,01:44:00,Low
41,2026-08-08 01:44:00+10:00,2,2,4,True,2026-08-08,01:44:00,Low
66,2026-08-08 01:44:00+10:00,3,0,3,True,2026-08-08,01:44:00,Low
17,2026-08-08 01:44:00+10:00,1,1,2,True,2026-08-08,01:44:00,Low
20,2026-08-08 01:44:00+10:00,0,2,2,True,2026-08-08,01:44:00,Low
24,2026-08-08 01:44:00+10:00,0,1,1,True,2026-08-08,01:44:00,Low
56,2026-08-08 01:44:00+10:00,1,3,4,True,2026-08-08,01:44:00,Low
70,2026-08-08 01:44:00+10:00,0,2,2,True,2026-08-08,01:44:00,Low
209,2026-08-08 01:44:00+10:00,1,0,1,True,2026-08-08,01:44:00,Low
1,2026-08-08 01:44:00+10:00,2,5,7,True,2026-08-08,01:44:00,Low
19,2026-08-08 01:44:00+10:00,6,0,6,True,2026-08-08,01:44:00,Low
35,2026-08-08 01:44:00+10:00,0,1,1,True,2026-08-08,01:44:00,Low
63,2026-08-08 01:44:00+10:00,1,0,1,True,2026-08-08,01:44:00,Low
67,2026-08-08 01:44:00+10:00,2,0,2,True,2026-08-08,01:44:00,Low
79,2026-08-08 01:44:00+10:00,1,3,4,True,2026-08-08,01:44:00,Low
3,2026-08-08 01:43:00+10:00,1,6,7,True,2026-08-08,01:43:00,Low
31,2026-08-08 01:43:00+10:00,1,0,1,True,2026-08-08,01:43:00,Low
36,2026-08-08 01:43:00+10:00,0,3,3,True,2026-08-08,01:43:00,Low
181,2026-08-08 01:43:00+10:00,0,3,3,True,2026-08-08,01:43:00,Low
53,2026-08-08 01:43:00+10:00,2,0,2,True,2026-08-08,01:43:00,Low
209,2026-08-08 01:43:00+10:00,0,2,2,True,2026-08-08,01:43:00,Low
1,2026-08-08 01:43:00+10:00,2,0,2,True,2026-08-08,01:43:00,Low
19,2026-08-08 01:43:00+10:00,3,0,3,True,2026-08-08,01:43:00,Low
35,2026-08-08 01:43:00+10:00,0,3,3,True,2026-08-08,01:43:00,Low
52,2026-08-08 01:43:00+10:00,1,2,3,True,2026-08-08,01:43:00,Low
63,2026-08-08 01:43:00+10:00,2,5,7,True,2026-08-08,01:43:00,Low
67,2026-08-08 01:43:00+10:00,0,1,1,True,2026-08-08,01:43:00,Low
72,2026-08-08 01:43:00+10:00,0,2,2,True,2026-08-08,01:43:00,Low
4,2026-08-08 01:43:00+10:00,6,1,7,True,2026-08-08,01:43:00,Low
66,2026-08-08 01:43:00+10:00,0,1,1,True,2026-08-08,01:43:00,Low
20,2026-08-08 01:43:00+10:00,1,4,5,True,2026-08-08,01:43:00,Low
24,2026-08-08 01:43:00+10:00,2,0,2,True,2026-08-08,01:43:00,Low
56,2026-08-08 01:43:00+10:00,0,3,3,True,2026-08-08,01:43:00,Low
61,2026-08-08 01:42:00+10:00,0,1,1,True,2026-08-08,01:42:00,Low
66,2026-08-08 01:42:00+10:00,1,5,6,True,2026-08-08,01:42:00,Low
2,2026-08-08 01:42:00+10:00,3,0,3,True,2026-08-08,01:42:00,Low
24,2026-08-08 01:42:00+10:00,2,4,6,True,2026-08-08,01:42:00,Low
51,2026-08-08 01:42:00+10:00,1,0,1,True,2026-08-08,01:42:00,Low
53,2026-08-08 01:42:00+10:00,0,3,3,True,2026-08-08,01:42:00,Low
4,2026-08-08 01:42:00+10:00,5,4,9,True,2026-08-08,01:42:00,Low
36,2026-08-08 01:42:00+10:00,4,1,5,True,2026-08-08,01:42:00,Low
41,2026-08-08 01:42:00+10:00,4,4,8,True,2026-08-08,01:42:00,Low
209,2026-08-08 01:42:00+10:00,8,0,8,True,2026-08-08,01:42:00,Low
56,2026-08-08 01:42:00+10:00,1,0,1,True,2026-08-08,01:42:00,Low
67,2026-08-08 01:42:00+10:00,1,0,1,True,2026-08-08,01:42:00,Low
3,2026-08-08 01:42:00+10:00,5,6,11,True,2026-08-08,01:42:00,Low
6,2026-08-08 01:42:00+10:00,0,1,1,True,2026-08-08,01:42:00,Low
181,2026-08-08 01:42:00+10:00,8,1,9,True,2026-08-08,01:42:00,Low
20,2026-08-08 01:42:00+10:00,2,8,10,True,2026-08-08,01:42:00,Low
35,2026-08-08 01:42:00+10:00,3,0,3,True,2026-08-08,01:42:00,Low
63,2026-08-08 01:42:00+10:00,4,0,4,True,2026-08-08,01:42:00,Low
3,2026-08-08 01:41:00+10:00,6,5,11,True,2026-08-08,01:41:00,Low
41,2026-08-08 01:41:00+10:00,1,16,17,True,2026-08-08,01:41:00,Low
209,2026-08-08 01:41:00+10:00,0,3,3,True,2026-08-08,01:41:00,Low
19,2026-08-08 01:41:00+10:00,0,8,8,True,2026-08-08,01:41:00,Low
24,2026-08-08 01:41:00+10:00,0,1,1,True,2026-08-08,01:41:00,Low
52,2026-08-08 01:41:00+10:00,1,0,1,True,2026-08-08,01:41:00,Low
56,2026-08-08 01:41:00+10:00,2,0,2,True,2026-08-08,01:41:00,Low
62,2026-08-08 01:41:00+10:00,1,0,1,True,2026-08-08,01:41:00,Low
4,2026-08-08 01:41:00+10:00,3,0,3,True,2026-08-08,01:41:00,Low
1,2026-08-08 01:41:00+10:00,0,1,1,True,2026-08-08,01:41:00,Low
2,2026-08-08 01:41:00+10:00,2,0,2,True,2026-08-08,01:41:00,Low
9,2026-08-08 01:41:00+10:00,0,1,1,True,2026-08-08,01:41:00,Low
20,2026-08-08 01:41:00+10:00,3,5,8,True,2026-08-08,01:41:00,Low
36,2026-08-08 01:41:00+10:00,7,6,13,True,2026-08-08,01:41:00,Low
66,2026-08-08 01:41:00+10:00,0,1,1,True,2026-08-08,01:41:00,Low
69,2026-08-08 01:41:00+10:00,0,1,1,True,2026-08-08,01:41:00,Low
53,2026-08-08 01:41:00+10:00,2,0,2,True,2026-08-08,01:41:00,Low
79,2026-08-08 01:41:00+10:00,1,3,4,True,2026-08-08,01:41:00,Low
3,2026-08-08 01:40:00+10:00,2,0,2,True,2026-08-08,01:40:00,Low
36,2026-08-08 01:40:00+10:00,5,4,9,True,2026-08-08,01:40:00,Low
37,2026-08-08 01:40:00+10:00,0,1,1,True,2026-08-08,01:40:00,Low
44,2026-08-08 01:40:00+10:00,1,0,1,True,2026-08-08,01:40:00,Low
66,2026-08-08 01:40:00+10:00,1,0,1,True,2026-08-08,01:40:00,Low
77,2026-08-08 01:40:00+10:00,1,1,2,True,2026-08-08,01:40:00,Low
134,2026-08-08 01:40:00+10:00,5,3,8,True,2026-08-08,01:40:00,Low
143,2026-08-08 01:40:00+10:00,4,4,8,True,2026-08-08,01:40:00,Low
181,2026-08-08 01:40:00+10:00,3,0,3,True,2026-08-08,01:40:00,Low
184,2026-08-08 01:40:00+10:00,7,10,17,True,2026-08-08,01:40:00,Low
185,2026-08-08 01:40:00+10:00,9,7,16,True,2026-08-08,01:40:00,Low
11,2026-08-08 01:40:00+10:00,0,1,1,True,2026-08-08,01:40:00,Low
20,2026-08-08 01:40:00+10:00,0,3,3,True,2026-08-08,01:40:00,Low
27,2026-08-08 01:40:00+10:00,3,1,4,True,2026-08-08,01:40:00,Low
46,2026-08-08 01:40:00+10:00,2,0,2,True,2026-08-08,01:40:00,Low
48,2026-08-08 01:40:00+10:00,4,0,4,True,2026-08-08,01:40:00,Low
51,2026-08-08 01:40:00+10:00,1,0,1,True,2026-08-08,01:40:00,Low
63,2026-08-08 01:40:00+10:00,5,7,12,True,2026-08-08,01:40:00,Low
161,2026-08-08 01:40:00+10:00,0,1,1,True,2026-08-08,01:40:00,Low
164,2026-08-08 01:40:00+10:00,1,0,1,True,2026-08-08,01:40:00,Low
4,2026-08-08 01:40:00+10:00,7,3,10,True,2026-08-08,01:40:00,Low
5,2026-08-08 01:40:00+10:00,2,6,8,True,2026-08-08,01:40:00,Low
41,2026-08-08 01:40:00+10:00,2,7,9,True,2026-08-08,01:40:00,Low
45,2026-08-08 01:40:00+10:00,2,14,16,True,2026-08-08,01:40:00,Low
47,2026-08-08 01:40:00+10:00,8,10,18,True,2026-08-08,01:40:00,Low
59,2026-08-08 01:40:00+10:00,16,6,22,True,2026-08-08,01:40:00,Low
107,2026-08-08 01:40:00+10:00,0,1,1,True,2026-08-08,01:40:00,Low
131,2026-08-08 01:40:00+10:00,20,5,25,True,2026-08-08,01:40:00,Low
133,2026-08-08 01:40:00+10:00,1,5,6,True,2026-08-08,01:40:00,Low
135,2026-08-08 01:40:00+10:00,3,6,9,True,2026-08-08,01:40:00,Low
179,2026-08-08 01:40:00+10:00,0,2,2,True,2026-08-08,01:40:00,Low
1,2026-08-08 01:40:00+10:00,2,3,5,True,2026-08-08,01:40:00,Low
17,2026-08-08 01:40:00+10:00,0,2,2,True,2026-08-08,01:40:00,Low
19,2026-08-08 01:40:00+10:00,2,0,2,True,2026-08-08,01:40:00,Low
23,2026-08-08 01:40:00+10:00,4,1,5,True,2026-08-08,01:40:00,Low
25,2026-08-08 01:40:00+10:00,4,4,8,True,2026-08-08,01:40:00,Low
30,2026-08-08 01:40:00+10:00,4,12,16,True,2026-08-08,01:40:00,Low
49,2026-08-08 01:40:00+10:00,0,1,1,True,2026-08-08,01:40:00,Low
62,2026-08-08 01:40:00+10:00,0,1,1,True,2026-08-08,01:40:00,Low
67,2026-08-08 01:40:00+10:00,1,0,1,True,2026-08-08,01:40:00,Low
21,2026-08-08 01:40:00+10:00,9,10,19,True,2026-08-08,01:40:00,Low
54,2026-08-08 01:40:00+10:00,4,1,5,True,2026-08-08,01:40:00,Low
84,2026-08-08 01:40:00+10:00,6,14,20,True,2026-08-08,01:40:00,Low
132,2026-08-08 01:40:00+10:00,4,2,6,True,2026-08-08,01:40:00,Low
162,2026-08-08 01:40:00+10:00,9,4,13,True,2026-08-08,01:40:00,Low
166,2026-08-08 01:40:00+10:00,1,0,1,True,2026-08-08,01:40:00,Low
182,2026-08-08 01:40:00+10:00,15,8,23,True,2026-08-08,01:40:00,Low
35,2026-08-08 01:40:00+10:00,2,0,2,True,2026-08-08,01:40:00,Low
53,2026-08-08 01:40:00+10:00,0,8,8,True,2026-08-08,01:40:00,Low
58,2026-08-08 01:40:00+10:00,5,4,9,True,2026-08-08,01:40:00,Low
141,2026-08-08 01:40:00+10:00,2,10,12,True,2026-08-08,01:40:00,Low
142,2026-08-08 01:40:00+10:00,2,0,2,True,2026-08-08,01:40:00,Low
181,2026-08-08 01:39:00+10:00,0,2,2,True,2026-08-08,01:39:00,Low
12,2026-08-08 01:39:00+10:00,0,1,1,True,2026-08-08,01:39:00,Low
35,2026-08-08 01:39:00+10:00,1,0,1,True,2026-08-08,01:39:00,Low
52,2026-08-08 01:39:00+10:00,0,2,2,True,2026-08-08,01:39:00,Low
79,2026-08-08 01:39:00+10:00,5,0,5,True,2026-08-08,01:39:00,Low
24,2026-08-08 01:39:00+10:00,0,1,1,True,2026-08-08,01:39:00,Low
53,2026-08-08 01:39:00+10:00,0,1,1,True,2026-08-08,01:39:00,Low
62,2026-08-08 01:39:00+10:00,3,0,3,True,2026-08-08,01:39:00,Low
63,2026-08-08 01:39:00+10:00,2,1,3,True,2026-08-08,01:39:00,Low
31,2026-08-08 01:39:00+10:00,4,0,4,True,2026-08-08,01:39:00,Low
36,2026-08-08 01:39:00+10:00,2,1,3,True,2026-08-08,01:39:00,Low
66,2026-08-08 01:39:00+10:00,2,1,3,True,2026-08-08,01:39:00,Low
209,2026-08-08 01:39:00+10:00,1,0,1,True,2026-08-08,01:39:00,Low
9,2026-08-08 01:39:00+10:00,0,1,1,True,2026-08-08,01:39:00,Low
17,2026-08-08 01:39:00+10:00,4,0,4,True,2026-08-08,01:39:00,Low
19,2026-08-08 01:39:00+10:00,0,4,4,True,2026-08-08,01:39:00,Low
20,2026-08-08 01:39:00+10:00,2,0,2,True,2026-08-08,01:39:00,Low
67,2026-08-08 01:39:00+10:00,2,0,2,True,2026-08-08,01:39:00,Low
4,2026-08-08 01:39:00+10:00,2,6,8,True,2026-08-08,01:39:00,Low
6,2026-08-08 01:39:00+10:00,1,0,1,True,2026-08-08,01:39:00,Low
41,2026-08-08 01:39:00+10:00,1,0,1,True,2026-08-08,01:39:00,Low
42,2026-08-08 01:39:00+10:00,1,0,1,True,2026-08-08,01:39:00,Low
71,2026-08-08 01:39:00+10:00,0,2,2,True,2026-08-08,01:39:00,Low
3,2026-08-08 01:38:00+10:00,5,4,9,True,2026-08-08,01:38:00,Low
31,2026-08-08 01:38:00+10:00,1,0,1,True,2026-08-08,01:38:00,Low
36,2026-08-08 01:38:00+10:00,1,5,6,True,2026-08-08,01:38:00,Low
61,2026-08-08 01:38:00+10:00,3,0,3,True,2026-08-08,01:38:00,Low
35,2026-08-08 01:38:00+10:00,0,1,1,True,2026-08-08,01:38:00,Low
56,2026-08-08 01:38:00+10:00,3,8,11,True,2026-08-08,01:38:00,Low
79,2026-08-08 01:38:00+10:00,0,3,3,True,2026-08-08,01:38:00,Low
19,2026-08-08 01:38:00+10:00,0,1,1,True,2026-08-08,01:38:00,Low
53,2026-08-08 01:38:00+10:00,0,4,4,True,2026-08-08,01:38:00,Low
4,2026-08-08 01:38:00+10:00,5,3,8,True,2026-08-08,01:38:00,Low
40,2026-08-08 01:38:00+10:00,2,0,2,True,2026-08-08,01:38:00,Low
41,2026-08-08 01:38:00+10:00,1,5,6,True,2026-08-08,01:38:00,Low
66,2026-08-08 01:38:00+10:00,0,1,1,True,2026-08-08,01:38:00,Low
181,2026-08-08 01:38:00+10:00,2,0,2,True,2026-08-08,01:38:00,Low
209,2026-08-08 01:38:00+10:00,2,4,6,True,2026-08-08,01:38:00,Low
1,2026-08-08 01:38:00+10:00,1,0,1,True,2026-08-08,01:38:00,Low
2,2026-08-08 01:38:00+10:00,1,0,1,True,2026-08-08,01:38:00,Low
67,2026-08-08 01:38:00+10:00,0,2,2,True,2026-08-08,01:38:00,Low
6,2026-08-08 01:37:00+10:00,1,0,1,True,2026-08-08,01:37:00,Low
66,2026-08-08 01:37:00+10:00,0,1,1,True,2026-08-08,01:37:00,Low
20,2026-08-08 01:37:00+10:00,0,6,6,True,2026-08-08,01:37:00,Low
56,2026-08-08 01:37:00+10:00,0,3,3,True,2026-08-08,01:37:00,Low
67,2026-08-08 01:37:00+10:00,1,4,5,True,2026-08-08,01:37:00,Low
209,2026-08-08 01:37:00+10:00,2,0,2,True,2026-08-08,01:37:00,Low
19,2026-08-08 01:37:00+10:00,2,1,3,True,2026-08-08,01:37:00,Low
4,2026-08-08 01:37:00+10:00,4,2,6,True,2026-08-08,01:37:00,Low
36,2026-08-08 01:37:00+10:00,2,4,6,True,2026-08-08,01:37:00,Low
41,2026-08-08 01:37:00+10:00,1,4,5,True,2026-08-08,01:37:00,Low
181,2026-08-08 01:37:00+10:00,3,4,7,True,2026-08-08,01:37:00,Low
53,2026-08-08 01:37:00+10:00,0,2,2,True,2026-08-08,01:37:00,Low
62,2026-08-08 01:37:00+10:00,1,2,3,True,2026-08-08,01:37:00,Low
63,2026-08-08 01:37:00+10:00,2,10,12,True,2026-08-08,01:37:00,Low
79,2026-08-08 01:37:00+10:00,0,1,1,True,2026-08-08,01:37:00,Low
3,2026-08-08 01:37:00+10:00,4,2,6,True,2026-08-08,01:37:00,Low
69,2026-08-08 01:36:00+10:00,0,1,1,True,2026-08-08,01:36:00,Low
19,2026-08-08 01:36:00+10:00,3,0,3,True,2026-08-08,01:36:00,Low
24,2026-08-08 01:36:00+10:00,1,1,2,True,2026-08-08,01:36:00,Low
35,2026-08-08 01:36:00+10:00,1,1,2,True,2026-08-08,01:36:00,Low
52,2026-08-08 01:36:00+10:00,4,0,4,True,2026-08-08,01:36:00,Low
209,2026-08-08 01:36:00+10:00,0,1,1,True,2026-08-08,01:36:00,Low
31,2026-08-08 01:36:00+10:00,0,6,6,True,2026-08-08,01:36:00,Low
41,2026-08-08 01:36:00+10:00,1,3,4,True,2026-08-08,01:36:00,Low
181,2026-08-08 01:36:00+10:00,5,0,5,True,2026-08-08,01:36:00,Low
53,2026-08-08 01:36:00+10:00,1,0,1,True,2026-08-08,01:36:00,Low
56,2026-08-08 01:36:00+10:00,2,0,2,True,2026-08-08,01:36:00,Low
79,2026-08-08 01:36:00+10:00,1,1,2,True,2026-08-08,01:36:00,Low
3,2026-08-08 01:36:00+10:00,13,2,15,True,2026-08-08,01:36:00,Low
4,2026-08-08 01:36:00+10:00,5,8,13,True,2026-08-08,01:36:00,Low
29,2026-08-08 01:36:00+10:00,1,1,2,True,2026-08-08,01:36:00,Low
36,2026-08-08 01:36:00+10:00,1,3,4,True,2026-08-08,01:36:00,Low
42,2026-08-08 01:36:00+10:00,1,0,1,True,2026-08-08,01:36:00,Low
61,2026-08-08 01:36:00+10:00,1,3,4,True,2026-08-08,01:36:00,Low
4,2026-08-08 01:35:00+10:00,2,3,5,True,2026-08-08,01:35:00,Low
37,2026-08-08 01:35:00+10:00,2,0,2,True,2026-08-08,01:35:00,Low
44,2026-08-08 01:35:00+10:00,3,0,3,True,2026-08-08,01:35:00,Low
66,2026-08-08 01:35:00+10:00,0,2,2,True,2026-08-08,01:35:00,Low
77,2026-08-08 01:35:00+10:00,1,0,1,True,2026-08-08,01:35:00,Low
84,2026-08-08 01:35:00+10:00,16,10,26,True,2026-08-08,01:35:00,Low
134,2026-08-08 01:35:00+10:00,3,1,4,True,2026-08-08,01:35:00,Low
143,2026-08-08 01:35:00+10:00,1,8,9,True,2026-08-08,01:35:00,Low
1,2026-08-08 01:35:00+10:00,1,3,4,True,2026-08-08,01:35:00,Low
25,2026-08-08 01:35:00+10:00,2,5,7,True,2026-08-08,01:35:00,Low
27,2026-08-08 01:35:00+10:00,4,4,8,True,2026-08-08,01:35:00,Low
30,2026-08-08 01:35:00+10:00,4,11,15,True,2026-08-08,01:35:00,Low
48,2026-08-08 01:35:00+10:00,0,2,2,True,2026-08-08,01:35:00,Low
109,2026-08-08 01:35:00+10:00,3,0,3,True,2026-08-08,01:35:00,Low
142,2026-08-08 01:35:00+10:00,0,1,1,True,2026-08-08,01:35:00,Low
107,2026-08-08 01:35:00+10:00,0,3,3,True,2026-08-08,01:35:00,Low
162,2026-08-08 01:35:00+10:00,3,9,12,True,2026-08-08,01:35:00,Low
184,2026-08-08 01:35:00+10:00,6,18,24,True,2026-08-08,01:35:00,Low
35,2026-08-08 01:35:00+10:00,0,1,1,True,2026-08-08,01:35:00,Low
52,2026-08-08 01:35:00+10:00,0,4,4,True,2026-08-08,01:35:00,Low
56,2026-08-08 01:35:00+10:00,0,1,1,True,2026-08-08,01:35:00,Low
58,2026-08-08 01:35:00+10:00,1,3,4,True,2026-08-08,01:35:00,Low
79,2026-08-08 01:35:00+10:00,0,1,1,True,2026-08-08,01:35:00,Low
117,2026-08-08 01:35:00+10:00,2,0,2,True,2026-08-08,01:35:00,Low
141,2026-08-08 01:35:00+10:00,3,5,8,True,2026-08-08,01:35:00,Low
161,2026-08-08 01:35:00+10:00,1,0,1,True,2026-08-08,01:35:00,Low
164,2026-08-08 01:35:00+10:00,0,2,2,True,2026-08-08,01:35:00,Low
6,2026-08-08 01:35:00+10:00,1,0,1,True,2026-08-08,01:35:00,Low
41,2026-08-08 01:35:00+10:00,4,5,9,True,2026-08-08,01:35:00,Low
43,2026-08-08 01:35:00+10:00,4,0,4,True,2026-08-08,01:35:00,Low
47,2026-08-08 01:35:00+10:00,2,3,5,True,2026-08-08,01:35:00,Low
54,2026-08-08 01:35:00+10:00,1,5,6,True,2026-08-08,01:35:00,Low
69,2026-08-08 01:35:00+10:00,0,1,1,True,2026-08-08,01:35:00,Low
131,2026-08-08 01:35:00+10:00,12,1,13,True,2026-08-08,01:35:00,Low
132,2026-08-08 01:35:00+10:00,4,0,4,True,2026-08-08,01:35:00,Low
133,2026-08-08 01:35:00+10:00,1,1,2,True,2026-08-08,01:35:00,Low
135,2026-08-08 01:35:00+10:00,11,2,13,True,2026-08-08,01:35:00,Low
166,2026-08-08 01:35:00+10:00,1,0,1,True,2026-08-08,01:35:00,Low
167,2026-08-08 01:35:00+10:00,1,0,1,True,2026-08-08,01:35:00,Low
179,2026-08-08 01:35:00+10:00,2,0,2,True,2026-08-08,01:35:00,Low
181,2026-08-08 01:35:00+10:00,3,4,7,True,2026-08-08,01:35:00,Low
182,2026-08-08 01:35:00+10:00,5,9,14,True,2026-08-08,01:35:00,Low
185,2026-08-08 01:35:00+10:00,3,11,14,True,2026-08-08,01:35:00,Low
209,2026-08-08 01:35:00+10:00,1,0,1,True,2026-08-08,01:35:00,Low
19,2026-08-08 01:35:00+10:00,0,3,3,True,2026-08-08,01:35:00,Low
23,2026-08-08 01:35:00+10:00,3,6,9,True,2026-08-08,01:35:00,Low
24,2026-08-08 01:35:00+10:00,2,1,3,True,2026-08-08,01:35:00,Low
49,2026-08-08 01:35:00+10:00,4,7,11,True,2026-08-08,01:35:00,Low
53,2026-08-08 01:35:00+10:00,1,0,1,True,2026-08-08,01:35:00,Low
3,2026-08-08 01:35:00+10:00,20,2,22,True,2026-08-08,01:35:00,Low
5,2026-08-08 01:35:00+10:00,10,13,23,True,2026-08-08,01:35:00,Low
21,2026-08-08 01:35:00+10:00,7,1,8,True,2026-08-08,01:35:00,Low
36,2026-08-08 01:35:00+10:00,4,0,4,True,2026-08-08,01:35:00,Low
45,2026-08-08 01:35:00+10:00,5,15,20,True,2026-08-08,01:35:00,Low
59,2026-08-08 01:35:00+10:00,12,7,19,True,2026-08-08,01:35:00,Low
61,2026-08-08 01:35:00+10:00,0,1,1,True,2026-08-08,01:35:00,Low
4,2026-08-08 01:34:00+10:00,8,8,16,True,2026-08-08,01:34:00,Low
6,2026-08-08 01:34:00+10:00,1,0,1,True,2026-08-08,01:34:00,Low
41,2026-08-08 01:34:00+10:00,0,4,4,True,2026-08-08,01:34:00,Low
181,2026-08-08 01:34:00+10:00,6,2,8,True,2026-08-08,01:34:00,Low
209,2026-08-08 01:34:00+10:00,5,3,8,True,2026-08-08,01:34:00,Low
24,2026-08-08 01:34:00+10:00,0,2,2,True,2026-08-08,01:34:00,Low
56,2026-08-08 01:34:00+10:00,1,6,7,True,2026-08-08,01:34:00,Low
63,2026-08-08 01:34:00+10:00,2,2,4,True,2026-08-08,01:34:00,Low
79,2026-08-08 01:34:00+10:00,1,0,1,True,2026-08-08,01:34:00,Low
19,2026-08-08 01:34:00+10:00,0,4,4,True,2026-08-08,01:34:00,Low
20,2026-08-08 01:34:00+10:00,3,2,5,True,2026-08-08,01:34:00,Low
53,2026-08-08 01:34:00+10:00,1,0,1,True,2026-08-08,01:34:00,Low
72,2026-08-08 01:34:00+10:00,0,1,1,True,2026-08-08,01:34:00,Low
3,2026-08-08 01:34:00+10:00,0,2,2,True,2026-08-08,01:34:00,Low
52,2026-08-08 01:34:00+10:00,1,0,1,True,2026-08-08,01:34:00,Low
187,2026-08-08 01:34:00+10:00,0,1,1,True,2026-08-08,01:34:00,Low
36,2026-08-08 01:34:00+10:00,3,3,6,True,2026-08-08,01:34:00,Low
3,2026-08-08 01:33:00+10:00,16,0,16,True,2026-08-08,01:33:00,Low
4,2026-08-08 01:33:00+10:00,11,7,18,True,2026-08-08,01:33:00,Low
6,2026-08-08 01:33:00+10:00,2,0,2,True,2026-08-08,01:33:00,Low
40,2026-08-08 01:33:00+10:00,1,0,1,True,2026-08-08,01:33:00,Low
209,2026-08-08 01:33:00+10:00,3,0,3,True,2026-08-08,01:33:00,Low
62,2026-08-08 01:33:00+10:00,7,0,7,True,2026-08-08,01:33:00,Low
79,2026-08-08 01:33:00+10:00,1,0,1,True,2026-08-08,01:33:00,Low
1,2026-08-08 01:33:00+10:00,2,1,3,True,2026-08-08,01:33:00,Low
2,2026-08-08 01:33:00+10:00,0,3,3,True,2026-08-08,01:33:00,Low
9,2026-08-08 01:33:00+10:00,1,1,2,True,2026-08-08,01:33:00,Low
10,2026-08-08 01:33:00+10:00,1,1,2,True,2026-08-08,01:33:00,Low
11,2026-08-08 01:33:00+10:00,1,0,1,True,2026-08-08,01:33:00,Low
19,2026-08-08 01:33:00+10:00,3,2,5,True,2026-08-08,01:33:00,Low
24,2026-08-08 01:33:00+10:00,3,1,4,True,2026-08-08,01:33:00,Low
52,2026-08-08 01:33:00+10:00,0,2,2,True,2026-08-08,01:33:00,Low
53,2026-08-08 01:33:00+10:00,0,4,4,True,2026-08-08,01:33:00,Low
66,2026-08-08 01:33:00+10:00,0,6,6,True,2026-08-08,01:33:00,Low
181,2026-08-08 01:33:00+10:00,3,9,12,True,2026-08-08,01:33:00,Low
17,2026-08-08 01:33:00+10:00,0,1,1,True,2026-08-08,01:33:00,Low
20,2026-08-08 01:33:00+10:00,0,1,1,True,2026-08-08,01:33:00,Low
63,2026-08-08 01:33:00+10:00,4,3,7,True,2026-08-08,01:33:00,Low
67,2026-08-08 01:33:00+10:00,0,1,1,True,2026-08-08,01:33:00,Low
187,2026-08-08 01:33:00+10:00,3,0,3,True,2026-08-08,01:33:00,Low
36,2026-08-08 01:33:00+10:00,0,5,5,True,2026-08-08,01:33:00,Low
41,2026-08-08 01:33:00+10:00,0,2,2,True,2026-08-08,01:33:00,Low
3,2026-08-08 01:32:00+10:00,2,7,9,True,2026-08-08,01:32:00,Low
4,2026-08-08 01:32:00+10:00,6,9,15,True,2026-08-08,01:32:00,Low
6,2026-08-08 01:32:00+10:00,1,1,2,True,2026-08-08,01:32:00,Low
14,2026-08-08 01:32:00+10:00,0,1,1,True,2026-08-08,01:32:00,Low
36,2026-08-08 01:32:00+10:00,0,3,3,True,2026-08-08,01:32:00,Low
1,2026-08-08 01:32:00+10:00,1,0,1,True,2026-08-08,01:32:00,Low
19,2026-08-08 01:32:00+10:00,4,3,7,True,2026-08-08,01:32:00,Low
24,2026-08-08 01:32:00+10:00,0,1,1,True,2026-08-08,01:32:00,Low
180,2026-08-08 01:32:00+10:00,0,1,1,True,2026-08-08,01:32:00,Low
66,2026-08-08 01:32:00+10:00,2,0,2,True,2026-08-08,01:32:00,Low
181,2026-08-08 01:32:00+10:00,2,5,7,True,2026-08-08,01:32:00,Low
2,2026-08-08 01:32:00+10:00,0,2,2,True,2026-08-08,01:32:00,Low
53,2026-08-08 01:32:00+10:00,0,5,5,True,2026-08-08,01:32:00,Low
79,2026-08-08 01:32:00+10:00,0,1,1,True,2026-08-08,01:32:00,Low
29,2026-08-08 01:32:00+10:00,1,0,1,True,2026-08-08,01:32:00,Low
41,2026-08-08 01:32:00+10:00,0,3,3,True,2026-08-08,01:32:00,Low
40,2026-08-08 01:31:00+10:00,0,2,2,True,2026-08-08,01:31:00,Low
2,2026-08-08 01:31:00+10:00,1,0,1,True,2026-08-08,01:31:00,Low
19,2026-08-08 01:31:00+10:00,5,4,9,True,2026-08-08,01:31:00,Low
187,2026-08-08 01:31:00+10:00,0,1,1,True,2026-08-08,01:31:00,Low
209,2026-08-08 01:31:00+10:00,1,0,1,True,2026-08-08,01:31:00,Low
1,2026-08-08 01:31:00+10:00,3,0,3,True,2026-08-08,01:31:00,Low
17,2026-08-08 01:31:00+10:00,0,3,3,True,2026-08-08,01:31:00,Low
53,2026-08-08 01:31:00+10:00,0,2,2,True,2026-08-08,01:31:00,Low
62,2026-08-08 01:31:00+10:00,1,1,2,True,2026-08-08,01:31:00,Low
79,2026-08-08 01:31:00+10:00,1,1,2,True,2026-08-08,01:31:00,Low
3,2026-08-08 01:31:00+10:00,2,5,7,True,2026-08-08,01:31:00,Low
6,2026-08-08 01:31:00+10:00,0,1,1,True,2026-08-08,01:31:00,Low
29,2026-08-08 01:31:00+10:00,0,1,1,True,2026-08-08,01:31:00,Low
66,2026-08-08 01:31:00+10:00,2,1,3,True,2026-08-08,01:31:00,Low
181,2026-08-08 01:31:00+10:00,1,2,3,True,2026-08-08,01:31:00,Low
20,2026-08-08 01:31:00+10:00,0,3,3,True,2026-08-08,01:31:00,Low
52,2026-08-08 01:31:00+10:00,0,3,3,True,2026-08-08,01:31:00,Low
56,2026-08-08 01:31:00+10:00,0,4,4,True,2026-08-08,01:31:00,Low
63,2026-08-08 01:31:00+10:00,0,7,7,True,2026-08-08,01:31:00,Low
4,2026-08-08 01:31:00+10:00,12,13,25,True,2026-08-08,01:31:00,Low
8,2026-08-08 01:31:00+10:00,0,1,1,True,2026-08-08,01:31:00,Low
41,2026-08-08 01:31:00+10:00,3,7,10,True,2026-08-08,01:31:00,Low
61,2026-08-08 01:31:00+10:00,0,1,1,True,2026-08-08,01:31:00,Low
4,2026-08-08 01:30:00+10:00,13,12,25,True,2026-08-08,01:30:00,Low
29,2026-08-08 01:30:00+10:00,0,4,4,True,2026-08-08,01:30:00,Low
36,2026-08-08 01:30:00+10:00,6,2,8,True,2026-08-08,01:30:00,Low
37,2026-08-08 01:30:00+10:00,2,1,3,True,2026-08-08,01:30:00,Low
59,2026-08-08 01:30:00+10:00,17,8,25,True,2026-08-08,01:30:00,Low
107,2026-08-08 01:30:00+10:00,0,1,1,True,2026-08-08,01:30:00,Low
162,2026-08-08 01:30:00+10:00,16,3,19,True,2026-08-08,01:30:00,Low
165,2026-08-08 01:30:00+10:00,2,0,2,True,2026-08-08,01:30:00,Low
167,2026-08-08 01:30:00+10:00,0,1,1,True,2026-08-08,01:30:00,Low
2,2026-08-08 01:30:00+10:00,2,0,2,True,2026-08-08,01:30:00,Low
35,2026-08-08 01:30:00+10:00,0,3,3,True,2026-08-08,01:30:00,Low
117,2026-08-08 01:30:00+10:00,0,1,1,True,2026-08-08,01:30:00,Low
134,2026-08-08 01:30:00+10:00,11,0,11,True,2026-08-08,01:30:00,Low
179,2026-08-08 01:30:00+10:00,0,3,3,True,2026-08-08,01:30:00,Low
181,2026-08-08 01:30:00+10:00,1,5,6,True,2026-08-08,01:30:00,Low
182,2026-08-08 01:30:00+10:00,5,7,12,True,2026-08-08,01:30:00,Low
185,2026-08-08 01:30:00+10:00,12,5,17,True,2026-08-08,01:30:00,Low
25,2026-08-08 01:30:00+10:00,3,7,10,True,2026-08-08,01:30:00,Low
48,2026-08-08 01:30:00+10:00,3,6,9,True,2026-08-08,01:30:00,Low
49,2026-08-08 01:30:00+10:00,2,5,7,True,2026-08-08,01:30:00,Low
58,2026-08-08 01:30:00+10:00,6,6,12,True,2026-08-08,01:30:00,Low
63,2026-08-08 01:30:00+10:00,0,5,5,True,2026-08-08,01:30:00,Low
109,2026-08-08 01:30:00+10:00,0,1,1,True,2026-08-08,01:30:00,Low
142,2026-08-08 01:30:00+10:00,0,3,3,True,2026-08-08,01:30:00,Low
164,2026-08-08 01:30:00+10:00,0,1,1,True,2026-08-08,01:30:00,Low
21,2026-08-08 01:30:00+10:00,11,3,14,True,2026-08-08,01:30:00,Low
41,2026-08-08 01:30:00+10:00,3,6,9,True,2026-08-08,01:30:00,Low
45,2026-08-08 01:30:00+10:00,6,18,24,True,2026-08-08,01:30:00,Low
77,2026-08-08 01:30:00+10:00,3,0,3,True,2026-08-08,01:30:00,Low
84,2026-08-08 01:30:00+10:00,4,10,14,True,2026-08-08,01:30:00,Low
118,2026-08-08 01:30:00+10:00,0,1,1,True,2026-08-08,01:30:00,Low
131,2026-08-08 01:30:00+10:00,16,4,20,True,2026-08-08,01:30:00,Low
132,2026-08-08 01:30:00+10:00,7,0,7,True,2026-08-08,01:30:00,Low
135,2026-08-08 01:30:00+10:00,5,1,6,True,2026-08-08,01:30:00,Low
143,2026-08-08 01:30:00+10:00,6,1,7,True,2026-08-08,01:30:00,Low
184,2026-08-08 01:30:00+10:00,5,9,14,True,2026-08-08,01:30:00,Low
209,2026-08-08 01:30:00+10:00,0,2,2,True,2026-08-08,01:30:00,Low
19,2026-08-08 01:30:00+10:00,1,2,3,True,2026-08-08,01:30:00,Low
20,2026-08-08 01:30:00+10:00,3,6,9,True,2026-08-08,01:30:00,Low
23,2026-08-08 01:30:00+10:00,3,3,6,True,2026-08-08,01:30:00,Low
24,2026-08-08 01:30:00+10:00,0,5,5,True,2026-08-08,01:30:00,Low
30,2026-08-08 01:30:00+10:00,16,11,27,True,2026-08-08,01:30:00,Low
53,2026-08-08 01:30:00+10:00,1,5,6,True,2026-08-08,01:30:00,Low
56,2026-08-08 01:30:00+10:00,7,0,7,True,2026-08-08,01:30:00,Low
72,2026-08-08 01:30:00+10:00,2,0,2,True,2026-08-08,01:30:00,Low
141,2026-08-08 01:30:00+10:00,7,4,11,True,2026-08-08,01:30:00,Low
187,2026-08-08 01:30:00+10:00,0,2,2,True,2026-08-08,01:30:00,Low
3,2026-08-08 01:30:00+10:00,1,0,1,True,2026-08-08,01:30:00,Low
5,2026-08-08 01:30:00+10:00,4,16,20,True,2026-08-08,01:30:00,Low
14,2026-08-08 01:30:00+10:00,1,0,1,True,2026-08-08,01:30:00,Low
39,2026-08-08 01:30:00+10:00,2,0,2,True,2026-08-08,01:30:00,Low
47,2026-08-08 01:30:00+10:00,15,13,28,True,2026-08-08,01:30:00,Low
54,2026-08-08 01:30:00+10:00,3,7,10,True,2026-08-08,01:30:00,Low
61,2026-08-08 01:30:00+10:00,6,0,6,True,2026-08-08,01:30:00,Low
66,2026-08-08 01:30:00+10:00,2,4,6,True,2026-08-08,01:30:00,Low
4,2026-08-08 01:29:00+10:00,19,8,27,True,2026-08-08,01:29:00,Low
41,2026-08-08 01:29:00+10:00,0,5,5,True,2026-08-08,01:29:00,Low
66,2026-08-08 01:29:00+10:00,4,6,10,True,2026-08-08,01:29:00,Low
52,2026-08-08 01:29:00+10:00,2,0,2,True,2026-08-08,01:29:00,Low
63,2026-08-08 01:29:00+10:00,2,2,4,True,2026-08-08,01:29:00,Low
67,2026-08-08 01:29:00+10:00,0,2,2,True,2026-08-08,01:29:00,Low
31,2026-08-08 01:29:00+10:00,3,0,3,True,2026-08-08,01:29:00,Low
36,2026-08-08 01:29:00+10:00,7,5,12,True,2026-08-08,01:29:00,Low
2,2026-08-08 01:29:00+10:00,0,1,1,True,2026-08-08,01:29:00,Low
19,2026-08-08 01:29:00+10:00,1,0,1,True,2026-08-08,01:29:00,Low
20,2026-08-08 01:29:00+10:00,1,3,4,True,2026-08-08,01:29:00,Low
72,2026-08-08 01:29:00+10:00,0,1,1,True,2026-08-08,01:29:00,Low
3,2026-08-08 01:29:00+10:00,8,0,8,True,2026-08-08,01:29:00,Low
31,2026-08-08 01:28:00+10:00,0,1,1,True,2026-08-08,01:28:00,Low
69,2026-08-08 01:28:00+10:00,0,1,1,True,2026-08-08,01:28:00,Low
53,2026-08-08 01:28:00+10:00,0,3,3,True,2026-08-08,01:28:00,Low
56,2026-08-08 01:28:00+10:00,1,0,1,True,2026-08-08,01:28:00,Low
63,2026-08-08 01:28:00+10:00,3,7,10,True,2026-08-08,01:28:00,Low
87,2026-08-08 01:28:00+10:00,0,6,6,True,2026-08-08,01:28:00,Low
181,2026-08-08 01:28:00+10:00,2,2,4,True,2026-08-08,01:28:00,Low
209,2026-08-08 01:28:00+10:00,1,6,7,True,2026-08-08,01:28:00,Low
1,2026-08-08 01:28:00+10:00,0,1,1,True,2026-08-08,01:28:00,Low
20,2026-08-08 01:28:00+10:00,0,2,2,True,2026-08-08,01:28:00,Low
24,2026-08-08 01:28:00+10:00,0,1,1,True,2026-08-08,01:28:00,Low
67,2026-08-08 01:28:00+10:00,0,1,1,True,2026-08-08,01:28:00,Low
3,2026-08-08 01:28:00+10:00,11,2,13,True,2026-08-08,01:28:00,Low
36,2026-08-08 01:28:00+10:00,0,3,3,True,2026-08-08,01:28:00,Low
61,2026-08-08 01:28:00+10:00,1,0,1,True,2026-08-08,01:28:00,Low
19,2026-08-08 01:28:00+10:00,0,2,2,True,2026-08-08,01:28:00,Low
35,2026-08-08 01:28:00+10:00,0,1,1,True,2026-08-08,01:28:00,Low
62,2026-08-08 01:28:00+10:00,1,0,1,True,2026-08-08,01:28:00,Low
79,2026-08-08 01:28:00+10:00,1,0,1,True,2026-08-08,01:28:00,Low
187,2026-08-08 01:28:00+10:00,1,1,2,True,2026-08-08,01:28:00,Low
4,2026-08-08 01:28:00+10:00,9,14,23,True,2026-08-08,01:28:00,Low
41,2026-08-08 01:28:00+10:00,2,10,12,True,2026-08-08,01:28:00,Low
66,2026-08-08 01:28:00+10:00,6,1,7,True,2026-08-08,01:28:00,Low
61,2026-08-08 01:27:00+10:00,4,0,4,True,2026-08-08,01:27:00,Low
181,2026-08-08 01:27:00+10:00,4,0,4,True,2026-08-08,01:27:00,Low
19,2026-08-08 01:27:00+10:00,3,2,5,True,2026-08-08,01:27:00,Low
63,2026-08-08 01:27:00+10:00,3,0,3,True,2026-08-08,01:27:00,Low
187,2026-08-08 01:27:00+10:00,1,0,1,True,2026-08-08,01:27:00,Low
1,2026-08-08 01:27:00+10:00,1,3,4,True,2026-08-08,01:27:00,Low
2,2026-08-08 01:27:00+10:00,0,2,2,True,2026-08-08,01:27:00,Low
20,2026-08-08 01:27:00+10:00,2,0,2,True,2026-08-08,01:27:00,Low
24,2026-08-08 01:27:00+10:00,1,2,3,True,2026-08-08,01:27:00,Low
35,2026-08-08 01:27:00+10:00,0,2,2,True,2026-08-08,01:27:00,Low
53,2026-08-08 01:27:00+10:00,4,0,4,True,2026-08-08,01:27:00,Low
3,2026-08-08 01:27:00+10:00,3,1,4,True,2026-08-08,01:27:00,Low
4,2026-08-08 01:27:00+10:00,1,14,15,True,2026-08-08,01:27:00,Low
36,2026-08-08 01:27:00+10:00,1,6,7,True,2026-08-08,01:27:00,Low
41,2026-08-08 01:27:00+10:00,2,4,6,True,2026-08-08,01:27:00,Low
56,2026-08-08 01:27:00+10:00,2,2,4,True,2026-08-08,01:27:00,Low
62,2026-08-08 01:27:00+10:00,1,3,4,True,2026-08-08,01:27:00,Low
79,2026-08-08 01:27:00+10:00,2,4,6,True,2026-08-08,01:27:00,Low
14,2026-08-08 01:27:00+10:00,1,0,1,True,2026-08-08,01:27:00,Low
66,2026-08-08 01:26:00+10:00,4,1,5,True,2026-08-08,01:26:00,Low
209,2026-08-08 01:26:00+10:00,1,0,1,True,2026-08-08,01:26:00,Low
17,2026-08-08 01:26:00+10:00,1,2,3,True,2026-08-08,01:26:00,Low
187,2026-08-08 01:26:00+10:00,0,1,1,True,2026-08-08,01:26:00,Low
181,2026-08-08 01:26:00+10:00,9,0,9,True,2026-08-08,01:26:00,Low
19,2026-08-08 01:26:00+10:00,7,4,11,True,2026-08-08,01:26:00,Low
20,2026-08-08 01:26:00+10:00,2,5,7,True,2026-08-08,01:26:00,Low
24,2026-08-08 01:26:00+10:00,0,4,4,True,2026-08-08,01:26:00,Low
35,2026-08-08 01:26:00+10:00,0,1,1,True,2026-08-08,01:26:00,Low
52,2026-08-08 01:26:00+10:00,1,1,2,True,2026-08-08,01:26:00,Low
53,2026-08-08 01:26:00+10:00,1,0,1,True,2026-08-08,01:26:00,Low
56,2026-08-08 01:26:00+10:00,2,0,2,True,2026-08-08,01:26:00,Low
63,2026-08-08 01:26:00+10:00,4,5,9,True,2026-08-08,01:26:00,Low
67,2026-08-08 01:26:00+10:00,2,1,3,True,2026-08-08,01:26:00,Low
79,2026-08-08 01:26:00+10:00,1,2,3,True,2026-08-08,01:26:00,Low
41,2026-08-08 01:26:00+10:00,4,0,4,True,2026-08-08,01:26:00,Low
2,2026-08-08 01:26:00+10:00,0,1,1,True,2026-08-08,01:26:00,Low
62,2026-08-08 01:26:00+10:00,1,0,1,True,2026-08-08,01:26:00,Low
3,2026-08-08 01:26:00+10:00,2,3,5,True,2026-08-08,01:26:00,Low
4,2026-08-08 01:26:00+10:00,9,9,18,True,2026-08-08,01:26:00,Low
3,2026-08-08 01:25:00+10:00,2,3,5,True,2026-08-08,01:25:00,Low
4,2026-08-08 01:25:00+10:00,7,19,26,True,2026-08-08,01:25:00,Low
29,2026-08-08 01:25:00+10:00,1,0,1,True,2026-08-08,01:25:00,Low
36,2026-08-08 01:25:00+10:00,5,3,8,True,2026-08-08,01:25:00,Low
45,2026-08-08 01:25:00+10:00,6,20,26,True,2026-08-08,01:25:00,Low
54,2026-08-08 01:25:00+10:00,5,4,9,True,2026-08-08,01:25:00,Low
84,2026-08-08 01:25:00+10:00,16,17,33,True,2026-08-08,01:25:00,Low
131,2026-08-08 01:25:00+10:00,5,13,18,True,2026-08-08,01:25:00,Low
133,2026-08-08 01:25:00+10:00,4,6,10,True,2026-08-08,01:25:00,Low
134,2026-08-08 01:25:00+10:00,6,9,15,True,2026-08-08,01:25:00,Low
167,2026-08-08 01:25:00+10:00,0,1,1,True,2026-08-08,01:25:00,Low
184,2026-08-08 01:25:00+10:00,11,18,29,True,2026-08-08,01:25:00,Low
2,2026-08-08 01:25:00+10:00,0,6,6,True,2026-08-08,01:25:00,Low
48,2026-08-08 01:25:00+10:00,2,0,2,True,2026-08-08,01:25:00,Low
58,2026-08-08 01:25:00+10:00,2,6,8,True,2026-08-08,01:25:00,Low
62,2026-08-08 01:25:00+10:00,1,0,1,True,2026-08-08,01:25:00,Low
79,2026-08-08 01:25:00+10:00,0,1,1,True,2026-08-08,01:25:00,Low
117,2026-08-08 01:25:00+10:00,0,3,3,True,2026-08-08,01:25:00,Low
141,2026-08-08 01:25:00+10:00,5,1,6,True,2026-08-08,01:25:00,Low
165,2026-08-08 01:25:00+10:00,1,0,1,True,2026-08-08,01:25:00,Low
179,2026-08-08 01:25:00+10:00,1,0,1,True,2026-08-08,01:25:00,Low
181,2026-08-08 01:25:00+10:00,2,3,5,True,2026-08-08,01:25:00,Low
182,2026-08-08 01:25:00+10:00,6,6,12,True,2026-08-08,01:25:00,Low
1,2026-08-08 01:25:00+10:00,1,0,1,True,2026-08-08,01:25:00,Low
25,2026-08-08 01:25:00+10:00,11,5,16,True,2026-08-08,01:25:00,Low
30,2026-08-08 01:25:00+10:00,13,6,19,True,2026-08-08,01:25:00,Low
46,2026-08-08 01:25:00+10:00,1,0,1,True,2026-08-08,01:25:00,Low
56,2026-08-08 01:25:00+10:00,2,2,4,True,2026-08-08,01:25:00,Low
86,2026-08-08 01:25:00+10:00,0,1,1,True,2026-08-08,01:25:00,Low
164,2026-08-08 01:25:00+10:00,0,2,2,True,2026-08-08,01:25:00,Low
5,2026-08-08 01:25:00+10:00,6,13,19,True,2026-08-08,01:25:00,Low
44,2026-08-08 01:25:00+10:00,1,0,1,True,2026-08-08,01:25:00,Low
59,2026-08-08 01:25:00+10:00,15,0,15,True,2026-08-08,01:25:00,Low
66,2026-08-08 01:25:00+10:00,3,0,3,True,2026-08-08,01:25:00,Low
77,2026-08-08 01:25:00+10:00,5,1,6,True,2026-08-08,01:25:00,Low
87,2026-08-08 01:25:00+10:00,2,1,3,True,2026-08-08,01:25:00,Low
118,2026-08-08 01:25:00+10:00,0,4,4,True,2026-08-08,01:25:00,Low
132,2026-08-08 01:25:00+10:00,6,1,7,True,2026-08-08,01:25:00,Low
135,2026-08-08 01:25:00+10:00,3,4,7,True,2026-08-08,01:25:00,Low
143,2026-08-08 01:25:00+10:00,12,1,13,True,2026-08-08,01:25:00,Low
162,2026-08-08 01:25:00+10:00,12,9,21,True,2026-08-08,01:25:00,Low
185,2026-08-08 01:25:00+10:00,7,6,13,True,2026-08-08,01:25:00,Low
11,2026-08-08 01:25:00+10:00,0,2,2,True,2026-08-08,01:25:00,Low
19,2026-08-08 01:25:00+10:00,1,1,2,True,2026-08-08,01:25:00,Low
20,2026-08-08 01:25:00+10:00,3,3,6,True,2026-08-08,01:25:00,Low
23,2026-08-08 01:25:00+10:00,3,4,7,True,2026-08-08,01:25:00,Low
24,2026-08-08 01:25:00+10:00,4,0,4,True,2026-08-08,01:25:00,Low
49,2026-08-08 01:25:00+10:00,3,1,4,True,2026-08-08,01:25:00,Low
53,2026-08-08 01:25:00+10:00,0,2,2,True,2026-08-08,01:25:00,Low
63,2026-08-08 01:25:00+10:00,0,3,3,True,2026-08-08,01:25:00,Low
67,2026-08-08 01:25:00+10:00,0,1,1,True,2026-08-08,01:25:00,Low
68,2026-08-08 01:25:00+10:00,0,1,1,True,2026-08-08,01:25:00,Low
109,2026-08-08 01:25:00+10:00,0,2,2,True,2026-08-08,01:25:00,Low
142,2026-08-08 01:25:00+10:00,4,1,5,True,2026-08-08,01:25:00,Low
21,2026-08-08 01:25:00+10:00,12,7,19,True,2026-08-08,01:25:00,Low
37,2026-08-08 01:25:00+10:00,0,2,2,True,2026-08-08,01:25:00,Low
39,2026-08-08 01:25:00+10:00,1,0,1,True,2026-08-08,01:25:00,Low
41,2026-08-08 01:25:00+10:00,2,9,11,True,2026-08-08,01:25:00,Low
43,2026-08-08 01:25:00+10:00,1,0,1,True,2026-08-08,01:25:00,Low
47,2026-08-08 01:25:00+10:00,17,3,20,True,2026-08-08,01:25:00,Low
3,2026-08-08 01:24:00+10:00,1,4,5,True,2026-08-08,01:24:00,Low
4,2026-08-08 01:24:00+10:00,17,26,43,True,2026-08-08,01:24:00,Low
6,2026-08-08 01:24:00+10:00,1,0,1,True,2026-08-08,01:24:00,Low
31,2026-08-08 01:24:00+10:00,0,1,1,True,2026-08-08,01:24:00,Low
181,2026-08-08 01:24:00+10:00,1,2,3,True,2026-08-08,01:24:00,Low
19,2026-08-08 01:24:00+10:00,5,9,14,True,2026-08-08,01:24:00,Low
52,2026-08-08 01:24:00+10:00,2,7,9,True,2026-08-08,01:24:00,Low
2,2026-08-08 01:24:00+10:00,0,4,4,True,2026-08-08,01:24:00,Low
62,2026-08-08 01:24:00+10:00,0,2,2,True,2026-08-08,01:24:00,Low
67,2026-08-08 01:24:00+10:00,3,1,4,True,2026-08-08,01:24:00,Low
79,2026-08-08 01:24:00+10:00,1,0,1,True,2026-08-08,01:24:00,Low
36,2026-08-08 01:24:00+10:00,2,4,6,True,2026-08-08,01:24:00,Low
41,2026-08-08 01:24:00+10:00,0,10,10,True,2026-08-08,01:24:00,Low
66,2026-08-08 01:24:00+10:00,3,6,9,True,2026-08-08,01:24:00,Low
209,2026-08-08 01:24:00+10:00,0,1,1,True,2026-08-08,01:24:00,Low
20,2026-08-08 01:24:00+10:00,4,6,10,True,2026-08-08,01:24:00,Low
24,2026-08-08 01:24:00+10:00,5,0,5,True,2026-08-08,01:24:00,Low
63,2026-08-08 01:24:00+10:00,4,0,4,True,2026-08-08,01:24:00,Low
3,2026-08-08 01:23:00+10:00,9,7,16,True,2026-08-08,01:23:00,Low
66,2026-08-08 01:23:00+10:00,2,1,3,True,2026-08-08,01:23:00,Low
69,2026-08-08 01:23:00+10:00,1,0,1,True,2026-08-08,01:23:00,Low
181,2026-08-08 01:23:00+10:00,1,0,1,True,2026-08-08,01:23:00,Low
2,2026-08-08 01:23:00+10:00,1,0,1,True,2026-08-08,01:23:00,Low
24,2026-08-08 01:23:00+10:00,0,1,1,True,2026-08-08,01:23:00,Low
52,2026-08-08 01:23:00+10:00,0,6,6,True,2026-08-08,01:23:00,Low
53,2026-08-08 01:23:00+10:00,1,3,4,True,2026-08-08,01:23:00,Low
62,2026-08-08 01:23:00+10:00,1,0,1,True,2026-08-08,01:23:00,Low
63,2026-08-08 01:23:00+10:00,7,2,9,True,2026-08-08,01:23:00,Low
79,2026-08-08 01:23:00+10:00,4,0,4,True,2026-08-08,01:23:00,Low
14,2026-08-08 01:23:00+10:00,1,0,1,True,2026-08-08,01:23:00,Low
41,2026-08-08 01:23:00+10:00,11,4,15,True,2026-08-08,01:23:00,Low
1,2026-08-08 01:23:00+10:00,2,2,4,True,2026-08-08,01:23:00,Low
19,2026-08-08 01:23:00+10:00,6,4,10,True,2026-08-08,01:23:00,Low
20,2026-08-08 01:23:00+10:00,4,5,9,True,2026-08-08,01:23:00,Low
51,2026-08-08 01:23:00+10:00,1,1,2,True,2026-08-08,01:23:00,Low
56,2026-08-08 01:23:00+10:00,0,1,1,True,2026-08-08,01:23:00,Low
4,2026-08-08 01:23:00+10:00,12,8,20,True,2026-08-08,01:23:00,Low
31,2026-08-08 01:23:00+10:00,5,0,5,True,2026-08-08,01:23:00,Low
36,2026-08-08 01:23:00+10:00,2,4,6,True,2026-08-08,01:23:00,Low
61,2026-08-08 01:23:00+10:00,3,1,4,True,2026-08-08,01:23:00,Low
87,2026-08-08 01:23:00+10:00,3,0,3,True,2026-08-08,01:23:00,Low
35,2026-08-08 01:23:00+10:00,2,0,2,True,2026-08-08,01:23:00,Low
67,2026-08-08 01:23:00+10:00,2,2,4,True,2026-08-08,01:23:00,Low
72,2026-08-08 01:23:00+10:00,2,0,2,True,2026-08-08,01:23:00,Low
69,2026-08-08 01:22:00+10:00,0,2,2,True,2026-08-08,01:22:00,Low
181,2026-08-08 01:22:00+10:00,0,2,2,True,2026-08-08,01:22:00,Low
17,2026-08-08 01:22:00+10:00,1,0,1,True,2026-08-08,01:22:00,Low
19,2026-08-08 01:22:00+10:00,0,1,1,True,2026-08-08,01:22:00,Low
20,2026-08-08 01:22:00+10:00,0,3,3,True,2026-08-08,01:22:00,Low
24,2026-08-08 01:22:00+10:00,2,0,2,True,2026-08-08,01:22:00,Low
52,2026-08-08 01:22:00+10:00,0,2,2,True,2026-08-08,01:22:00,Low
63,2026-08-08 01:22:00+10:00,1,1,2,True,2026-08-08,01:22:00,Low
79,2026-08-08 01:22:00+10:00,1,0,1,True,2026-08-08,01:22:00,Low
3,2026-08-08 01:22:00+10:00,6,2,8,True,2026-08-08,01:22:00,Low
6,2026-08-08 01:22:00+10:00,1,0,1,True,2026-08-08,01:22:00,Low
36,2026-08-08 01:22:00+10:00,4,0,4,True,2026-08-08,01:22:00,Low
40,2026-08-08 01:22:00+10:00,1,0,1,True,2026-08-08,01:22:00,Low
41,2026-08-08 01:22:00+10:00,3,1,4,True,2026-08-08,01:22:00,Low
61,2026-08-08 01:22:00+10:00,1,0,1,True,2026-08-08,01:22:00,Low
66,2026-08-08 01:22:00+10:00,4,1,5,True,2026-08-08,01:22:00,Low
70,2026-08-08 01:22:00+10:00,0,2,2,True,2026-08-08,01:22:00,Low
209,2026-08-08 01:22:00+10:00,1,2,3,True,2026-08-08,01:22:00,Low
1,2026-08-08 01:22:00+10:00,2,0,2,True,2026-08-08,01:22:00,Low
12,2026-08-08 01:22:00+10:00,1,0,1,True,2026-08-08,01:22:00,Low
67,2026-08-08 01:22:00+10:00,0,4,4,True,2026-08-08,01:22:00,Low
68,2026-08-08 01:22:00+10:00,0,1,1,True,2026-08-08,01:22:00,Low
187,2026-08-08 01:22:00+10:00,1,0,1,True,2026-08-08,01:22:00,Low
4,2026-08-08 01:22:00+10:00,11,38,49,True,2026-08-08,01:22:00,Low
31,2026-08-08 01:22:00+10:00,2,0,2,True,2026-08-08,01:22:00,Low
2,2026-08-08 01:22:00+10:00,1,0,1,True,2026-08-08,01:22:00,Low
10,2026-08-08 01:22:00+10:00,1,0,1,True,2026-08-08,01:22:00,Low
51,2026-08-08 01:22:00+10:00,0,1,1,True,2026-08-08,01:22:00,Low
53,2026-08-08 01:22:00+10:00,4,0,4,True,2026-08-08,01:22:00,Low
56,2026-08-08 01:22:00+10:00,0,2,2,True,2026-08-08,01:22:00,Low
62,2026-08-08 01:22:00+10:00,0,2,2,True,2026-08-08,01:22:00,Low
72,2026-08-08 01:22:00+10:00,0,1,1,True,2026-08-08,01:22:00,Low
4,2026-08-08 01:21:00+10:00,10,27,37,True,2026-08-08,01:21:00,Low
36,2026-08-08 01:21:00+10:00,2,2,4,True,2026-08-08,01:21:00,Low
41,2026-08-08 01:21:00+10:00,1,3,4,True,2026-08-08,01:21:00,Low
66,2026-08-08 01:21:00+10:00,2,3,5,True,2026-08-08,01:21:00,Low
1,2026-08-08 01:21:00+10:00,1,0,1,True,2026-08-08,01:21:00,Low
51,2026-08-08 01:21:00+10:00,1,0,1,True,2026-08-08,01:21:00,Low
62,2026-08-08 01:21:00+10:00,2,0,2,True,2026-08-08,01:21:00,Low
6,2026-08-08 01:21:00+10:00,2,0,2,True,2026-08-08,01:21:00,Low
71,2026-08-08 01:21:00+10:00,2,0,2,True,2026-08-08,01:21:00,Low
17,2026-08-08 01:21:00+10:00,0,1,1,True,2026-08-08,01:21:00,Low
20,2026-08-08 01:21:00+10:00,0,1,1,True,2026-08-08,01:21:00,Low
67,2026-08-08 01:21:00+10:00,0,4,4,True,2026-08-08,01:21:00,Low
3,2026-08-08 01:21:00+10:00,9,2,11,True,2026-08-08,01:21:00,Low
42,2026-08-08 01:21:00+10:00,1,0,1,True,2026-08-08,01:21:00,Low
19,2026-08-08 01:21:00+10:00,2,7,9,True,2026-08-08,01:21:00,Low
24,2026-08-08 01:21:00+10:00,1,0,1,True,2026-08-08,01:21:00,Low
52,2026-08-08 01:21:00+10:00,3,0,3,True,2026-08-08,01:21:00,Low
53,2026-08-08 01:21:00+10:00,1,1,2,True,2026-08-08,01:21:00,Low
63,2026-08-08 01:21:00+10:00,4,10,14,True,2026-08-08,01:21:00,Low
85,2026-08-08 01:21:00+10:00,1,0,1,True,2026-08-08,01:21:00,Low
187,2026-08-08 01:21:00+10:00,1,1,2,True,2026-08-08,01:21:00,Low
4,2026-08-08 01:20:00+10:00,6,18,24,True,2026-08-08,01:20:00,Low
132,2026-08-08 01:20:00+10:00,1,2,3,True,2026-08-08,01:20:00,Low
134,2026-08-08 01:20:00+10:00,4,0,4,True,2026-08-08,01:20:00,Low
182,2026-08-08 01:20:00+10:00,16,13,29,True,2026-08-08,01:20:00,Low
184,2026-08-08 01:20:00+10:00,2,4,6,True,2026-08-08,01:20:00,Low
2,2026-08-08 01:20:00+10:00,0,3,3,True,2026-08-08,01:20:00,Low
10,2026-08-08 01:20:00+10:00,0,1,1,True,2026-08-08,01:20:00,Low
11,2026-08-08 01:20:00+10:00,0,1,1,True,2026-08-08,01:20:00,Low
24,2026-08-08 01:20:00+10:00,0,8,8,True,2026-08-08,01:20:00,Low
35,2026-08-08 01:20:00+10:00,1,1,2,True,2026-08-08,01:20:00,Low
142,2026-08-08 01:20:00+10:00,0,2,2,True,2026-08-08,01:20:00,Low
3,2026-08-08 01:20:00+10:00,2,4,6,True,2026-08-08,01:20:00,Low
6,2026-08-08 01:20:00+10:00,1,0,1,True,2026-08-08,01:20:00,Low
36,2026-08-08 01:20:00+10:00,2,6,8,True,2026-08-08,01:20:00,Low
37,2026-08-08 01:20:00+10:00,4,1,5,True,2026-08-08,01:20:00,Low
41,2026-08-08 01:20:00+10:00,1,1,2,True,2026-08-08,01:20:00,Low
47,2026-08-08 01:20:00+10:00,14,24,38,True,2026-08-08,01:20:00,Low
54,2026-08-08 01:20:00+10:00,3,0,3,True,2026-08-08,01:20:00,Low
59,2026-08-08 01:20:00+10:00,21,1,22,True,2026-08-08,01:20:00,Low
66,2026-08-08 01:20:00+10:00,4,0,4,True,2026-08-08,01:20:00,Low
84,2026-08-08 01:20:00+10:00,6,13,19,True,2026-08-08,01:20:00,Low
135,2026-08-08 01:20:00+10:00,0,3,3,True,2026-08-08,01:20:00,Low
185,2026-08-08 01:20:00+10:00,7,9,16,True,2026-08-08,01:20:00,Low
209,2026-08-08 01:20:00+10:00,1,0,1,True,2026-08-08,01:20:00,Low
1,2026-08-08 01:20:00+10:00,0,3,3,True,2026-08-08,01:20:00,Low
17,2026-08-08 01:20:00+10:00,1,0,1,True,2026-08-08,01:20:00,Low
25,2026-08-08 01:20:00+10:00,2,0,2,True,2026-08-08,01:20:00,Low
30,2026-08-08 01:20:00+10:00,21,9,30,True,2026-08-08,01:20:00,Low
49,2026-08-08 01:20:00+10:00,2,7,9,True,2026-08-08,01:20:00,Low
56,2026-08-08 01:20:00+10:00,2,0,2,True,2026-08-08,01:20:00,Low
62,2026-08-08 01:20:00+10:00,3,0,3,True,2026-08-08,01:20:00,Low
79,2026-08-08 01:20:00+10:00,4,0,4,True,2026-08-08,01:20:00,Low
141,2026-08-08 01:20:00+10:00,15,1,16,True,2026-08-08,01:20:00,Low
161,2026-08-08 01:20:00+10:00,1,4,5,True,2026-08-08,01:20:00,Low
187,2026-08-08 01:20:00+10:00,1,0,1,True,2026-08-08,01:20:00,Low
5,2026-08-08 01:20:00+10:00,7,5,12,True,2026-08-08,01:20:00,Low
21,2026-08-08 01:20:00+10:00,9,8,17,True,2026-08-08,01:20:00,Low
45,2026-08-08 01:20:00+10:00,16,27,43,True,2026-08-08,01:20:00,Low
107,2026-08-08 01:20:00+10:00,0,1,1,True,2026-08-08,01:20:00,Low
131,2026-08-08 01:20:00+10:00,8,4,12,True,2026-08-08,01:20:00,Low
133,2026-08-08 01:20:00+10:00,4,1,5,True,2026-08-08,01:20:00,Low
143,2026-08-08 01:20:00+10:00,8,2,10,True,2026-08-08,01:20:00,Low
162,2026-08-08 01:20:00+10:00,4,5,9,True,2026-08-08,01:20:00,Low
179,2026-08-08 01:20:00+10:00,4,1,5,True,2026-08-08,01:20:00,Low
181,2026-08-08 01:20:00+10:00,0,3,3,True,2026-08-08,01:20:00,Low
23,2026-08-08 01:20:00+10:00,1,0,1,True,2026-08-08,01:20:00,Low
48,2026-08-08 01:20:00+10:00,1,0,1,True,2026-08-08,01:20:00,Low
58,2026-08-08 01:20:00+10:00,7,8,15,True,2026-08-08,01:20:00,Low
63,2026-08-08 01:20:00+10:00,0,1,1,True,2026-08-08,01:20:00,Low
68,2026-08-08 01:20:00+10:00,0,1,1,True,2026-08-08,01:20:00,Low
109,2026-08-08 01:20:00+10:00,3,2,5,True,2026-08-08,01:20:00,Low
136,2026-08-08 01:20:00+10:00,3,0,3,True,2026-08-08,01:20:00,Low
4,2026-08-08 01:19:00+10:00,14,41,55,True,2026-08-08,01:19:00,Medium
31,2026-08-08 01:19:00+10:00,0,1,1,True,2026-08-08,01:19:00,Low
36,2026-08-08 01:19:00+10:00,4,3,7,True,2026-08-08,01:19:00,Low
66,2026-08-08 01:19:00+10:00,1,0,1,True,2026-08-08,01:19:00,Low
11,2026-08-08 01:19:00+10:00,2,0,2,True,2026-08-08,01:19:00,Low
17,2026-08-08 01:19:00+10:00,1,0,1,True,2026-08-08,01:19:00,Low
19,2026-08-08 01:19:00+10:00,2,2,4,True,2026-08-08,01:19:00,Low
20,2026-08-08 01:19:00+10:00,0,3,3,True,2026-08-08,01:19:00,Low
52,2026-08-08 01:19:00+10:00,0,3,3,True,2026-08-08,01:19:00,Low
79,2026-08-08 01:19:00+10:00,0,4,4,True,2026-08-08,01:19:00,Low
3,2026-08-08 01:19:00+10:00,3,4,7,True,2026-08-08,01:19:00,Low
29,2026-08-08 01:19:00+10:00,2,0,2,True,2026-08-08,01:19:00,Low
40,2026-08-08 01:19:00+10:00,1,0,1,True,2026-08-08,01:19:00,Low
41,2026-08-08 01:19:00+10:00,9,7,16,True,2026-08-08,01:19:00,Low
69,2026-08-08 01:19:00+10:00,0,1,1,True,2026-08-08,01:19:00,Low
209,2026-08-08 01:19:00+10:00,2,0,2,True,2026-08-08,01:19:00,Low
63,2026-08-08 01:19:00+10:00,0,3,3,True,2026-08-08,01:19:00,Low
181,2026-08-08 01:19:00+10:00,1,11,12,True,2026-08-08,01:19:00,Low
2,2026-08-08 01:19:00+10:00,1,5,6,True,2026-08-08,01:19:00,Low
24,2026-08-08 01:19:00+10:00,2,0,2,True,2026-08-08,01:19:00,Low
35,2026-08-08 01:19:00+10:00,0,4,4,True,2026-08-08,01:19:00,Low
53,2026-08-08 01:19:00+10:00,1,1,2,True,2026-08-08,01:19:00,Low
56,2026-08-08 01:19:00+10:00,2,0,2,True,2026-08-08,01:19:00,Low
62,2026-08-08 01:19:00+10:00,1,0,1,True,2026-08-08,01:19:00,Low
67,2026-08-08 01:19:00+10:00,1,1,2,True,2026-08-08,01:19:00,Low
14,2026-08-08 01:18:00+10:00,0,1,1,True,2026-08-08,01:18:00,Low
181,2026-08-08 01:18:00+10:00,1,2,3,True,2026-08-08,01:18:00,Low
2,2026-08-08 01:18:00+10:00,0,1,1,True,2026-08-08,01:18:00,Low
19,2026-08-08 01:18:00+10:00,9,6,15,True,2026-08-08,01:18:00,Low
35,2026-08-08 01:18:00+10:00,0,1,1,True,2026-08-08,01:18:00,Low
63,2026-08-08 01:18:00+10:00,1,3,4,True,2026-08-08,01:18:00,Low
3,2026-08-08 01:18:00+10:00,7,3,10,True,2026-08-08,01:18:00,Low
4,2026-08-08 01:18:00+10:00,9,18,27,True,2026-08-08,01:18:00,Low
36,2026-08-08 01:18:00+10:00,0,1,1,True,2026-08-08,01:18:00,Low
40,2026-08-08 01:18:00+10:00,0,8,8,True,2026-08-08,01:18:00,Low
41,2026-08-08 01:18:00+10:00,5,1,6,True,2026-08-08,01:18:00,Low
61,2026-08-08 01:18:00+10:00,0,1,1,True,2026-08-08,01:18:00,Low
66,2026-08-08 01:18:00+10:00,3,3,6,True,2026-08-08,01:18:00,Low
69,2026-08-08 01:18:00+10:00,1,0,1,True,2026-08-08,01:18:00,Low
187,2026-08-08 01:18:00+10:00,2,0,2,True,2026-08-08,01:18:00,Low
1,2026-08-08 01:18:00+10:00,0,3,3,True,2026-08-08,01:18:00,Low
24,2026-08-08 01:18:00+10:00,0,8,8,True,2026-08-08,01:18:00,Low
52,2026-08-08 01:18:00+10:00,1,0,1,True,2026-08-08,01:18:00,Low
53,2026-08-08 01:18:00+10:00,0,2,2,True,2026-08-08,01:18:00,Low
67,2026-08-08 01:18:00+10:00,2,0,2,True,2026-08-08,01:18:00,Low
79,2026-08-08 01:18:00+10:00,5,2,7,True,2026-08-08,01:18:00,Low
36,2026-08-08 01:17:00+10:00,1,3,4,True,2026-08-08,01:17:00,Low
41,2026-08-08 01:17:00+10:00,4,9,13,True,2026-08-08,01:17:00,Low
209,2026-08-08 01:17:00+10:00,0,1,1,True,2026-08-08,01:17:00,Low
1,2026-08-08 01:17:00+10:00,0,2,2,True,2026-08-08,01:17:00,Low
19,2026-08-08 01:17:00+10:00,1,6,7,True,2026-08-08,01:17:00,Low
51,2026-08-08 01:17:00+10:00,0,1,1,True,2026-08-08,01:17:00,Low
52,2026-08-08 01:17:00+10:00,0,4,4,True,2026-08-08,01:17:00,Low
67,2026-08-08 01:17:00+10:00,2,1,3,True,2026-08-08,01:17:00,Low
76,2026-08-08 01:17:00+10:00,0,1,1,True,2026-08-08,01:17:00,Low
4,2026-08-08 01:17:00+10:00,3,10,13,True,2026-08-08,01:17:00,Low
181,2026-08-08 01:17:00+10:00,6,3,9,True,2026-08-08,01:17:00,Low
2,2026-08-08 01:17:00+10:00,1,4,5,True,2026-08-08,01:17:00,Low
20,2026-08-08 01:17:00+10:00,1,1,2,True,2026-08-08,01:17:00,Low
35,2026-08-08 01:17:00+10:00,1,1,2,True,2026-08-08,01:17:00,Low
63,2026-08-08 01:17:00+10:00,4,5,9,True,2026-08-08,01:17:00,Low
79,2026-08-08 01:17:00+10:00,3,0,3,True,2026-08-08,01:17:00,Low
3,2026-08-08 01:17:00+10:00,7,0,7,True,2026-08-08,01:17:00,Low
40,2026-08-08 01:17:00+10:00,0,1,1,True,2026-08-08,01:17:00,Low
66,2026-08-08 01:17:00+10:00,2,0,2,True,2026-08-08,01:17:00,Low
12,2026-08-08 01:17:00+10:00,0,1,1,True,2026-08-08,01:17:00,Low
3,2026-08-08 01:16:00+10:00,17,5,22,True,2026-08-08,01:16:00,Low
36,2026-08-08 01:16:00+10:00,1,0,1,True,2026-08-08,01:16:00,Low
35,2026-08-08 01:16:00+10:00,3,0,3,True,2026-08-08,01:16:00,Low
4,2026-08-08 01:16:00+10:00,6,19,25,True,2026-08-08,01:16:00,Low
41,2026-08-08 01:16:00+10:00,5,2,7,True,2026-08-08,01:16:00,Low
181,2026-08-08 01:16:00+10:00,1,2,3,True,2026-08-08,01:16:00,Low
19,2026-08-08 01:16:00+10:00,3,1,4,True,2026-08-08,01:16:00,Low
24,2026-08-08 01:16:00+10:00,1,0,1,True,2026-08-08,01:16:00,Low
52,2026-08-08 01:16:00+10:00,1,0,1,True,2026-08-08,01:16:00,Low
56,2026-08-08 01:16:00+10:00,0,1,1,True,2026-08-08,01:16:00,Low
63,2026-08-08 01:16:00+10:00,1,0,1,True,2026-08-08,01:16:00,Low
79,2026-08-08 01:16:00+10:00,0,1,1,True,2026-08-08,01:16:00,Low
6,2026-08-08 01:16:00+10:00,2,0,2,True,2026-08-08,01:16:00,Low
61,2026-08-08 01:16:00+10:00,5,0,5,True,2026-08-08,01:16:00,Low
66,2026-08-08 01:16:00+10:00,3,2,5,True,2026-08-08,01:16:00,Low
20,2026-08-08 01:16:00+10:00,0,4,4,True,2026-08-08,01:16:00,Low
53,2026-08-08 01:16:00+10:00,0,1,1,True,2026-08-08,01:16:00,Low
3,2026-08-08 01:15:00+10:00,2,10,12,True,2026-08-08,01:15:00,Low
4,2026-08-08 01:15:00+10:00,6,12,18,True,2026-08-08,01:15:00,Low
5,2026-08-08 01:15:00+10:00,6,3,9,True,2026-08-08,01:15:00,Low
21,2026-08-08 01:15:00+10:00,6,10,16,True,2026-08-08,01:15:00,Low
36,2026-08-08 01:15:00+10:00,8,0,8,True,2026-08-08,01:15:00,Low
41,2026-08-08 01:15:00+10:00,3,3,6,True,2026-08-08,01:15:00,Low
42,2026-08-08 01:15:00+10:00,1,0,1,True,2026-08-08,01:15:00,Low
45,2026-08-08 01:15:00+10:00,10,15,25,True,2026-08-08,01:15:00,Low
59,2026-08-08 01:15:00+10:00,19,3,22,True,2026-08-08,01:15:00,Low
77,2026-08-08 01:15:00+10:00,1,0,1,True,2026-08-08,01:15:00,Low
134,2026-08-08 01:15:00+10:00,4,11,15,True,2026-08-08,01:15:00,Low
162,2026-08-08 01:15:00+10:00,11,6,17,True,2026-08-08,01:15:00,Low
165,2026-08-08 01:15:00+10:00,1,0,1,True,2026-08-08,01:15:00,Low
166,2026-08-08 01:15:00+10:00,0,1,1,True,2026-08-08,01:15:00,Low
167,2026-08-08 01:15:00+10:00,1,0,1,True,2026-08-08,01:15:00,Low
181,2026-08-08 01:15:00+10:00,7,13,20,True,2026-08-08,01:15:00,Low
182,2026-08-08 01:15:00+10:00,2,6,8,True,2026-08-08,01:15:00,Low
185,2026-08-08 01:15:00+10:00,10,14,24,True,2026-08-08,01:15:00,Low
9,2026-08-08 01:15:00+10:00,0,1,1,True,2026-08-08,01:15:00,Low
19,2026-08-08 01:15:00+10:00,1,4,5,True,2026-08-08,01:15:00,Low
23,2026-08-08 01:15:00+10:00,1,0,1,True,2026-08-08,01:15:00,Low
30,2026-08-08 01:15:00+10:00,20,12,32,True,2026-08-08,01:15:00,Low
48,2026-08-08 01:15:00+10:00,1,0,1,True,2026-08-08,01:15:00,Low
52,2026-08-08 01:15:00+10:00,1,2,3,True,2026-08-08,01:15:00,Low
56,2026-08-08 01:15:00+10:00,0,4,4,True,2026-08-08,01:15:00,Low
67,2026-08-08 01:15:00+10:00,1,2,3,True,2026-08-08,01:15:00,Low
164,2026-08-08 01:15:00+10:00,3,1,4,True,2026-08-08,01:15:00,Low
37,2026-08-08 01:15:00+10:00,1,0,1,True,2026-08-08,01:15:00,Low
84,2026-08-08 01:15:00+10:00,5,19,24,True,2026-08-08,01:15:00,Low
132,2026-08-08 01:15:00+10:00,3,2,5,True,2026-08-08,01:15:00,Low
184,2026-08-08 01:15:00+10:00,6,1,7,True,2026-08-08,01:15:00,Low
1,2026-08-08 01:15:00+10:00,0,2,2,True,2026-08-08,01:15:00,Low
27,2026-08-08 01:15:00+10:00,2,0,2,True,2026-08-08,01:15:00,Low
35,2026-08-08 01:15:00+10:00,0,3,3,True,2026-08-08,01:15:00,Low
53,2026-08-08 01:15:00+10:00,1,4,5,True,2026-08-08,01:15:00,Low
58,2026-08-08 01:15:00+10:00,3,2,5,True,2026-08-08,01:15:00,Low
161,2026-08-08 01:15:00+10:00,4,2,6,True,2026-08-08,01:15:00,Low
31,2026-08-08 01:15:00+10:00,0,1,1,True,2026-08-08,01:15:00,Low
44,2026-08-08 01:15:00+10:00,1,0,1,True,2026-08-08,01:15:00,Low
47,2026-08-08 01:15:00+10:00,11,1,12,True,2026-08-08,01:15:00,Low
54,2026-08-08 01:15:00+10:00,0,1,1,True,2026-08-08,01:15:00,Low
66,2026-08-08 01:15:00+10:00,10,4,14,True,2026-08-08,01:15:00,Low
107,2026-08-08 01:15:00+10:00,0,3,3,True,2026-08-08,01:15:00,Low
131,2026-08-08 01:15:00+10:00,5,4,9,True,2026-08-08,01:15:00,Low
133,2026-08-08 01:15:00+10:00,6,2,8,True,2026-08-08,01:15:00,Low
135,2026-08-08 01:15:00+10:00,2,3,5,True,2026-08-08,01:15:00,Low
143,2026-08-08 01:15:00+10:00,1,3,4,True,2026-08-08,01:15:00,Low
209,2026-08-08 01:15:00+10:00,0,2,2,True,2026-08-08,01:15:00,Low
20,2026-08-08 01:15:00+10:00,0,6,6,True,2026-08-08,01:15:00,Low
25,2026-08-08 01:15:00+10:00,3,5,8,True,2026-08-08,01:15:00,Low
49,2026-08-08 01:15:00+10:00,3,2,5,True,2026-08-08,01:15:00,Low
62,2026-08-08 01:15:00+10:00,0,1,1,True,2026-08-08,01:15:00,Low
63,2026-08-08 01:15:00+10:00,0,6,6,True,2026-08-08,01:15:00,Low
109,2026-08-08 01:15:00+10:00,2,1,3,True,2026-08-08,01:15:00,Low
139,2026-08-08 01:15:00+10:00,0,7,7,True,2026-08-08,01:15:00,Low
141,2026-08-08 01:15:00+10:00,6,2,8,True,2026-08-08,01:15:00,Low
142,2026-08-08 01:15:00+10:00,5,0,5,True,2026-08-08,01:15:00,Low
6,2026-08-08 01:14:00+10:00,1,0,1,True,2026-08-08,01:14:00,Low
29,2026-08-08 01:14:00+10:00,2,0,2,True,2026-08-08,01:14:00,Low
36,2026-08-08 01:14:00+10:00,1,4,5,True,2026-08-08,01:14:00,Low
40,2026-08-08 01:14:00+10:00,1,0,1,True,2026-08-08,01:14:00,Low
181,2026-08-08 01:14:00+10:00,5,5,10,True,2026-08-08,01:14:00,Low
209,2026-08-08 01:14:00+10:00,2,2,4,True,2026-08-08,01:14:00,Low
2,2026-08-08 01:14:00+10:00,0,2,2,True,2026-08-08,01:14:00,Low
35,2026-08-08 01:14:00+10:00,0,2,2,True,2026-08-08,01:14:00,Low
52,2026-08-08 01:14:00+10:00,0,3,3,True,2026-08-08,01:14:00,Low
62,2026-08-08 01:14:00+10:00,2,2,4,True,2026-08-08,01:14:00,Low
63,2026-08-08 01:14:00+10:00,6,2,8,True,2026-08-08,01:14:00,Low
79,2026-08-08 01:14:00+10:00,2,0,2,True,2026-08-08,01:14:00,Low
3,2026-08-08 01:14:00+10:00,1,6,7,True,2026-08-08,01:14:00,Low
4,2026-08-08 01:14:00+10:00,4,22,26,True,2026-08-08,01:14:00,Low
61,2026-08-08 01:14:00+10:00,4,0,4,True,2026-08-08,01:14:00,Low
20,2026-08-08 01:14:00+10:00,2,3,5,True,2026-08-08,01:14:00,Low
51,2026-08-08 01:14:00+10:00,1,0,1,True,2026-08-08,01:14:00,Low
53,2026-08-08 01:14:00+10:00,3,0,3,True,2026-08-08,01:14:00,Low
41,2026-08-08 01:14:00+10:00,2,8,10,True,2026-08-08,01:14:00,Low
19,2026-08-08 01:14:00+10:00,2,1,3,True,2026-08-08,01:14:00,Low
56,2026-08-08 01:14:00+10:00,2,8,10,True,2026-08-08,01:14:00,Low
67,2026-08-08 01:14:00+10:00,4,0,4,True,2026-08-08,01:14:00,Low
72,2026-08-08 01:14:00+10:00,0,1,1,True,2026-08-08,01:14:00,Low
4,2026-08-08 01:13:00+10:00,2,13,15,True,2026-08-08,01:13:00,Low
41,2026-08-08 01:13:00+10:00,2,1,3,True,2026-08-08,01:13:00,Low
42,2026-08-08 01:13:00+10:00,0,1,1,True,2026-08-08,01:13:00,Low
181,2026-08-08 01:13:00+10:00,10,3,13,True,2026-08-08,01:13:00,Low
209,2026-08-08 01:13:00+10:00,1,4,5,True,2026-08-08,01:13:00,Low
1,2026-08-08 01:13:00+10:00,3,2,5,True,2026-08-08,01:13:00,Low
24,2026-08-08 01:13:00+10:00,0,2,2,True,2026-08-08,01:13:00,Low
62,2026-08-08 01:13:00+10:00,0,2,2,True,2026-08-08,01:13:00,Low
66,2026-08-08 01:13:00+10:00,0,5,5,True,2026-08-08,01:13:00,Low
70,2026-08-08 01:13:00+10:00,0,1,1,True,2026-08-08,01:13:00,Low
20,2026-08-08 01:13:00+10:00,2,4,6,True,2026-08-08,01:13:00,Low
52,2026-08-08 01:13:00+10:00,1,11,12,True,2026-08-08,01:13:00,Low
79,2026-08-08 01:13:00+10:00,4,2,6,True,2026-08-08,01:13:00,Low
3,2026-08-08 01:13:00+10:00,8,4,12,True,2026-08-08,01:13:00,Low
6,2026-08-08 01:13:00+10:00,0,1,1,True,2026-08-08,01:13:00,Low
36,2026-08-08 01:13:00+10:00,3,8,11,True,2026-08-08,01:13:00,Low
19,2026-08-08 01:13:00+10:00,0,3,3,True,2026-08-08,01:13:00,Low
53,2026-08-08 01:13:00+10:00,4,0,4,True,2026-08-08,01:13:00,Low
63,2026-08-08 01:13:00+10:00,3,0,3,True,2026-08-08,01:13:00,Low
67,2026-08-08 01:13:00+10:00,0,2,2,True,2026-08-08,01:13:00,Low
3,2026-08-08 01:12:00+10:00,14,7,21,True,2026-08-08,01:12:00,Low
14,2026-08-08 01:12:00+10:00,1,0,1,True,2026-08-08,01:12:00,Low
40,2026-08-08 01:12:00+10:00,0,2,2,True,2026-08-08,01:12:00,Low
1,2026-08-08 01:12:00+10:00,0,1,1,True,2026-08-08,01:12:00,Low
62,2026-08-08 01:12:00+10:00,4,2,6,True,2026-08-08,01:12:00,Low
63,2026-08-08 01:12:00+10:00,7,5,12,True,2026-08-08,01:12:00,Low
68,2026-08-08 01:12:00+10:00,1,0,1,True,2026-08-08,01:12:00,Low
4,2026-08-08 01:12:00+10:00,1,10,11,True,2026-08-08,01:12:00,Low
41,2026-08-08 01:12:00+10:00,2,0,2,True,2026-08-08,01:12:00,Low
181,2026-08-08 01:12:00+10:00,6,4,10,True,2026-08-08,01:12:00,Low
12,2026-08-08 01:12:00+10:00,0,1,1,True,2026-08-08,01:12:00,Low
19,2026-08-08 01:12:00+10:00,3,3,6,True,2026-08-08,01:12:00,Low
20,2026-08-08 01:12:00+10:00,5,1,6,True,2026-08-08,01:12:00,Low
36,2026-08-08 01:12:00+10:00,4,0,4,True,2026-08-08,01:12:00,Low
66,2026-08-08 01:12:00+10:00,1,2,3,True,2026-08-08,01:12:00,Low
209,2026-08-08 01:12:00+10:00,2,5,7,True,2026-08-08,01:12:00,Low
2,2026-08-08 01:12:00+10:00,0,3,3,True,2026-08-08,01:12:00,Low
24,2026-08-08 01:12:00+10:00,1,5,6,True,2026-08-08,01:12:00,Low
56,2026-08-08 01:12:00+10:00,0,3,3,True,2026-08-08,01:12:00,Low
6,2026-08-08 01:11:00+10:00,1,0,1,True,2026-08-08,01:11:00,Low
36,2026-08-08 01:11:00+10:00,4,2,6,True,2026-08-08,01:11:00,Low
66,2026-08-08 01:11:00+10:00,1,0,1,True,2026-08-08,01:11:00,Low
181,2026-08-08 01:11:00+10:00,4,2,6,True,2026-08-08,01:11:00,Low
24,2026-08-08 01:11:00+10:00,2,1,3,True,2026-08-08,01:11:00,Low
35,2026-08-08 01:11:00+10:00,3,2,5,True,2026-08-08,01:11:00,Low
52,2026-08-08 01:11:00+10:00,1,2,3,True,2026-08-08,01:11:00,Low
62,2026-08-08 01:11:00+10:00,0,1,1,True,2026-08-08,01:11:00,Low
3,2026-08-08 01:11:00+10:00,8,1,9,True,2026-08-08,01:11:00,Low
4,2026-08-08 01:11:00+10:00,1,5,6,True,2026-08-08,01:11:00,Low
209,2026-08-08 01:11:00+10:00,1,0,1,True,2026-08-08,01:11:00,Low
56,2026-08-08 01:11:00+10:00,3,0,3,True,2026-08-08,01:11:00,Low
67,2026-08-08 01:11:00+10:00,0,1,1,True,2026-08-08,01:11:00,Low
85,2026-08-08 01:11:00+10:00,1,0,1,True,2026-08-08,01:11:00,Low
41,2026-08-08 01:11:00+10:00,1,1,2,True,2026-08-08,01:11:00,Low
19,2026-08-08 01:11:00+10:00,5,0,5,True,2026-08-08,01:11:00,Low
20,2026-08-08 01:11:00+10:00,5,4,9,True,2026-08-08,01:11:00,Low
53,2026-08-08 01:11:00+10:00,1,0,1,True,2026-08-08,01:11:00,Low
63,2026-08-08 01:11:00+10:00,9,2,11,True,2026-08-08,01:11:00,Low
4,2026-08-08 01:10:00+10:00,14,1,15,True,2026-08-08,01:10:00,Low
5,2026-08-08 01:10:00+10:00,15,13,28,True,2026-08-08,01:10:00,Low
6,2026-08-08 01:10:00+10:00,1,0,1,True,2026-08-08,01:10:00,Low
43,2026-08-08 01:10:00+10:00,2,1,3,True,2026-08-08,01:10:00,Low
44,2026-08-08 01:10:00+10:00,0,2,2,True,2026-08-08,01:10:00,Low
47,2026-08-08 01:10:00+10:00,10,13,23,True,2026-08-08,01:10:00,Low
54,2026-08-08 01:10:00+10:00,1,2,3,True,2026-08-08,01:10:00,Low
61,2026-08-08 01:10:00+10:00,2,4,6,True,2026-08-08,01:10:00,Low
131,2026-08-08 01:10:00+10:00,13,3,16,True,2026-08-08,01:10:00,Low
132,2026-08-08 01:10:00+10:00,0,3,3,True,2026-08-08,01:10:00,Low
134,2026-08-08 01:10:00+10:00,6,9,15,True,2026-08-08,01:10:00,Low
162,2026-08-08 01:10:00+10:00,14,6,20,True,2026-08-08,01:10:00,Low
179,2026-08-08 01:10:00+10:00,0,2,2,True,2026-08-08,01:10:00,Low
209,2026-08-08 01:10:00+10:00,2,0,2,True,2026-08-08,01:10:00,Low
25,2026-08-08 01:10:00+10:00,1,1,2,True,2026-08-08,01:10:00,Low
27,2026-08-08 01:10:00+10:00,1,1,2,True,2026-08-08,01:10:00,Low
30,2026-08-08 01:10:00+10:00,23,13,36,True,2026-08-08,01:10:00,Low
49,2026-08-08 01:10:00+10:00,5,5,10,True,2026-08-08,01:10:00,Low
56,2026-08-08 01:10:00+10:00,1,0,1,True,2026-08-08,01:10:00,Low
58,2026-08-08 01:10:00+10:00,6,7,13,True,2026-08-08,01:10:00,Low
63,2026-08-08 01:10:00+10:00,3,0,3,True,2026-08-08,01:10:00,Low
3,2026-08-08 01:10:00+10:00,7,6,13,True,2026-08-08,01:10:00,Low
21,2026-08-08 01:10:00+10:00,9,8,17,True,2026-08-08,01:10:00,Low
36,2026-08-08 01:10:00+10:00,0,2,2,True,2026-08-08,01:10:00,Low
37,2026-08-08 01:10:00+10:00,0,1,1,True,2026-08-08,01:10:00,Low
42,2026-08-08 01:10:00+10:00,1,0,1,True,2026-08-08,01:10:00,Low
45,2026-08-08 01:10:00+10:00,4,24,28,True,2026-08-08,01:10:00,Low
50,2026-08-08 01:10:00+10:00,1,1,2,True,2026-08-08,01:10:00,Low
59,2026-08-08 01:10:00+10:00,8,1,9,True,2026-08-08,01:10:00,Low
71,2026-08-08 01:10:00+10:00,2,0,2,True,2026-08-08,01:10:00,Low
107,2026-08-08 01:10:00+10:00,3,3,6,True,2026-08-08,01:10:00,Low
133,2026-08-08 01:10:00+10:00,2,4,6,True,2026-08-08,01:10:00,Low
135,2026-08-08 01:10:00+10:00,2,2,4,True,2026-08-08,01:10:00,Low
181,2026-08-08 01:10:00+10:00,4,4,8,True,2026-08-08,01:10:00,Low
182,2026-08-08 01:10:00+10:00,12,8,20,True,2026-08-08,01:10:00,Low
184,2026-08-08 01:10:00+10:00,4,16,20,True,2026-08-08,01:10:00,Low
185,2026-08-08 01:10:00+10:00,15,10,25,True,2026-08-08,01:10:00,Low
11,2026-08-08 01:10:00+10:00,0,2,2,True,2026-08-08,01:10:00,Low
20,2026-08-08 01:10:00+10:00,2,2,4,True,2026-08-08,01:10:00,Low
23,2026-08-08 01:10:00+10:00,5,1,6,True,2026-08-08,01:10:00,Low
35,2026-08-08 01:10:00+10:00,2,0,2,True,2026-08-08,01:10:00,Low
67,2026-08-08 01:10:00+10:00,1,2,3,True,2026-08-08,01:10:00,Low
109,2026-08-08 01:10:00+10:00,1,2,3,True,2026-08-08,01:10:00,Low
139,2026-08-08 01:10:00+10:00,2,0,2,True,2026-08-08,01:10:00,Low
141,2026-08-08 01:10:00+10:00,4,3,7,True,2026-08-08,01:10:00,Low
41,2026-08-08 01:10:00+10:00,4,13,17,True,2026-08-08,01:10:00,Low
66,2026-08-08 01:10:00+10:00,2,0,2,True,2026-08-08,01:10:00,Low
77,2026-08-08 01:10:00+10:00,4,2,6,True,2026-08-08,01:10:00,Low
84,2026-08-08 01:10:00+10:00,1,13,14,True,2026-08-08,01:10:00,Low
143,2026-08-08 01:10:00+10:00,9,4,13,True,2026-08-08,01:10:00,Low
1,2026-08-08 01:10:00+10:00,0,3,3,True,2026-08-08,01:10:00,Low
2,2026-08-08 01:10:00+10:00,7,0,7,True,2026-08-08,01:10:00,Low
19,2026-08-08 01:10:00+10:00,4,1,5,True,2026-08-08,01:10:00,Low
24,2026-08-08 01:10:00+10:00,3,2,5,True,2026-08-08,01:10:00,Low
48,2026-08-08 01:10:00+10:00,1,0,1,True,2026-08-08,01:10:00,Low
52,2026-08-08 01:10:00+10:00,3,7,10,True,2026-08-08,01:10:00,Low
62,2026-08-08 01:10:00+10:00,1,1,2,True,2026-08-08,01:10:00,Low
142,2026-08-08 01:10:00+10:00,7,3,10,True,2026-08-08,01:10:00,Low
164,2026-08-08 01:10:00+10:00,4,0,4,True,2026-08-08,01:10:00,Low
187,2026-08-08 01:10:00+10:00,1,2,3,True,2026-08-08,01:10:00,Low
181,2026-08-08 01:09:00+10:00,4,0,4,True,2026-08-08,01:09:00,Low
35,2026-08-08 01:09:00+10:00,0,1,1,True,2026-08-08,01:09:00,Low
51,2026-08-08 01:09:00+10:00,0,1,1,True,2026-08-08,01:09:00,Low
63,2026-08-08 01:09:00+10:00,0,3,3,True,2026-08-08,01:09:00,Low
3,2026-08-08 01:09:00+10:00,7,8,15,True,2026-08-08,01:09:00,Low
36,2026-08-08 01:09:00+10:00,2,0,2,True,2026-08-08,01:09:00,Low
42,2026-08-08 01:09:00+10:00,0,1,1,True,2026-08-08,01:09:00,Low
66,2026-08-08 01:09:00+10:00,0,3,3,True,2026-08-08,01:09:00,Low
209,2026-08-08 01:09:00+10:00,3,0,3,True,2026-08-08,01:09:00,Low
2,2026-08-08 01:09:00+10:00,0,1,1,True,2026-08-08,01:09:00,Low
19,2026-08-08 01:09:00+10:00,0,1,1,True,2026-08-08,01:09:00,Low
56,2026-08-08 01:09:00+10:00,4,2,6,True,2026-08-08,01:09:00,Low
50,2026-08-08 01:09:00+10:00,0,1,1,True,2026-08-08,01:09:00,Low
17,2026-08-08 01:09:00+10:00,2,0,2,True,2026-08-08,01:09:00,Low
20,2026-08-08 01:09:00+10:00,3,3,6,True,2026-08-08,01:09:00,Low
24,2026-08-08 01:09:00+10:00,0,5,5,True,2026-08-08,01:09:00,Low
52,2026-08-08 01:09:00+10:00,3,6,9,True,2026-08-08,01:09:00,Low
67,2026-08-08 01:09:00+10:00,2,0,2,True,2026-08-08,01:09:00,Low
4,2026-08-08 01:09:00+10:00,11,1,12,True,2026-08-08,01:09:00,Low
6,2026-08-08 01:09:00+10:00,3,2,5,True,2026-08-08,01:09:00,Low
41,2026-08-08 01:09:00+10:00,2,4,6,True,2026-08-08,01:09:00,Low
71,2026-08-08 01:08:00+10:00,0,2,2,True,2026-08-08,01:08:00,Low
17,2026-08-08 01:08:00+10:00,1,0,1,True,2026-08-08,01:08:00,Low
24,2026-08-08 01:08:00+10:00,0,1,1,True,2026-08-08,01:08:00,Low
3,2026-08-08 01:08:00+10:00,14,3,17,True,2026-08-08,01:08:00,Low
181,2026-08-08 01:08:00+10:00,2,2,4,True,2026-08-08,01:08:00,Low
2,2026-08-08 01:08:00+10:00,5,1,6,True,2026-08-08,01:08:00,Low
35,2026-08-08 01:08:00+10:00,1,0,1,True,2026-08-08,01:08:00,Low
51,2026-08-08 01:08:00+10:00,0,1,1,True,2026-08-08,01:08:00,Low
62,2026-08-08 01:08:00+10:00,1,0,1,True,2026-08-08,01:08:00,Low
6,2026-08-08 01:08:00+10:00,1,0,1,True,2026-08-08,01:08:00,Low
14,2026-08-08 01:08:00+10:00,0,1,1,True,2026-08-08,01:08:00,Low
40,2026-08-08 01:08:00+10:00,2,0,2,True,2026-08-08,01:08:00,Low
50,2026-08-08 01:08:00+10:00,1,0,1,True,2026-08-08,01:08:00,Low
61,2026-08-08 01:08:00+10:00,1,0,1,True,2026-08-08,01:08:00,Low
66,2026-08-08 01:08:00+10:00,4,0,4,True,2026-08-08,01:08:00,Low
70,2026-08-08 01:08:00+10:00,0,1,1,True,2026-08-08,01:08:00,Low
209,2026-08-08 01:08:00+10:00,2,0,2,True,2026-08-08,01:08:00,Low
19,2026-08-08 01:08:00+10:00,3,4,7,True,2026-08-08,01:08:00,Low
52,2026-08-08 01:08:00+10:00,1,5,6,True,2026-08-08,01:08:00,Low
53,2026-08-08 01:08:00+10:00,2,0,2,True,2026-08-08,01:08:00,Low
56,2026-08-08 01:08:00+10:00,4,4,8,True,2026-08-08,01:08:00,Low
63,2026-08-08 01:08:00+10:00,5,0,5,True,2026-08-08,01:08:00,Low
79,2026-08-08 01:08:00+10:00,2,3,5,True,2026-08-08,01:08:00,Low
4,2026-08-08 01:08:00+10:00,4,8,12,True,2026-08-08,01:08:00,Low
36,2026-08-08 01:08:00+10:00,4,1,5,True,2026-08-08,01:08:00,Low
41,2026-08-08 01:08:00+10:00,2,3,5,True,2026-08-08,01:08:00,Low
42,2026-08-08 01:08:00+10:00,0,1,1,True,2026-08-08,01:08:00,Low
75,2026-08-08 01:07:00+10:00,0,1,1,True,2026-08-08,01:07:00,Low
24,2026-08-08 01:07:00+10:00,0,1,1,True,2026-08-08,01:07:00,Low
56,2026-08-08 01:07:00+10:00,0,5,5,True,2026-08-08,01:07:00,Low
63,2026-08-08 01:07:00+10:00,0,2,2,True,2026-08-08,01:07:00,Low
67,2026-08-08 01:07:00+10:00,1,2,3,True,2026-08-08,01:07:00,Low
68,2026-08-08 01:07:00+10:00,0,1,1,True,2026-08-08,01:07:00,Low
79,2026-08-08 01:07:00+10:00,0,1,1,True,2026-08-08,01:07:00,Low
3,2026-08-08 01:07:00+10:00,5,6,11,True,2026-08-08,01:07:00,Low
181,2026-08-08 01:07:00+10:00,1,5,6,True,2026-08-08,01:07:00,Low
17,2026-08-08 01:07:00+10:00,1,0,1,True,2026-08-08,01:07:00,Low
35,2026-08-08 01:07:00+10:00,1,3,4,True,2026-08-08,01:07:00,Low
61,2026-08-08 01:07:00+10:00,1,0,1,True,2026-08-08,01:07:00,Low
1,2026-08-08 01:07:00+10:00,4,3,7,True,2026-08-08,01:07:00,Low
2,2026-08-08 01:07:00+10:00,0,2,2,True,2026-08-08,01:07:00,Low
19,2026-08-08 01:07:00+10:00,3,0,3,True,2026-08-08,01:07:00,Low
20,2026-08-08 01:07:00+10:00,0,10,10,True,2026-08-08,01:07:00,Low
52,2026-08-08 01:07:00+10:00,0,4,4,True,2026-08-08,01:07:00,Low
4,2026-08-08 01:07:00+10:00,1,3,4,True,2026-08-08,01:07:00,Low
36,2026-08-08 01:07:00+10:00,8,2,10,True,2026-08-08,01:07:00,Low
41,2026-08-08 01:07:00+10:00,2,2,4,True,2026-08-08,01:07:00,Low
66,2026-08-08 01:07:00+10:00,2,0,2,True,2026-08-08,01:07:00,Low
9,2026-08-08 01:06:00+10:00,2,1,3,True,2026-08-08,01:06:00,Low
10,2026-08-08 01:06:00+10:00,2,0,2,True,2026-08-08,01:06:00,Low
35,2026-08-08 01:06:00+10:00,1,2,3,True,2026-08-08,01:06:00,Low
52,2026-08-08 01:06:00+10:00,4,9,13,True,2026-08-08,01:06:00,Low
56,2026-08-08 01:06:00+10:00,5,7,12,True,2026-08-08,01:06:00,Low
3,2026-08-08 01:06:00+10:00,2,0,2,True,2026-08-08,01:06:00,Low
4,2026-08-08 01:06:00+10:00,2,7,9,True,2026-08-08,01:06:00,Low
36,2026-08-08 01:06:00+10:00,2,1,3,True,2026-08-08,01:06:00,Low
42,2026-08-08 01:06:00+10:00,1,0,1,True,2026-08-08,01:06:00,Low
75,2026-08-08 01:06:00+10:00,1,0,1,True,2026-08-08,01:06:00,Low
181,2026-08-08 01:06:00+10:00,2,1,3,True,2026-08-08,01:06:00,Low
209,2026-08-08 01:06:00+10:00,0,2,2,True,2026-08-08,01:06:00,Low
1,2026-08-08 01:06:00+10:00,2,1,3,True,2026-08-08,01:06:00,Low
20,2026-08-08 01:06:00+10:00,1,1,2,True,2026-08-08,01:06:00,Low
24,2026-08-08 01:06:00+10:00,4,0,4,True,2026-08-08,01:06:00,Low
187,2026-08-08 01:06:00+10:00,0,3,3,True,2026-08-08,01:06:00,Low
2,2026-08-08 01:06:00+10:00,0,2,2,True,2026-08-08,01:06:00,Low
19,2026-08-08 01:06:00+10:00,1,1,2,True,2026-08-08,01:06:00,Low
53,2026-08-08 01:06:00+10:00,0,3,3,True,2026-08-08,01:06:00,Low
63,2026-08-08 01:06:00+10:00,2,2,4,True,2026-08-08,01:06:00,Low
41,2026-08-08 01:06:00+10:00,5,3,8,True,2026-08-08,01:06:00,Low
131,2026-08-08 01:05:00+10:00,18,3,21,True,2026-08-08,01:05:00,Low
135,2026-08-08 01:05:00+10:00,1,6,7,True,2026-08-08,01:05:00,Low
1,2026-08-08 01:05:00+10:00,2,1,3,True,2026-08-08,01:05:00,Low
19,2026-08-08 01:05:00+10:00,2,9,11,True,2026-08-08,01:05:00,Low
20,2026-08-08 01:05:00+10:00,2,6,8,True,2026-08-08,01:05:00,Low
25,2026-08-08 01:05:00+10:00,1,1,2,True,2026-08-08,01:05:00,Low
27,2026-08-08 01:05:00+10:00,2,4,6,True,2026-08-08,01:05:00,Low
35,2026-08-08 01:05:00+10:00,1,2,3,True,2026-08-08,01:05:00,Low
49,2026-08-08 01:05:00+10:00,4,8,12,True,2026-08-08,01:05:00,Low
51,2026-08-08 01:05:00+10:00,1,0,1,True,2026-08-08,01:05:00,Low
56,2026-08-08 01:05:00+10:00,2,2,4,True,2026-08-08,01:05:00,Low
79,2026-08-08 01:05:00+10:00,0,2,2,True,2026-08-08,01:05:00,Low
4,2026-08-08 01:05:00+10:00,3,6,9,True,2026-08-08,01:05:00,Low
5,2026-08-08 01:05:00+10:00,3,6,9,True,2026-08-08,01:05:00,Low
21,2026-08-08 01:05:00+10:00,8,7,15,True,2026-08-08,01:05:00,Low
41,2026-08-08 01:05:00+10:00,6,2,8,True,2026-08-08,01:05:00,Low
44,2026-08-08 01:05:00+10:00,4,0,4,True,2026-08-08,01:05:00,Low
45,2026-08-08 01:05:00+10:00,6,16,22,True,2026-08-08,01:05:00,Low
59,2026-08-08 01:05:00+10:00,34,5,39,True,2026-08-08,01:05:00,Low
84,2026-08-08 01:05:00+10:00,9,16,25,True,2026-08-08,01:05:00,Low
134,2026-08-08 01:05:00+10:00,6,8,14,True,2026-08-08,01:05:00,Low
162,2026-08-08 01:05:00+10:00,12,8,20,True,2026-08-08,01:05:00,Low
165,2026-08-08 01:05:00+10:00,0,1,1,True,2026-08-08,01:05:00,Low
179,2026-08-08 01:05:00+10:00,3,0,3,True,2026-08-08,01:05:00,Low
181,2026-08-08 01:05:00+10:00,11,4,15,True,2026-08-08,01:05:00,Low
46,2026-08-08 01:05:00+10:00,0,2,2,True,2026-08-08,01:05:00,Low
48,2026-08-08 01:05:00+10:00,2,3,5,True,2026-08-08,01:05:00,Low
52,2026-08-08 01:05:00+10:00,0,7,7,True,2026-08-08,01:05:00,Low
58,2026-08-08 01:05:00+10:00,6,5,11,True,2026-08-08,01:05:00,Low
63,2026-08-08 01:05:00+10:00,2,4,6,True,2026-08-08,01:05:00,Low
109,2026-08-08 01:05:00+10:00,0,2,2,True,2026-08-08,01:05:00,Low
137,2026-08-08 01:05:00+10:00,0,1,1,True,2026-08-08,01:05:00,Low
54,2026-08-08 01:05:00+10:00,2,0,2,True,2026-08-08,01:05:00,Low
61,2026-08-08 01:05:00+10:00,1,0,1,True,2026-08-08,01:05:00,Low
66,2026-08-08 01:05:00+10:00,2,2,4,True,2026-08-08,01:05:00,Low
77,2026-08-08 01:05:00+10:00,2,2,4,True,2026-08-08,01:05:00,Low
107,2026-08-08 01:05:00+10:00,1,2,3,True,2026-08-08,01:05:00,Low
133,2026-08-08 01:05:00+10:00,5,7,12,True,2026-08-08,01:05:00,Low
143,2026-08-08 01:05:00+10:00,8,0,8,True,2026-08-08,01:05:00,Low
182,2026-08-08 01:05:00+10:00,13,10,23,True,2026-08-08,01:05:00,Low
184,2026-08-08 01:05:00+10:00,5,16,21,True,2026-08-08,01:05:00,Low
185,2026-08-08 01:05:00+10:00,5,9,14,True,2026-08-08,01:05:00,Low
209,2026-08-08 01:05:00+10:00,0,3,3,True,2026-08-08,01:05:00,Low
9,2026-08-08 01:05:00+10:00,0,1,1,True,2026-08-08,01:05:00,Low
10,2026-08-08 01:05:00+10:00,0,1,1,True,2026-08-08,01:05:00,Low
23,2026-08-08 01:05:00+10:00,1,4,5,True,2026-08-08,01:05:00,Low
30,2026-08-08 01:05:00+10:00,30,6,36,True,2026-08-08,01:05:00,Low
67,2026-08-08 01:05:00+10:00,2,0,2,True,2026-08-08,01:05:00,Low
117,2026-08-08 01:05:00+10:00,3,2,5,True,2026-08-08,01:05:00,Low
141,2026-08-08 01:05:00+10:00,4,0,4,True,2026-08-08,01:05:00,Low
142,2026-08-08 01:05:00+10:00,2,1,3,True,2026-08-08,01:05:00,Low
164,2026-08-08 01:05:00+10:00,0,1,1,True,2026-08-08,01:05:00,Low
3,2026-08-08 01:05:00+10:00,1,3,4,True,2026-08-08,01:05:00,Low
6,2026-08-08 01:05:00+10:00,5,0,5,True,2026-08-08,01:05:00,Low
36,2026-08-08 01:05:00+10:00,1,1,2,True,2026-08-08,01:05:00,Low
43,2026-08-08 01:05:00+10:00,2,0,2,True,2026-08-08,01:05:00,Low
47,2026-08-08 01:05:00+10:00,3,12,15,True,2026-08-08,01:05:00,Low
181,2026-08-08 01:04:00+10:00,3,3,6,True,2026-08-08,01:04:00,Low
2,2026-08-08 01:04:00+10:00,0,1,1,True,2026-08-08,01:04:00,Low
19,2026-08-08 01:04:00+10:00,1,10,11,True,2026-08-08,01:04:00,Low
63,2026-08-08 01:04:00+10:00,1,2,3,True,2026-08-08,01:04:00,Low
40,2026-08-08 01:04:00+10:00,3,0,3,True,2026-08-08,01:04:00,Low
20,2026-08-08 01:04:00+10:00,1,2,3,True,2026-08-08,01:04:00,Low
53,2026-08-08 01:04:00+10:00,1,0,1,True,2026-08-08,01:04:00,Low
67,2026-08-08 01:04:00+10:00,0,1,1,True,2026-08-08,01:04:00,Low
4,2026-08-08 01:04:00+10:00,8,5,13,True,2026-08-08,01:04:00,Low
29,2026-08-08 01:04:00+10:00,2,0,2,True,2026-08-08,01:04:00,Low
36,2026-08-08 01:04:00+10:00,2,2,4,True,2026-08-08,01:04:00,Low
61,2026-08-08 01:04:00+10:00,0,6,6,True,2026-08-08,01:04:00,Low
66,2026-08-08 01:04:00+10:00,3,3,6,True,2026-08-08,01:04:00,Low
209,2026-08-08 01:04:00+10:00,0,4,4,True,2026-08-08,01:04:00,Low
62,2026-08-08 01:04:00+10:00,0,1,1,True,2026-08-08,01:04:00,Low
79,2026-08-08 01:04:00+10:00,2,5,7,True,2026-08-08,01:04:00,Low
3,2026-08-08 01:04:00+10:00,7,8,15,True,2026-08-08,01:04:00,Low
6,2026-08-08 01:04:00+10:00,4,0,4,True,2026-08-08,01:04:00,Low
41,2026-08-08 01:04:00+10:00,0,10,10,True,2026-08-08,01:04:00,Low
87,2026-08-08 01:03:00+10:00,0,1,1,True,2026-08-08,01:03:00,Low
9,2026-08-08 01:03:00+10:00,0,1,1,True,2026-08-08,01:03:00,Low
19,2026-08-08 01:03:00+10:00,1,2,3,True,2026-08-08,01:03:00,Low
62,2026-08-08 01:03:00+10:00,5,0,5,True,2026-08-08,01:03:00,Low
79,2026-08-08 01:03:00+10:00,2,1,3,True,2026-08-08,01:03:00,Low
36,2026-08-08 01:03:00+10:00,4,3,7,True,2026-08-08,01:03:00,Low
209,2026-08-08 01:03:00+10:00,0,2,2,True,2026-08-08,01:03:00,Low
1,2026-08-08 01:03:00+10:00,2,2,4,True,2026-08-08,01:03:00,Low
2,2026-08-08 01:03:00+10:00,1,0,1,True,2026-08-08,01:03:00,Low
20,2026-08-08 01:03:00+10:00,1,3,4,True,2026-08-08,01:03:00,Low
35,2026-08-08 01:03:00+10:00,3,2,5,True,2026-08-08,01:03:00,Low
63,2026-08-08 01:03:00+10:00,0,3,3,True,2026-08-08,01:03:00,Low
29,2026-08-08 01:03:00+10:00,0,1,1,True,2026-08-08,01:03:00,Low
66,2026-08-08 01:03:00+10:00,1,5,6,True,2026-08-08,01:03:00,Low
53,2026-08-08 01:03:00+10:00,1,0,1,True,2026-08-08,01:03:00,Low
3,2026-08-08 01:03:00+10:00,3,2,5,True,2026-08-08,01:03:00,Low
4,2026-08-08 01:03:00+10:00,3,8,11,True,2026-08-08,01:03:00,Low
6,2026-08-08 01:03:00+10:00,2,0,2,True,2026-08-08,01:03:00,Low
41,2026-08-08 01:03:00+10:00,5,6,11,True,2026-08-08,01:03:00,Low
71,2026-08-08 01:02:00+10:00,1,0,1,True,2026-08-08,01:02:00,Low
2,2026-08-08 01:02:00+10:00,1,4,5,True,2026-08-08,01:02:00,Low
20,2026-08-08 01:02:00+10:00,0,3,3,True,2026-08-08,01:02:00,Low
53,2026-08-08 01:02:00+10:00,5,3,8,True,2026-08-08,01:02:00,Low
63,2026-08-08 01:02:00+10:00,3,7,10,True,2026-08-08,01:02:00,Low
68,2026-08-08 01:02:00+10:00,1,1,2,True,2026-08-08,01:02:00,Low
4,2026-08-08 01:02:00+10:00,4,12,16,True,2026-08-08,01:02:00,Low
35,2026-08-08 01:02:00+10:00,1,1,2,True,2026-08-08,01:02:00,Low
29,2026-08-08 01:02:00+10:00,0,1,1,True,2026-08-08,01:02:00,Low
36,2026-08-08 01:02:00+10:00,2,7,9,True,2026-08-08,01:02:00,Low
41,2026-08-08 01:02:00+10:00,2,5,7,True,2026-08-08,01:02:00,Low
181,2026-08-08 01:02:00+10:00,0,3,3,True,2026-08-08,01:02:00,Low
1,2026-08-08 01:02:00+10:00,0,1,1,True,2026-08-08,01:02:00,Low
19,2026-08-08 01:02:00+10:00,3,0,3,True,2026-08-08,01:02:00,Low
62,2026-08-08 01:02:00+10:00,1,1,2,True,2026-08-08,01:02:00,Low
67,2026-08-08 01:02:00+10:00,0,2,2,True,2026-08-08,01:02:00,Low
79,2026-08-08 01:02:00+10:00,0,5,5,True,2026-08-08,01:02:00,Low
3,2026-08-08 01:02:00+10:00,7,1,8,True,2026-08-08,01:02:00,Low
66,2026-08-08 01:02:00+10:00,2,7,9,True,2026-08-08,01:02:00,Low
181,2026-08-08 01:01:00+10:00,0,2,2,True,2026-08-08,01:01:00,Low
209,2026-08-08 01:01:00+10:00,0,3,3,True,2026-08-08,01:01:00,Low
19,2026-08-08 01:01:00+10:00,0,3,3,True,2026-08-08,01:01:00,Low
62,2026-08-08 01:01:00+10:00,0,5,5,True,2026-08-08,01:01:00,Low
67,2026-08-08 01:01:00+10:00,0,1,1,True,2026-08-08,01:01:00,Low
4,2026-08-08 01:01:00+10:00,1,3,4,True,2026-08-08,01:01:00,Low
61,2026-08-08 01:01:00+10:00,1,3,4,True,2026-08-08,01:01:00,Low
66,2026-08-08 01:01:00+10:00,0,2,2,True,2026-08-08,01:01:00,Low
20,2026-08-08 01:01:00+10:00,3,2,5,True,2026-08-08,01:01:00,Low
35,2026-08-08 01:01:00+10:00,1,0,1,True,2026-08-08,01:01:00,Low
63,2026-08-08 01:01:00+10:00,0,8,8,True,2026-08-08,01:01:00,Low
29,2026-08-08 01:01:00+10:00,1,0,1,True,2026-08-08,01:01:00,Low
1,2026-08-08 01:01:00+10:00,0,2,2,True,2026-08-08,01:01:00,Low
2,2026-08-08 01:01:00+10:00,0,1,1,True,2026-08-08,01:01:00,Low
9,2026-08-08 01:01:00+10:00,0,1,1,True,2026-08-08,01:01:00,Low
79,2026-08-08 01:01:00+10:00,0,1,1,True,2026-08-08,01:01:00,Low
3,2026-08-08 01:01:00+10:00,2,7,9,True,2026-08-08,01:01:00,Low
36,2026-08-08 01:01:00+10:00,1,9,10,True,2026-08-08,01:01:00,Low
41,2026-08-08 01:01:00+10:00,5,5,10,True,2026-08-08,01:01:00,Low
107,2026-08-08 01:00:00+10:00,1,4,5,True,2026-08-08,01:00:00,Low
131,2026-08-08 01:00:00+10:00,1,5,6,True,2026-08-08,01:00:00,Low
132,2026-08-08 01:00:00+10:00,1,1,2,True,2026-08-08,01:00:00,Low
134,2026-08-08 01:00:00+10:00,3,5,8,True,2026-08-08,01:00:00,Low
135,2026-08-08 01:00:00+10:00,1,4,5,True,2026-08-08,01:00:00,Low
143,2026-08-08 01:00:00+10:00,12,3,15,True,2026-08-08,01:00:00,Low
167,2026-08-08 01:00:00+10:00,0,3,3,True,2026-08-08,01:00:00,Low
181,2026-08-08 01:00:00+10:00,1,4,5,True,2026-08-08,01:00:00,Low
182,2026-08-08 01:00:00+10:00,11,9,20,True,2026-08-08,01:00:00,Low
184,2026-08-08 01:00:00+10:00,1,12,13,True,2026-08-08,01:00:00,Low
19,2026-08-08 01:00:00+10:00,2,2,4,True,2026-08-08,01:00:00,Low
25,2026-08-08 01:00:00+10:00,2,2,4,True,2026-08-08,01:00:00,Low
30,2026-08-08 01:00:00+10:00,19,26,45,True,2026-08-08,01:00:00,Low
35,2026-08-08 01:00:00+10:00,0,2,2,True,2026-08-08,01:00:00,Low
58,2026-08-08 01:00:00+10:00,5,9,14,True,2026-08-08,01:00:00,Low
164,2026-08-08 01:00:00+10:00,0,5,5,True,2026-08-08,01:00:00,Low
6,2026-08-08 01:00:00+10:00,1,4,5,True,2026-08-08,01:00:00,Low
21,2026-08-08 01:00:00+10:00,5,8,13,True,2026-08-08,01:00:00,Low
43,2026-08-08 01:00:00+10:00,2,2,4,True,2026-08-08,01:00:00,Low
54,2026-08-08 01:00:00+10:00,1,1,2,True,2026-08-08,01:00:00,Low
162,2026-08-08 01:00:00+10:00,4,4,8,True,2026-08-08,01:00:00,Low
179,2026-08-08 01:00:00+10:00,0,2,2,True,2026-08-08,01:00:00,Low
11,2026-08-08 01:00:00+10:00,0,1,1,True,2026-08-08,01:00:00,Low
24,2026-08-08 01:00:00+10:00,7,4,11,True,2026-08-08,01:00:00,Low
27,2026-08-08 01:00:00+10:00,0,2,2,True,2026-08-08,01:00:00,Low
49,2026-08-08 01:00:00+10:00,6,2,8,True,2026-08-08,01:00:00,Low
141,2026-08-08 01:00:00+10:00,8,7,15,True,2026-08-08,01:00:00,Low
37,2026-08-08 01:00:00+10:00,3,3,6,True,2026-08-08,01:00:00,Low
41,2026-08-08 01:00:00+10:00,3,4,7,True,2026-08-08,01:00:00,Low
45,2026-08-08 01:00:00+10:00,4,23,27,True,2026-08-08,01:00:00,Low
59,2026-08-08 01:00:00+10:00,18,6,24,True,2026-08-08,01:00:00,Low
66,2026-08-08 01:00:00+10:00,2,0,2,True,2026-08-08,01:00:00,Low
77,2026-08-08 01:00:00+10:00,0,5,5,True,2026-08-08,01:00:00,Low
84,2026-08-08 01:00:00+10:00,3,2,5,True,2026-08-08,01:00:00,Low
133,2026-08-08 01:00:00+10:00,1,2,3,True,2026-08-08,01:00:00,Low
185,2026-08-08 01:00:00+10:00,8,17,25,True,2026-08-08,01:00:00,Low
17,2026-08-08 01:00:00+10:00,0,2,2,True,2026-08-08,01:00:00,Low
23,2026-08-08 01:00:00+10:00,0,2,2,True,2026-08-08,01:00:00,Low
46,2026-08-08 01:00:00+10:00,3,0,3,True,2026-08-08,01:00:00,Low
48,2026-08-08 01:00:00+10:00,0,2,2,True,2026-08-08,01:00:00,Low
62,2026-08-08 01:00:00+10:00,1,0,1,True,2026-08-08,01:00:00,Low
63,2026-08-08 01:00:00+10:00,3,5,8,True,2026-08-08,01:00:00,Low
109,2026-08-08 01:00:00+10:00,2,5,7,True,2026-08-08,01:00:00,Low
117,2026-08-08 01:00:00+10:00,9,1,10,True,2026-08-08,01:00:00,Low
139,2026-08-08 01:00:00+10:00,0,3,3,True,2026-08-08,01:00:00,Low
142,2026-08-08 01:00:00+10:00,1,1,2,True,2026-08-08,01:00:00,Low
3,2026-08-08 01:00:00+10:00,1,0,1,True,2026-08-08,01:00:00,Low
4,2026-08-08 01:00:00+10:00,4,11,15,True,2026-08-08,01:00:00,Low
5,2026-08-08 01:00:00+10:00,8,13,21,True,2026-08-08,01:00:00,Low
36,2026-08-08 01:00:00+10:00,3,2,5,True,2026-08-08,01:00:00,Low
47,2026-08-08 01:00:00+10:00,7,23,30,True,2026-08-08,01:00:00,Low
87,2026-08-08 00:59:00+10:00,5,0,5,True,2026-08-08,00:59:00,Low
181,2026-08-08 00:59:00+10:00,24,11,35,True,2026-08-08,00:59:00,Low
9,2026-08-08 00:59:00+10:00,0,1,1,True,2026-08-08,00:59:00,Low
24,2026-08-08 00:59:00+10:00,0,2,2,True,2026-08-08,00:59:00,Low
56,2026-08-08 00:59:00+10:00,2,1,3,True,2026-08-08,00:59:00,Low
62,2026-08-08 00:59:00+10:00,2,0,2,True,2026-08-08,00:59:00,Low
63,2026-08-08 00:59:00+10:00,1,2,3,True,2026-08-08,00:59:00,Low
72,2026-08-08 00:59:00+10:00,0,1,1,True,2026-08-08,00:59:00,Low
3,2026-08-08 00:59:00+10:00,2,3,5,True,2026-08-08,00:59:00,Low
61,2026-08-08 00:59:00+10:00,0,5,5,True,2026-08-08,00:59:00,Low
2,2026-08-08 00:59:00+10:00,1,1,2,True,2026-08-08,00:59:00,Low
10,2026-08-08 00:59:00+10:00,0,1,1,True,2026-08-08,00:59:00,Low
19,2026-08-08 00:59:00+10:00,0,5,5,True,2026-08-08,00:59:00,Low
53,2026-08-08 00:59:00+10:00,0,2,2,True,2026-08-08,00:59:00,Low
187,2026-08-08 00:59:00+10:00,3,4,7,True,2026-08-08,00:59:00,Low
36,2026-08-08 00:59:00+10:00,0,1,1,True,2026-08-08,00:59:00,Low
66,2026-08-08 00:59:00+10:00,1,1,2,True,2026-08-08,00:59:00,Low
70,2026-08-08 00:59:00+10:00,2,0,2,True,2026-08-08,00:59:00,Low
209,2026-08-08 00:59:00+10:00,2,0,2,True,2026-08-08,00:59:00,Low
17,2026-08-08 00:59:00+10:00,1,0,1,True,2026-08-08,00:59:00,Low
20,2026-08-08 00:59:00+10:00,4,1,5,True,2026-08-08,00:59:00,Low
35,2026-08-08 00:59:00+10:00,6,0,6,True,2026-08-08,00:59:00,Low
52,2026-08-08 00:59:00+10:00,2,6,8,True,2026-08-08,00:59:00,Low
79,2026-08-08 00:59:00+10:00,1,0,1,True,2026-08-08,00:59:00,Low
4,2026-08-08 00:59:00+10:00,8,7,15,True,2026-08-08,00:59:00,Low
41,2026-08-08 00:59:00+10:00,2,3,5,True,2026-08-08,00:59:00,Low
181,2026-08-08 00:58:00+10:00,0,10,10,True,2026-08-08,00:58:00,Low
209,2026-08-08 00:58:00+10:00,2,1,3,True,2026-08-08,00:58:00,Low
35,2026-08-08 00:58:00+10:00,1,2,3,True,2026-08-08,00:58:00,Low
53,2026-08-08 00:58:00+10:00,2,2,4,True,2026-08-08,00:58:00,Low
56,2026-08-08 00:58:00+10:00,1,2,3,True,2026-08-08,00:58:00,Low
63,2026-08-08 00:58:00+10:00,0,5,5,True,2026-08-08,00:58:00,Low
31,2026-08-08 00:58:00+10:00,0,1,1,True,2026-08-08,00:58:00,Low
36,2026-08-08 00:58:00+10:00,0,3,3,True,2026-08-08,00:58:00,Low
41,2026-08-08 00:58:00+10:00,5,9,14,True,2026-08-08,00:58:00,Low
2,2026-08-08 00:58:00+10:00,0,1,1,True,2026-08-08,00:58:00,Low
19,2026-08-08 00:58:00+10:00,6,0,6,True,2026-08-08,00:58:00,Low
20,2026-08-08 00:58:00+10:00,10,2,12,True,2026-08-08,00:58:00,Low
24,2026-08-08 00:58:00+10:00,6,0,6,True,2026-08-08,00:58:00,Low
3,2026-08-08 00:58:00+10:00,4,7,11,True,2026-08-08,00:58:00,Low
39,2026-08-08 00:58:00+10:00,0,1,1,True,2026-08-08,00:58:00,Low
66,2026-08-08 00:58:00+10:00,1,0,1,True,2026-08-08,00:58:00,Low
52,2026-08-08 00:58:00+10:00,0,1,1,True,2026-08-08,00:58:00,Low
79,2026-08-08 00:58:00+10:00,1,5,6,True,2026-08-08,00:58:00,Low
4,2026-08-08 00:58:00+10:00,12,2,14,True,2026-08-08,00:58:00,Low
40,2026-08-08 00:58:00+10:00,0,1,1,True,2026-08-08,00:58:00,Low
50,2026-08-08 00:58:00+10:00,1,1,2,True,2026-08-08,00:58:00,Low
209,2026-08-08 00:57:00+10:00,0,2,2,True,2026-08-08,00:57:00,Low
2,2026-08-08 00:57:00+10:00,0,5,5,True,2026-08-08,00:57:00,Low
3,2026-08-08 00:57:00+10:00,5,2,7,True,2026-08-08,00:57:00,Low
29,2026-08-08 00:57:00+10:00,2,2,4,True,2026-08-08,00:57:00,Low
31,2026-08-08 00:57:00+10:00,2,0,2,True,2026-08-08,00:57:00,Low
36,2026-08-08 00:57:00+10:00,1,0,1,True,2026-08-08,00:57:00,Low
181,2026-08-08 00:57:00+10:00,4,0,4,True,2026-08-08,00:57:00,Low
1,2026-08-08 00:57:00+10:00,1,1,2,True,2026-08-08,00:57:00,Low
24,2026-08-08 00:57:00+10:00,1,2,3,True,2026-08-08,00:57:00,Low
35,2026-08-08 00:57:00+10:00,1,3,4,True,2026-08-08,00:57:00,Low
52,2026-08-08 00:57:00+10:00,2,4,6,True,2026-08-08,00:57:00,Low
56,2026-08-08 00:57:00+10:00,0,2,2,True,2026-08-08,00:57:00,Low
63,2026-08-08 00:57:00+10:00,3,1,4,True,2026-08-08,00:57:00,Low
39,2026-08-08 00:57:00+10:00,1,1,2,True,2026-08-08,00:57:00,Low
41,2026-08-08 00:57:00+10:00,3,7,10,True,2026-08-08,00:57:00,Low
66,2026-08-08 00:57:00+10:00,0,2,2,True,2026-08-08,00:57:00,Low
19,2026-08-08 00:57:00+10:00,1,13,14,True,2026-08-08,00:57:00,Low
20,2026-08-08 00:57:00+10:00,2,3,5,True,2026-08-08,00:57:00,Low
51,2026-08-08 00:57:00+10:00,2,0,2,True,2026-08-08,00:57:00,Low
62,2026-08-08 00:57:00+10:00,3,5,8,True,2026-08-08,00:57:00,Low
79,2026-08-08 00:57:00+10:00,0,6,6,True,2026-08-08,00:57:00,Low
4,2026-08-08 00:57:00+10:00,4,6,10,True,2026-08-08,00:57:00,Low
6,2026-08-08 00:57:00+10:00,6,0,6,True,2026-08-08,00:57:00,Low
61,2026-08-08 00:57:00+10:00,9,0,9,True,2026-08-08,00:57:00,Low
19,2026-08-08 00:56:00+10:00,3,2,5,True,2026-08-08,00:56:00,Low
20,2026-08-08 00:56:00+10:00,3,1,4,True,2026-08-08,00:56:00,Low
52,2026-08-08 00:56:00+10:00,3,3,6,True,2026-08-08,00:56:00,Low
53,2026-08-08 00:56:00+10:00,5,0,5,True,2026-08-08,00:56:00,Low
67,2026-08-08 00:56:00+10:00,1,0,1,True,2026-08-08,00:56:00,Low
3,2026-08-08 00:56:00+10:00,0,8,8,True,2026-08-08,00:56:00,Low
6,2026-08-08 00:56:00+10:00,2,0,2,True,2026-08-08,00:56:00,Low
41,2026-08-08 00:56:00+10:00,8,2,10,True,2026-08-08,00:56:00,Low
66,2026-08-08 00:56:00+10:00,5,1,6,True,2026-08-08,00:56:00,Low
2,2026-08-08 00:56:00+10:00,0,3,3,True,2026-08-08,00:56:00,Low
24,2026-08-08 00:56:00+10:00,1,0,1,True,2026-08-08,00:56:00,Low
35,2026-08-08 00:56:00+10:00,2,4,6,True,2026-08-08,00:56:00,Low
63,2026-08-08 00:56:00+10:00,0,3,3,True,2026-08-08,00:56:00,Low
36,2026-08-08 00:56:00+10:00,0,1,1,True,2026-08-08,00:56:00,Low
61,2026-08-08 00:56:00+10:00,1,1,2,True,2026-08-08,00:56:00,Low
181,2026-08-08 00:56:00+10:00,7,4,11,True,2026-08-08,00:56:00,Low
209,2026-08-08 00:56:00+10:00,0,1,1,True,2026-08-08,00:56:00,Low
12,2026-08-08 00:56:00+10:00,0,1,1,True,2026-08-08,00:56:00,Low
56,2026-08-08 00:56:00+10:00,1,0,1,True,2026-08-08,00:56:00,Low
79,2026-08-08 00:56:00+10:00,2,1,3,True,2026-08-08,00:56:00,Low
187,2026-08-08 00:56:00+10:00,1,0,1,True,2026-08-08,00:56:00,Low
4,2026-08-08 00:56:00+10:00,5,11,16,True,2026-08-08,00:56:00,Low
14,2026-08-08 00:56:00+10:00,0,1,1,True,2026-08-08,00:56:00,Low
40,2026-08-08 00:56:00+10:00,0,1,1,True,2026-08-08,00:56:00,Low
77,2026-08-08 00:55:00+10:00,1,2,3,True,2026-08-08,00:55:00,Low
107,2026-08-08 00:55:00+10:00,0,2,2,True,2026-08-08,00:55:00,Low
143,2026-08-08 00:55:00+10:00,9,2,11,True,2026-08-08,00:55:00,Low
179,2026-08-08 00:55:00+10:00,3,1,4,True,2026-08-08,00:55:00,Low
181,2026-08-08 00:55:00+10:00,2,5,7,True,2026-08-08,00:55:00,Low
182,2026-08-08 00:55:00+10:00,12,10,22,True,2026-08-08,00:55:00,Low
27,2026-08-08 00:55:00+10:00,1,4,5,True,2026-08-08,00:55:00,Low
30,2026-08-08 00:55:00+10:00,8,14,22,True,2026-08-08,00:55:00,Low
46,2026-08-08 00:55:00+10:00,0,1,1,True,2026-08-08,00:55:00,Low
56,2026-08-08 00:55:00+10:00,1,0,1,True,2026-08-08,00:55:00,Low
62,2026-08-08 00:55:00+10:00,0,1,1,True,2026-08-08,00:55:00,Low
72,2026-08-08 00:55:00+10:00,1,0,1,True,2026-08-08,00:55:00,Low
79,2026-08-08 00:55:00+10:00,9,1,10,True,2026-08-08,00:55:00,Low
141,2026-08-08 00:55:00+10:00,4,5,9,True,2026-08-08,00:55:00,Low
142,2026-08-08 00:55:00+10:00,7,9,16,True,2026-08-08,00:55:00,Low
164,2026-08-08 00:55:00+10:00,0,1,1,True,2026-08-08,00:55:00,Low
37,2026-08-08 00:55:00+10:00,1,1,2,True,2026-08-08,00:55:00,Low
41,2026-08-08 00:55:00+10:00,4,5,9,True,2026-08-08,00:55:00,Low
44,2026-08-08 00:55:00+10:00,1,2,3,True,2026-08-08,00:55:00,Low
45,2026-08-08 00:55:00+10:00,11,19,30,True,2026-08-08,00:55:00,Low
59,2026-08-08 00:55:00+10:00,9,4,13,True,2026-08-08,00:55:00,Low
71,2026-08-08 00:55:00+10:00,0,1,1,True,2026-08-08,00:55:00,Low
84,2026-08-08 00:55:00+10:00,18,26,44,True,2026-08-08,00:55:00,Low
131,2026-08-08 00:55:00+10:00,2,11,13,True,2026-08-08,00:55:00,Low
132,2026-08-08 00:55:00+10:00,4,2,6,True,2026-08-08,00:55:00,Low
134,2026-08-08 00:55:00+10:00,9,2,11,True,2026-08-08,00:55:00,Low
135,2026-08-08 00:55:00+10:00,3,0,3,True,2026-08-08,00:55:00,Low
162,2026-08-08 00:55:00+10:00,6,6,12,True,2026-08-08,00:55:00,Low
209,2026-08-08 00:55:00+10:00,3,4,7,True,2026-08-08,00:55:00,Low
1,2026-08-08 00:55:00+10:00,2,2,4,True,2026-08-08,00:55:00,Low
35,2026-08-08 00:55:00+10:00,1,1,2,True,2026-08-08,00:55:00,Low
48,2026-08-08 00:55:00+10:00,1,4,5,True,2026-08-08,00:55:00,Low
58,2026-08-08 00:55:00+10:00,8,7,15,True,2026-08-08,00:55:00,Low
63,2026-08-08 00:55:00+10:00,3,6,9,True,2026-08-08,00:55:00,Low
67,2026-08-08 00:55:00+10:00,2,1,3,True,2026-08-08,00:55:00,Low
109,2026-08-08 00:55:00+10:00,0,6,6,True,2026-08-08,00:55:00,Low
139,2026-08-08 00:55:00+10:00,1,0,1,True,2026-08-08,00:55:00,Low
3,2026-08-08 00:55:00+10:00,8,2,10,True,2026-08-08,00:55:00,Low
4,2026-08-08 00:55:00+10:00,4,2,6,True,2026-08-08,00:55:00,Low
5,2026-08-08 00:55:00+10:00,3,14,17,True,2026-08-08,00:55:00,Low
21,2026-08-08 00:55:00+10:00,9,13,22,True,2026-08-08,00:55:00,Low
29,2026-08-08 00:55:00+10:00,0,2,2,True,2026-08-08,00:55:00,Low
39,2026-08-08 00:55:00+10:00,1,0,1,True,2026-08-08,00:55:00,Low
42,2026-08-08 00:55:00+10:00,0,1,1,True,2026-08-08,00:55:00,Low
133,2026-08-08 00:55:00+10:00,9,1,10,True,2026-08-08,00:55:00,Low
166,2026-08-08 00:55:00+10:00,2,0,2,True,2026-08-08,00:55:00,Low
185,2026-08-08 00:55:00+10:00,18,17,35,True,2026-08-08,00:55:00,Low
2,2026-08-08 00:55:00+10:00,0,6,6,True,2026-08-08,00:55:00,Low
12,2026-08-08 00:55:00+10:00,1,0,1,True,2026-08-08,00:55:00,Low
19,2026-08-08 00:55:00+10:00,0,1,1,True,2026-08-08,00:55:00,Low
20,2026-08-08 00:55:00+10:00,0,2,2,True,2026-08-08,00:55:00,Low
24,2026-08-08 00:55:00+10:00,1,2,3,True,2026-08-08,00:55:00,Low
25,2026-08-08 00:55:00+10:00,1,4,5,True,2026-08-08,00:55:00,Low
49,2026-08-08 00:55:00+10:00,2,4,6,True,2026-08-08,00:55:00,Low
85,2026-08-08 00:55:00+10:00,0,1,1,True,2026-08-08,00:55:00,Low
117,2026-08-08 00:55:00+10:00,2,0,2,True,2026-08-08,00:55:00,Low
161,2026-08-08 00:55:00+10:00,1,0,1,True,2026-08-08,00:55:00,Low
6,2026-08-08 00:55:00+10:00,1,0,1,True,2026-08-08,00:55:00,Low
36,2026-08-08 00:55:00+10:00,0,3,3,True,2026-08-08,00:55:00,Low
47,2026-08-08 00:55:00+10:00,4,4,8,True,2026-08-08,00:55:00,Low
54,2026-08-08 00:55:00+10:00,4,0,4,True,2026-08-08,00:55:00,Low
66,2026-08-08 00:55:00+10:00,0,2,2,True,2026-08-08,00:55:00,Low
209,2026-08-08 00:54:00+10:00,0,3,3,True,2026-08-08,00:54:00,Low
2,2026-08-08 00:54:00+10:00,0,3,3,True,2026-08-08,00:54:00,Low
19,2026-08-08 00:54:00+10:00,6,0,6,True,2026-08-08,00:54:00,Low
35,2026-08-08 00:54:00+10:00,1,2,3,True,2026-08-08,00:54:00,Low
53,2026-08-08 00:54:00+10:00,0,2,2,True,2026-08-08,00:54:00,Low
56,2026-08-08 00:54:00+10:00,1,1,2,True,2026-08-08,00:54:00,Low
63,2026-08-08 00:54:00+10:00,1,0,1,True,2026-08-08,00:54:00,Low
85,2026-08-08 00:54:00+10:00,0,1,1,True,2026-08-08,00:54:00,Low
3,2026-08-08 00:54:00+10:00,0,5,5,True,2026-08-08,00:54:00,Low
29,2026-08-08 00:54:00+10:00,0,5,5,True,2026-08-08,00:54:00,Low
36,2026-08-08 00:54:00+10:00,1,0,1,True,2026-08-08,00:54:00,Low
66,2026-08-08 00:54:00+10:00,0,2,2,True,2026-08-08,00:54:00,Low
69,2026-08-08 00:54:00+10:00,0,1,1,True,2026-08-08,00:54:00,Low
4,2026-08-08 00:54:00+10:00,3,4,7,True,2026-08-08,00:54:00,Low
41,2026-08-08 00:54:00+10:00,6,7,13,True,2026-08-08,00:54:00,Low
61,2026-08-08 00:54:00+10:00,0,1,1,True,2026-08-08,00:54:00,Low
1,2026-08-08 00:54:00+10:00,3,2,5,True,2026-08-08,00:54:00,Low
11,2026-08-08 00:54:00+10:00,1,0,1,True,2026-08-08,00:54:00,Low
20,2026-08-08 00:54:00+10:00,3,1,4,True,2026-08-08,00:54:00,Low
62,2026-08-08 00:54:00+10:00,0,2,2,True,2026-08-08,00:54:00,Low
79,2026-08-08 00:54:00+10:00,2,1,3,True,2026-08-08,00:54:00,Low
181,2026-08-08 00:54:00+10:00,4,1,5,True,2026-08-08,00:54:00,Low
187,2026-08-08 00:54:00+10:00,0,7,7,True,2026-08-08,00:54:00,Low
181,2026-08-08 00:53:00+10:00,3,2,5,True,2026-08-08,00:53:00,Low
19,2026-08-08 00:53:00+10:00,3,4,7,True,2026-08-08,00:53:00,Low
35,2026-08-08 00:53:00+10:00,2,8,10,True,2026-08-08,00:53:00,Low
56,2026-08-08 00:53:00+10:00,2,4,6,True,2026-08-08,00:53:00,Low
41,2026-08-08 00:53:00+10:00,3,8,11,True,2026-08-08,00:53:00,Low
66,2026-08-08 00:53:00+10:00,4,0,4,True,2026-08-08,00:53:00,Low
6,2026-08-08 00:53:00+10:00,1,5,6,True,2026-08-08,00:53:00,Low
40,2026-08-08 00:53:00+10:00,0,3,3,True,2026-08-08,00:53:00,Low
61,2026-08-08 00:53:00+10:00,4,0,4,True,2026-08-08,00:53:00,Low
209,2026-08-08 00:53:00+10:00,0,1,1,True,2026-08-08,00:53:00,Low
1,2026-08-08 00:53:00+10:00,0,3,3,True,2026-08-08,00:53:00,Low
12,2026-08-08 00:53:00+10:00,1,0,1,True,2026-08-08,00:53:00,Low
62,2026-08-08 00:53:00+10:00,12,7,19,True,2026-08-08,00:53:00,Low
68,2026-08-08 00:53:00+10:00,1,0,1,True,2026-08-08,00:53:00,Low
20,2026-08-08 00:53:00+10:00,0,7,7,True,2026-08-08,00:53:00,Low
52,2026-08-08 00:53:00+10:00,2,1,3,True,2026-08-08,00:53:00,Low
3,2026-08-08 00:53:00+10:00,6,0,6,True,2026-08-08,00:53:00,Low
4,2026-08-08 00:53:00+10:00,3,5,8,True,2026-08-08,00:53:00,Low
29,2026-08-08 00:53:00+10:00,2,0,2,True,2026-08-08,00:53:00,Low
31,2026-08-08 00:53:00+10:00,0,1,1,True,2026-08-08,00:53:00,Low
36,2026-08-08 00:53:00+10:00,2,2,4,True,2026-08-08,00:53:00,Low
181,2026-08-08 00:52:00+10:00,5,9,14,True,2026-08-08,00:52:00,Low
2,2026-08-08 00:52:00+10:00,0,3,3,True,2026-08-08,00:52:00,Low
11,2026-08-08 00:52:00+10:00,1,0,1,True,2026-08-08,00:52:00,Low
24,2026-08-08 00:52:00+10:00,2,0,2,True,2026-08-08,00:52:00,Low
52,2026-08-08 00:52:00+10:00,0,4,4,True,2026-08-08,00:52:00,Low
63,2026-08-08 00:52:00+10:00,2,6,8,True,2026-08-08,00:52:00,Low
67,2026-08-08 00:52:00+10:00,0,10,10,True,2026-08-08,00:52:00,Low
66,2026-08-08 00:52:00+10:00,3,2,5,True,2026-08-08,00:52:00,Low
3,2026-08-08 00:52:00+10:00,10,1,11,True,2026-08-08,00:52:00,Low
4,2026-08-08 00:52:00+10:00,7,9,16,True,2026-08-08,00:52:00,Low
209,2026-08-08 00:52:00+10:00,0,3,3,True,2026-08-08,00:52:00,Low
56,2026-08-08 00:52:00+10:00,1,1,2,True,2026-08-08,00:52:00,Low
19,2026-08-08 00:52:00+10:00,0,6,6,True,2026-08-08,00:52:00,Low
20,2026-08-08 00:52:00+10:00,2,1,3,True,2026-08-08,00:52:00,Low
35,2026-08-08 00:52:00+10:00,4,0,4,True,2026-08-08,00:52:00,Low
79,2026-08-08 00:52:00+10:00,1,1,2,True,2026-08-08,00:52:00,Low
29,2026-08-08 00:52:00+10:00,0,3,3,True,2026-08-08,00:52:00,Low
41,2026-08-08 00:52:00+10:00,8,8,16,True,2026-08-08,00:52:00,Low
61,2026-08-08 00:52:00+10:00,1,0,1,True,2026-08-08,00:52:00,Low
1,2026-08-08 00:51:00+10:00,1,0,1,True,2026-08-08,00:51:00,Low
2,2026-08-08 00:51:00+10:00,2,0,2,True,2026-08-08,00:51:00,Low
18,2026-08-08 00:51:00+10:00,0,1,1,True,2026-08-08,00:51:00,Low
52,2026-08-08 00:51:00+10:00,1,6,7,True,2026-08-08,00:51:00,Low
53,2026-08-08 00:51:00+10:00,4,3,7,True,2026-08-08,00:51:00,Low
79,2026-08-08 00:51:00+10:00,4,2,6,True,2026-08-08,00:51:00,Low
29,2026-08-08 00:51:00+10:00,0,2,2,True,2026-08-08,00:51:00,Low
31,2026-08-08 00:51:00+10:00,0,3,3,True,2026-08-08,00:51:00,Low
36,2026-08-08 00:51:00+10:00,2,5,7,True,2026-08-08,00:51:00,Low
66,2026-08-08 00:51:00+10:00,4,1,5,True,2026-08-08,00:51:00,Low
3,2026-08-08 00:51:00+10:00,0,2,2,True,2026-08-08,00:51:00,Low
4,2026-08-08 00:51:00+10:00,0,5,5,True,2026-08-08,00:51:00,Low
41,2026-08-08 00:51:00+10:00,5,9,14,True,2026-08-08,00:51:00,Low
69,2026-08-08 00:51:00+10:00,0,7,7,True,2026-08-08,00:51:00,Low
209,2026-08-08 00:51:00+10:00,1,10,11,True,2026-08-08,00:51:00,Low
17,2026-08-08 00:51:00+10:00,0,1,1,True,2026-08-08,00:51:00,Low
19,2026-08-08 00:51:00+10:00,2,0,2,True,2026-08-08,00:51:00,Low
24,2026-08-08 00:51:00+10:00,0,2,2,True,2026-08-08,00:51:00,Low
62,2026-08-08 00:51:00+10:00,2,0,2,True,2026-08-08,00:51:00,Low
68,2026-08-08 00:51:00+10:00,3,4,7,True,2026-08-08,00:51:00,Low
181,2026-08-08 00:51:00+10:00,2,2,4,True,2026-08-08,00:51:00,Low
20,2026-08-08 00:51:00+10:00,6,4,10,True,2026-08-08,00:51:00,Low
56,2026-08-08 00:51:00+10:00,0,2,2,True,2026-08-08,00:51:00,Low
63,2026-08-08 00:51:00+10:00,1,1,2,True,2026-08-08,00:51:00,Low
187,2026-08-08 00:51:00+10:00,1,2,3,True,2026-08-08,00:51:00,Low
61,2026-08-08 00:51:00+10:00,1,0,1,True,2026-08-08,00:51:00,Low
70,2026-08-08 00:51:00+10:00,2,0,2,True,2026-08-08,00:51:00,Low
107,2026-08-08 00:50:00+10:00,3,0,3,True,2026-08-08,00:50:00,Low
132,2026-08-08 00:50:00+10:00,5,5,10,True,2026-08-08,00:50:00,Low
133,2026-08-08 00:50:00+10:00,5,0,5,True,2026-08-08,00:50:00,Low
134,2026-08-08 00:50:00+10:00,3,4,7,True,2026-08-08,00:50:00,Low
181,2026-08-08 00:50:00+10:00,1,3,4,True,2026-08-08,00:50:00,Low
182,2026-08-08 00:50:00+10:00,6,4,10,True,2026-08-08,00:50:00,Low
185,2026-08-08 00:50:00+10:00,12,8,20,True,2026-08-08,00:50:00,Low
11,2026-08-08 00:50:00+10:00,1,0,1,True,2026-08-08,00:50:00,Low
27,2026-08-08 00:50:00+10:00,1,1,2,True,2026-08-08,00:50:00,Low
46,2026-08-08 00:50:00+10:00,1,0,1,True,2026-08-08,00:50:00,Low
48,2026-08-08 00:50:00+10:00,2,1,3,True,2026-08-08,00:50:00,Low
49,2026-08-08 00:50:00+10:00,8,1,9,True,2026-08-08,00:50:00,Low
63,2026-08-08 00:50:00+10:00,0,2,2,True,2026-08-08,00:50:00,Low
68,2026-08-08 00:50:00+10:00,4,3,7,True,2026-08-08,00:50:00,Low
86,2026-08-08 00:50:00+10:00,0,1,1,True,2026-08-08,00:50:00,Low
164,2026-08-08 00:50:00+10:00,3,1,4,True,2026-08-08,00:50:00,Low
4,2026-08-08 00:50:00+10:00,0,6,6,True,2026-08-08,00:50:00,Low
37,2026-08-08 00:50:00+10:00,2,0,2,True,2026-08-08,00:50:00,Low
43,2026-08-08 00:50:00+10:00,2,0,2,True,2026-08-08,00:50:00,Low
45,2026-08-08 00:50:00+10:00,7,31,38,True,2026-08-08,00:50:00,Low
47,2026-08-08 00:50:00+10:00,7,5,12,True,2026-08-08,00:50:00,Low
54,2026-08-08 00:50:00+10:00,3,0,3,True,2026-08-08,00:50:00,Low
59,2026-08-08 00:50:00+10:00,11,3,14,True,2026-08-08,00:50:00,Low
66,2026-08-08 00:50:00+10:00,4,3,7,True,2026-08-08,00:50:00,Low
3,2026-08-08 00:50:00+10:00,0,3,3,True,2026-08-08,00:50:00,Low
5,2026-08-08 00:50:00+10:00,8,7,15,True,2026-08-08,00:50:00,Low
6,2026-08-08 00:50:00+10:00,1,0,1,True,2026-08-08,00:50:00,Low
36,2026-08-08 00:50:00+10:00,1,1,2,True,2026-08-08,00:50:00,Low
41,2026-08-08 00:50:00+10:00,6,4,10,True,2026-08-08,00:50:00,Low
77,2026-08-08 00:50:00+10:00,2,4,6,True,2026-08-08,00:50:00,Low
84,2026-08-08 00:50:00+10:00,7,13,20,True,2026-08-08,00:50:00,Low
131,2026-08-08 00:50:00+10:00,9,5,14,True,2026-08-08,00:50:00,Low
162,2026-08-08 00:50:00+10:00,5,12,17,True,2026-08-08,00:50:00,Low
167,2026-08-08 00:50:00+10:00,1,0,1,True,2026-08-08,00:50:00,Low
2,2026-08-08 00:50:00+10:00,0,2,2,True,2026-08-08,00:50:00,Low
23,2026-08-08 00:50:00+10:00,2,7,9,True,2026-08-08,00:50:00,Low
24,2026-08-08 00:50:00+10:00,1,11,12,True,2026-08-08,00:50:00,Low
25,2026-08-08 00:50:00+10:00,0,1,1,True,2026-08-08,00:50:00,Low
30,2026-08-08 00:50:00+10:00,6,4,10,True,2026-08-08,00:50:00,Low
35,2026-08-08 00:50:00+10:00,0,2,2,True,2026-08-08,00:50:00,Low
52,2026-08-08 00:50:00+10:00,0,2,2,True,2026-08-08,00:50:00,Low
56,2026-08-08 00:50:00+10:00,2,0,2,True,2026-08-08,00:50:00,Low
161,2026-08-08 00:50:00+10:00,0,2,2,True,2026-08-08,00:50:00,Low
135,2026-08-08 00:50:00+10:00,4,2,6,True,2026-08-08,00:50:00,Low
143,2026-08-08 00:50:00+10:00,7,2,9,True,2026-08-08,00:50:00,Low
184,2026-08-08 00:50:00+10:00,0,3,3,True,2026-08-08,00:50:00,Low
20,2026-08-08 00:50:00+10:00,3,1,4,True,2026-08-08,00:50:00,Low
58,2026-08-08 00:50:00+10:00,4,22,26,True,2026-08-08,00:50:00,Low
62,2026-08-08 00:50:00+10:00,2,1,3,True,2026-08-08,00:50:00,Low
79,2026-08-08 00:50:00+10:00,1,1,2,True,2026-08-08,00:50:00,Low
109,2026-08-08 00:50:00+10:00,1,0,1,True,2026-08-08,00:50:00,Low
117,2026-08-08 00:50:00+10:00,2,2,4,True,2026-08-08,00:50:00,Low
141,2026-08-08 00:50:00+10:00,5,6,11,True,2026-08-08,00:50:00,Low
142,2026-08-08 00:50:00+10:00,2,0,2,True,2026-08-08,00:50:00,Low
21,2026-08-08 00:50:00+10:00,7,18,25,True,2026-08-08,00:50:00,Low
40,2026-08-08 00:50:00+10:00,0,1,1,True,2026-08-08,00:50:00,Low
1,2026-08-08 00:49:00+10:00,0,1,1,True,2026-08-08,00:49:00,Low
51,2026-08-08 00:49:00+10:00,1,0,1,True,2026-08-08,00:49:00,Low
50,2026-08-08 00:49:00+10:00,0,1,1,True,2026-08-08,00:49:00,Low
3,2026-08-08 00:49:00+10:00,5,5,10,True,2026-08-08,00:49:00,Low
4,2026-08-08 00:49:00+10:00,2,9,11,True,2026-08-08,00:49:00,Low
6,2026-08-08 00:49:00+10:00,3,1,4,True,2026-08-08,00:49:00,Low
41,2026-08-08 00:49:00+10:00,4,7,11,True,2026-08-08,00:49:00,Low
12,2026-08-08 00:49:00+10:00,4,0,4,True,2026-08-08,00:49:00,Low
20,2026-08-08 00:49:00+10:00,0,2,2,True,2026-08-08,00:49:00,Low
63,2026-08-08 00:49:00+10:00,1,8,9,True,2026-08-08,00:49:00,Low
79,2026-08-08 00:49:00+10:00,1,0,1,True,2026-08-08,00:49:00,Low
181,2026-08-08 00:49:00+10:00,12,3,15,True,2026-08-08,00:49:00,Low
209,2026-08-08 00:49:00+10:00,2,0,2,True,2026-08-08,00:49:00,Low
2,2026-08-08 00:49:00+10:00,0,1,1,True,2026-08-08,00:49:00,Low
19,2026-08-08 00:49:00+10:00,2,4,6,True,2026-08-08,00:49:00,Low
24,2026-08-08 00:49:00+10:00,0,2,2,True,2026-08-08,00:49:00,Low
35,2026-08-08 00:49:00+10:00,0,4,4,True,2026-08-08,00:49:00,Low
52,2026-08-08 00:49:00+10:00,2,7,9,True,2026-08-08,00:49:00,Low
56,2026-08-08 00:49:00+10:00,2,16,18,True,2026-08-08,00:49:00,Low
67,2026-08-08 00:49:00+10:00,0,2,2,True,2026-08-08,00:49:00,Low
72,2026-08-08 00:49:00+10:00,0,1,1,True,2026-08-08,00:49:00,Low
36,2026-08-08 00:49:00+10:00,6,0,6,True,2026-08-08,00:49:00,Low
66,2026-08-08 00:49:00+10:00,6,3,9,True,2026-08-08,00:49:00,Low
1,2026-08-08 00:48:00+10:00,1,0,1,True,2026-08-08,00:48:00,Low
10,2026-08-08 00:48:00+10:00,0,1,1,True,2026-08-08,00:48:00,Low
20,2026-08-08 00:48:00+10:00,1,0,1,True,2026-08-08,00:48:00,Low
24,2026-08-08 00:48:00+10:00,1,5,6,True,2026-08-08,00:48:00,Low
56,2026-08-08 00:48:00+10:00,1,0,1,True,2026-08-08,00:48:00,Low
63,2026-08-08 00:48:00+10:00,0,3,3,True,2026-08-08,00:48:00,Low
68,2026-08-08 00:48:00+10:00,1,0,1,True,2026-08-08,00:48:00,Low
36,2026-08-08 00:48:00+10:00,4,1,5,True,2026-08-08,00:48:00,Low
42,2026-08-08 00:48:00+10:00,0,1,1,True,2026-08-08,00:48:00,Low
66,2026-08-08 00:48:00+10:00,5,0,5,True,2026-08-08,00:48:00,Low
3,2026-08-08 00:48:00+10:00,4,14,18,True,2026-08-08,00:48:00,Low
4,2026-08-08 00:48:00+10:00,4,6,10,True,2026-08-08,00:48:00,Low
6,2026-08-08 00:48:00+10:00,2,1,3,True,2026-08-08,00:48:00,Low
67,2026-08-08 00:48:00+10:00,0,2,2,True,2026-08-08,00:48:00,Low
181,2026-08-08 00:48:00+10:00,6,4,10,True,2026-08-08,00:48:00,Low
17,2026-08-08 00:48:00+10:00,2,0,2,True,2026-08-08,00:48:00,Low
19,2026-08-08 00:48:00+10:00,5,3,8,True,2026-08-08,00:48:00,Low
35,2026-08-08 00:48:00+10:00,5,1,6,True,2026-08-08,00:48:00,Low
52,2026-08-08 00:48:00+10:00,0,6,6,True,2026-08-08,00:48:00,Low
72,2026-08-08 00:48:00+10:00,0,1,1,True,2026-08-08,00:48:00,Low
41,2026-08-08 00:48:00+10:00,0,10,10,True,2026-08-08,00:48:00,Low
61,2026-08-08 00:48:00+10:00,2,1,3,True,2026-08-08,00:48:00,Low
10,2026-08-08 00:47:00+10:00,1,0,1,True,2026-08-08,00:47:00,Low
11,2026-08-08 00:47:00+10:00,1,1,2,True,2026-08-08,00:47:00,Low
19,2026-08-08 00:47:00+10:00,5,4,9,True,2026-08-08,00:47:00,Low
24,2026-08-08 00:47:00+10:00,2,0,2,True,2026-08-08,00:47:00,Low
62,2026-08-08 00:47:00+10:00,0,3,3,True,2026-08-08,00:47:00,Low
67,2026-08-08 00:47:00+10:00,0,2,2,True,2026-08-08,00:47:00,Low
76,2026-08-08 00:47:00+10:00,0,1,1,True,2026-08-08,00:47:00,Low
6,2026-08-08 00:47:00+10:00,1,0,1,True,2026-08-08,00:47:00,Low
36,2026-08-08 00:47:00+10:00,0,4,4,True,2026-08-08,00:47:00,Low
41,2026-08-08 00:47:00+10:00,1,11,12,True,2026-08-08,00:47:00,Low
61,2026-08-08 00:47:00+10:00,1,0,1,True,2026-08-08,00:47:00,Low
35,2026-08-08 00:47:00+10:00,0,1,1,True,2026-08-08,00:47:00,Low
53,2026-08-08 00:47:00+10:00,1,0,1,True,2026-08-08,00:47:00,Low
56,2026-08-08 00:47:00+10:00,2,1,3,True,2026-08-08,00:47:00,Low
79,2026-08-08 00:47:00+10:00,0,2,2,True,2026-08-08,00:47:00,Low
181,2026-08-08 00:47:00+10:00,5,6,11,True,2026-08-08,00:47:00,Low
20,2026-08-08 00:47:00+10:00,1,3,4,True,2026-08-08,00:47:00,Low
63,2026-08-08 00:47:00+10:00,2,12,14,True,2026-08-08,00:47:00,Low
85,2026-08-08 00:47:00+10:00,0,1,1,True,2026-08-08,00:47:00,Low
3,2026-08-08 00:47:00+10:00,8,10,18,True,2026-08-08,00:47:00,Low
4,2026-08-08 00:47:00+10:00,0,1,1,True,2026-08-08,00:47:00,Low
66,2026-08-08 00:47:00+10:00,6,14,20,True,2026-08-08,00:47:00,Low
2,2026-08-08 00:46:00+10:00,1,0,1,True,2026-08-08,00:46:00,Low
20,2026-08-08 00:46:00+10:00,6,4,10,True,2026-08-08,00:46:00,Low
52,2026-08-08 00:46:00+10:00,0,8,8,True,2026-08-08,00:46:00,Low
62,2026-08-08 00:46:00+10:00,0,2,2,True,2026-08-08,00:46:00,Low
79,2026-08-08 00:46:00+10:00,0,1,1,True,2026-08-08,00:46:00,Low
4,2026-08-08 00:46:00+10:00,2,3,5,True,2026-08-08,00:46:00,Low
41,2026-08-08 00:46:00+10:00,4,10,14,True,2026-08-08,00:46:00,Low
70,2026-08-08 00:46:00+10:00,0,1,1,True,2026-08-08,00:46:00,Low
6,2026-08-08 00:46:00+10:00,3,0,3,True,2026-08-08,00:46:00,Low
14,2026-08-08 00:46:00+10:00,1,0,1,True,2026-08-08,00:46:00,Low
31,2026-08-08 00:46:00+10:00,0,1,1,True,2026-08-08,00:46:00,Low
66,2026-08-08 00:46:00+10:00,6,0,6,True,2026-08-08,00:46:00,Low
11,2026-08-08 00:46:00+10:00,2,0,2,True,2026-08-08,00:46:00,Low
19,2026-08-08 00:46:00+10:00,0,4,4,True,2026-08-08,00:46:00,Low
24,2026-08-08 00:46:00+10:00,1,3,4,True,2026-08-08,00:46:00,Low
35,2026-08-08 00:46:00+10:00,0,2,2,True,2026-08-08,00:46:00,Low
53,2026-08-08 00:46:00+10:00,2,0,2,True,2026-08-08,00:46:00,Low
63,2026-08-08 00:46:00+10:00,2,1,3,True,2026-08-08,00:46:00,Low
181,2026-08-08 00:46:00+10:00,4,4,8,True,2026-08-08,00:46:00,Low
209,2026-08-08 00:46:00+10:00,6,0,6,True,2026-08-08,00:46:00,Low
17,2026-08-08 00:46:00+10:00,3,0,3,True,2026-08-08,00:46:00,Low
187,2026-08-08 00:46:00+10:00,0,1,1,True,2026-08-08,00:46:00,Low
3,2026-08-08 00:46:00+10:00,2,0,2,True,2026-08-08,00:46:00,Low
36,2026-08-08 00:46:00+10:00,2,0,2,True,2026-08-08,00:46:00,Low
40,2026-08-08 00:46:00+10:00,8,0,8,True,2026-08-08,00:46:00,Low
133,2026-08-08 00:45:00+10:00,2,9,11,True,2026-08-08,00:45:00,Low
143,2026-08-08 00:45:00+10:00,6,7,13,True,2026-08-08,00:45:00,Low
162,2026-08-08 00:45:00+10:00,5,7,12,True,2026-08-08,00:45:00,Low
167,2026-08-08 00:45:00+10:00,0,1,1,True,2026-08-08,00:45:00,Low
19,2026-08-08 00:45:00+10:00,4,0,4,True,2026-08-08,00:45:00,Low
20,2026-08-08 00:45:00+10:00,2,0,2,True,2026-08-08,00:45:00,Low
24,2026-08-08 00:45:00+10:00,6,0,6,True,2026-08-08,00:45:00,Low
27,2026-08-08 00:45:00+10:00,1,3,4,True,2026-08-08,00:45:00,Low
35,2026-08-08 00:45:00+10:00,1,1,2,True,2026-08-08,00:45:00,Low
56,2026-08-08 00:45:00+10:00,4,1,5,True,2026-08-08,00:45:00,Low
58,2026-08-08 00:45:00+10:00,4,1,5,True,2026-08-08,00:45:00,Low
68,2026-08-08 00:45:00+10:00,0,1,1,True,2026-08-08,00:45:00,Low
14,2026-08-08 00:45:00+10:00,1,0,1,True,2026-08-08,00:45:00,Low
31,2026-08-08 00:45:00+10:00,3,0,3,True,2026-08-08,00:45:00,Low
37,2026-08-08 00:45:00+10:00,0,1,1,True,2026-08-08,00:45:00,Low
45,2026-08-08 00:45:00+10:00,7,36,43,True,2026-08-08,00:45:00,Low
47,2026-08-08 00:45:00+10:00,12,19,31,True,2026-08-08,00:45:00,Low
66,2026-08-08 00:45:00+10:00,4,0,4,True,2026-08-08,00:45:00,Low
70,2026-08-08 00:45:00+10:00,1,2,3,True,2026-08-08,00:45:00,Low
3,2026-08-08 00:45:00+10:00,2,7,9,True,2026-08-08,00:45:00,Low
21,2026-08-08 00:45:00+10:00,6,1,7,True,2026-08-08,00:45:00,Low
41,2026-08-08 00:45:00+10:00,3,2,5,True,2026-08-08,00:45:00,Low
42,2026-08-08 00:45:00+10:00,0,2,2,True,2026-08-08,00:45:00,Low
54,2026-08-08 00:45:00+10:00,1,0,1,True,2026-08-08,00:45:00,Low
77,2026-08-08 00:45:00+10:00,2,0,2,True,2026-08-08,00:45:00,Low
131,2026-08-08 00:45:00+10:00,4,9,13,True,2026-08-08,00:45:00,Low
134,2026-08-08 00:45:00+10:00,5,9,14,True,2026-08-08,00:45:00,Low
135,2026-08-08 00:45:00+10:00,2,8,10,True,2026-08-08,00:45:00,Low
179,2026-08-08 00:45:00+10:00,2,1,3,True,2026-08-08,00:45:00,Low
184,2026-08-08 00:45:00+10:00,8,15,23,True,2026-08-08,00:45:00,Low
185,2026-08-08 00:45:00+10:00,19,11,30,True,2026-08-08,00:45:00,Low
209,2026-08-08 00:45:00+10:00,15,2,17,True,2026-08-08,00:45:00,Low
11,2026-08-08 00:45:00+10:00,4,0,4,True,2026-08-08,00:45:00,Low
25,2026-08-08 00:45:00+10:00,1,0,1,True,2026-08-08,00:45:00,Low
62,2026-08-08 00:45:00+10:00,2,3,5,True,2026-08-08,00:45:00,Low
139,2026-08-08 00:45:00+10:00,1,0,1,True,2026-08-08,00:45:00,Low
142,2026-08-08 00:45:00+10:00,2,4,6,True,2026-08-08,00:45:00,Low
187,2026-08-08 00:45:00+10:00,0,2,2,True,2026-08-08,00:45:00,Low
107,2026-08-08 00:45:00+10:00,0,1,1,True,2026-08-08,00:45:00,Low
132,2026-08-08 00:45:00+10:00,2,2,4,True,2026-08-08,00:45:00,Low
181,2026-08-08 00:45:00+10:00,1,0,1,True,2026-08-08,00:45:00,Low
182,2026-08-08 00:45:00+10:00,5,10,15,True,2026-08-08,00:45:00,Low
30,2026-08-08 00:45:00+10:00,5,10,15,True,2026-08-08,00:45:00,Low
46,2026-08-08 00:45:00+10:00,2,0,2,True,2026-08-08,00:45:00,Low
48,2026-08-08 00:45:00+10:00,5,1,6,True,2026-08-08,00:45:00,Low
49,2026-08-08 00:45:00+10:00,12,6,18,True,2026-08-08,00:45:00,Low
51,2026-08-08 00:45:00+10:00,0,2,2,True,2026-08-08,00:45:00,Low
63,2026-08-08 00:45:00+10:00,0,2,2,True,2026-08-08,00:45:00,Low
67,2026-08-08 00:45:00+10:00,6,0,6,True,2026-08-08,00:45:00,Low
141,2026-08-08 00:45:00+10:00,3,2,5,True,2026-08-08,00:45:00,Low
164,2026-08-08 00:45:00+10:00,3,0,3,True,2026-08-08,00:45:00,Low
4,2026-08-08 00:45:00+10:00,7,2,9,True,2026-08-08,00:45:00,Low
5,2026-08-08 00:45:00+10:00,9,11,20,True,2026-08-08,00:45:00,Low
29,2026-08-08 00:45:00+10:00,2,0,2,True,2026-08-08,00:45:00,Low
59,2026-08-08 00:45:00+10:00,12,7,19,True,2026-08-08,00:45:00,Low
84,2026-08-08 00:45:00+10:00,7,6,13,True,2026-08-08,00:45:00,Low
20,2026-08-08 00:44:00+10:00,3,1,4,True,2026-08-08,00:44:00,Low
24,2026-08-08 00:44:00+10:00,3,0,3,True,2026-08-08,00:44:00,Low
35,2026-08-08 00:44:00+10:00,0,2,2,True,2026-08-08,00:44:00,Low
63,2026-08-08 00:44:00+10:00,0,3,3,True,2026-08-08,00:44:00,Low
68,2026-08-08 00:44:00+10:00,1,0,1,True,2026-08-08,00:44:00,Low
72,2026-08-08 00:44:00+10:00,1,0,1,True,2026-08-08,00:44:00,Low
6,2026-08-08 00:44:00+10:00,2,1,3,True,2026-08-08,00:44:00,Low
29,2026-08-08 00:44:00+10:00,0,1,1,True,2026-08-08,00:44:00,Low
36,2026-08-08 00:44:00+10:00,2,0,2,True,2026-08-08,00:44:00,Low
3,2026-08-08 00:44:00+10:00,6,7,13,True,2026-08-08,00:44:00,Low
4,2026-08-08 00:44:00+10:00,0,13,13,True,2026-08-08,00:44:00,Low
31,2026-08-08 00:44:00+10:00,0,2,2,True,2026-08-08,00:44:00,Low
40,2026-08-08 00:44:00+10:00,2,0,2,True,2026-08-08,00:44:00,Low
41,2026-08-08 00:44:00+10:00,2,10,12,True,2026-08-08,00:44:00,Low
61,2026-08-08 00:44:00+10:00,5,2,7,True,2026-08-08,00:44:00,Low
181,2026-08-08 00:44:00+10:00,0,7,7,True,2026-08-08,00:44:00,Low
53,2026-08-08 00:44:00+10:00,0,2,2,True,2026-08-08,00:44:00,Low
67,2026-08-08 00:44:00+10:00,2,3,5,True,2026-08-08,00:44:00,Low
79,2026-08-08 00:44:00+10:00,0,2,2,True,2026-08-08,00:44:00,Low
1,2026-08-08 00:44:00+10:00,1,1,2,True,2026-08-08,00:44:00,Low
2,2026-08-08 00:44:00+10:00,2,0,2,True,2026-08-08,00:44:00,Low
19,2026-08-08 00:44:00+10:00,2,0,2,True,2026-08-08,00:44:00,Low
52,2026-08-08 00:44:00+10:00,2,1,3,True,2026-08-08,00:44:00,Low
56,2026-08-08 00:44:00+10:00,1,7,8,True,2026-08-08,00:44:00,Low
62,2026-08-08 00:44:00+10:00,0,1,1,True,2026-08-08,00:44:00,Low
181,2026-08-08 00:43:00+10:00,5,9,14,True,2026-08-08,00:43:00,Low
35,2026-08-08 00:43:00+10:00,3,0,3,True,2026-08-08,00:43:00,Low
53,2026-08-08 00:43:00+10:00,3,1,4,True,2026-08-08,00:43:00,Low
56,2026-08-08 00:43:00+10:00,2,1,3,True,2026-08-08,00:43:00,Low
3,2026-08-08 00:43:00+10:00,5,4,9,True,2026-08-08,00:43:00,Low
50,2026-08-08 00:43:00+10:00,0,1,1,True,2026-08-08,00:43:00,Low
4,2026-08-08 00:43:00+10:00,9,5,14,True,2026-08-08,00:43:00,Low
36,2026-08-08 00:43:00+10:00,0,6,6,True,2026-08-08,00:43:00,Low
209,2026-08-08 00:43:00+10:00,0,1,1,True,2026-08-08,00:43:00,Low
19,2026-08-08 00:43:00+10:00,5,11,16,True,2026-08-08,00:43:00,Low
52,2026-08-08 00:43:00+10:00,0,7,7,True,2026-08-08,00:43:00,Low
62,2026-08-08 00:43:00+10:00,0,1,1,True,2026-08-08,00:43:00,Low
63,2026-08-08 00:43:00+10:00,5,7,12,True,2026-08-08,00:43:00,Low
79,2026-08-08 00:43:00+10:00,2,2,4,True,2026-08-08,00:43:00,Low
1,2026-08-08 00:43:00+10:00,0,8,8,True,2026-08-08,00:43:00,Low
20,2026-08-08 00:43:00+10:00,2,2,4,True,2026-08-08,00:43:00,Low
24,2026-08-08 00:43:00+10:00,0,3,3,True,2026-08-08,00:43:00,Low
67,2026-08-08 00:43:00+10:00,1,0,1,True,2026-08-08,00:43:00,Low
6,2026-08-08 00:43:00+10:00,1,0,1,True,2026-08-08,00:43:00,Low
31,2026-08-08 00:43:00+10:00,0,5,5,True,2026-08-08,00:43:00,Low
41,2026-08-08 00:43:00+10:00,4,6,10,True,2026-08-08,00:43:00,Low
66,2026-08-08 00:43:00+10:00,0,5,5,True,2026-08-08,00:43:00,Low
1,2026-08-08 00:42:00+10:00,2,1,3,True,2026-08-08,00:42:00,Low
24,2026-08-08 00:42:00+10:00,1,1,2,True,2026-08-08,00:42:00,Low
53,2026-08-08 00:42:00+10:00,0,2,2,True,2026-08-08,00:42:00,Low
62,2026-08-08 00:42:00+10:00,0,3,3,True,2026-08-08,00:42:00,Low
67,2026-08-08 00:42:00+10:00,1,1,2,True,2026-08-08,00:42:00,Low
68,2026-08-08 00:42:00+10:00,1,0,1,True,2026-08-08,00:42:00,Low
6,2026-08-08 00:42:00+10:00,10,1,11,True,2026-08-08,00:42:00,Low
36,2026-08-08 00:42:00+10:00,0,1,1,True,2026-08-08,00:42:00,Low
3,2026-08-08 00:42:00+10:00,3,3,6,True,2026-08-08,00:42:00,Low
4,2026-08-08 00:42:00+10:00,0,4,4,True,2026-08-08,00:42:00,Low
41,2026-08-08 00:42:00+10:00,4,3,7,True,2026-08-08,00:42:00,Low
66,2026-08-08 00:42:00+10:00,5,0,5,True,2026-08-08,00:42:00,Low
181,2026-08-08 00:42:00+10:00,0,1,1,True,2026-08-08,00:42:00,Low
20,2026-08-08 00:42:00+10:00,1,13,14,True,2026-08-08,00:42:00,Low
63,2026-08-08 00:42:00+10:00,5,0,5,True,2026-08-08,00:42:00,Low
209,2026-08-08 00:42:00+10:00,1,2,3,True,2026-08-08,00:42:00,Low
2,2026-08-08 00:42:00+10:00,1,0,1,True,2026-08-08,00:42:00,Low
19,2026-08-08 00:42:00+10:00,2,13,15,True,2026-08-08,00:42:00,Low
35,2026-08-08 00:42:00+10:00,1,1,2,True,2026-08-08,00:42:00,Low
56,2026-08-08 00:42:00+10:00,0,1,1,True,2026-08-08,00:42:00,Low
187,2026-08-08 00:42:00+10:00,1,0,1,True,2026-08-08,00:42:00,Low
31,2026-08-08 00:42:00+10:00,0,1,1,True,2026-08-08,00:42:00,Low
181,2026-08-08 00:41:00+10:00,1,0,1,True,2026-08-08,00:41:00,Low
1,2026-08-08 00:41:00+10:00,2,0,2,True,2026-08-08,00:41:00,Low
31,2026-08-08 00:41:00+10:00,1,0,1,True,2026-08-08,00:41:00,Low
41,2026-08-08 00:41:00+10:00,3,8,11,True,2026-08-08,00:41:00,Low
71,2026-08-08 00:41:00+10:00,1,0,1,True,2026-08-08,00:41:00,Low
75,2026-08-08 00:41:00+10:00,0,1,1,True,2026-08-08,00:41:00,Low
14,2026-08-08 00:41:00+10:00,4,0,4,True,2026-08-08,00:41:00,Low
42,2026-08-08 00:41:00+10:00,1,0,1,True,2026-08-08,00:41:00,Low
50,2026-08-08 00:41:00+10:00,0,3,3,True,2026-08-08,00:41:00,Low
66,2026-08-08 00:41:00+10:00,0,2,2,True,2026-08-08,00:41:00,Low
209,2026-08-08 00:41:00+10:00,1,3,4,True,2026-08-08,00:41:00,Low
12,2026-08-08 00:41:00+10:00,0,1,1,True,2026-08-08,00:41:00,Low
19,2026-08-08 00:41:00+10:00,16,2,18,True,2026-08-08,00:41:00,Low
79,2026-08-08 00:41:00+10:00,2,0,2,True,2026-08-08,00:41:00,Low
17,2026-08-08 00:41:00+10:00,1,3,4,True,2026-08-08,00:41:00,Low
35,2026-08-08 00:41:00+10:00,2,3,5,True,2026-08-08,00:41:00,Low
51,2026-08-08 00:41:00+10:00,1,0,1,True,2026-08-08,00:41:00,Low
52,2026-08-08 00:41:00+10:00,0,3,3,True,2026-08-08,00:41:00,Low
62,2026-08-08 00:41:00+10:00,0,4,4,True,2026-08-08,00:41:00,Low
63,2026-08-08 00:41:00+10:00,2,6,8,True,2026-08-08,00:41:00,Low
3,2026-08-08 00:41:00+10:00,12,1,13,True,2026-08-08,00:41:00,Low
4,2026-08-08 00:41:00+10:00,3,8,11,True,2026-08-08,00:41:00,Low
36,2026-08-08 00:41:00+10:00,2,6,8,True,2026-08-08,00:41:00,Low
40,2026-08-08 00:41:00+10:00,1,1,2,True,2026-08-08,00:41:00,Low
61,2026-08-08 00:41:00+10:00,0,6,6,True,2026-08-08,00:41:00,Low
133,2026-08-08 00:40:00+10:00,4,5,9,True,2026-08-08,00:40:00,Low
143,2026-08-08 00:40:00+10:00,7,2,9,True,2026-08-08,00:40:00,Low
162,2026-08-08 00:40:00+10:00,8,5,13,True,2026-08-08,00:40:00,Low
167,2026-08-08 00:40:00+10:00,2,0,2,True,2026-08-08,00:40:00,Low
184,2026-08-08 00:40:00+10:00,8,13,21,True,2026-08-08,00:40:00,Low
20,2026-08-08 00:40:00+10:00,1,12,13,True,2026-08-08,00:40:00,Low
25,2026-08-08 00:40:00+10:00,0,1,1,True,2026-08-08,00:40:00,Low
72,2026-08-08 00:40:00+10:00,0,2,2,True,2026-08-08,00:40:00,Low
109,2026-08-08 00:40:00+10:00,2,10,12,True,2026-08-08,00:40:00,Low
142,2026-08-08 00:40:00+10:00,0,7,7,True,2026-08-08,00:40:00,Low
161,2026-08-08 00:40:00+10:00,0,1,1,True,2026-08-08,00:40:00,Low
5,2026-08-08 00:40:00+10:00,12,12,24,True,2026-08-08,00:40:00,Low
14,2026-08-08 00:40:00+10:00,1,0,1,True,2026-08-08,00:40:00,Low
40,2026-08-08 00:40:00+10:00,1,0,1,True,2026-08-08,00:40:00,Low
41,2026-08-08 00:40:00+10:00,0,11,11,True,2026-08-08,00:40:00,Low
45,2026-08-08 00:40:00+10:00,10,24,34,True,2026-08-08,00:40:00,Low
54,2026-08-08 00:40:00+10:00,3,3,6,True,2026-08-08,00:40:00,Low
3,2026-08-08 00:40:00+10:00,13,6,19,True,2026-08-08,00:40:00,Low
6,2026-08-08 00:40:00+10:00,1,0,1,True,2026-08-08,00:40:00,Low
21,2026-08-08 00:40:00+10:00,21,9,30,True,2026-08-08,00:40:00,Low
31,2026-08-08 00:40:00+10:00,0,1,1,True,2026-08-08,00:40:00,Low
36,2026-08-08 00:40:00+10:00,0,1,1,True,2026-08-08,00:40:00,Low
77,2026-08-08 00:40:00+10:00,0,5,5,True,2026-08-08,00:40:00,Low
107,2026-08-08 00:40:00+10:00,0,2,2,True,2026-08-08,00:40:00,Low
132,2026-08-08 00:40:00+10:00,4,0,4,True,2026-08-08,00:40:00,Low
134,2026-08-08 00:40:00+10:00,8,5,13,True,2026-08-08,00:40:00,Low
135,2026-08-08 00:40:00+10:00,2,4,6,True,2026-08-08,00:40:00,Low
166,2026-08-08 00:40:00+10:00,3,0,3,True,2026-08-08,00:40:00,Low
179,2026-08-08 00:40:00+10:00,1,5,6,True,2026-08-08,00:40:00,Low
181,2026-08-08 00:40:00+10:00,3,1,4,True,2026-08-08,00:40:00,Low
182,2026-08-08 00:40:00+10:00,1,7,8,True,2026-08-08,00:40:00,Low
11,2026-08-08 00:40:00+10:00,0,1,1,True,2026-08-08,00:40:00,Low
12,2026-08-08 00:40:00+10:00,1,0,1,True,2026-08-08,00:40:00,Low
24,2026-08-08 00:40:00+10:00,0,2,2,True,2026-08-08,00:40:00,Low
27,2026-08-08 00:40:00+10:00,5,0,5,True,2026-08-08,00:40:00,Low
35,2026-08-08 00:40:00+10:00,0,4,4,True,2026-08-08,00:40:00,Low
46,2026-08-08 00:40:00+10:00,0,2,2,True,2026-08-08,00:40:00,Low
48,2026-08-08 00:40:00+10:00,4,2,6,True,2026-08-08,00:40:00,Low
56,2026-08-08 00:40:00+10:00,0,2,2,True,2026-08-08,00:40:00,Low
62,2026-08-08 00:40:00+10:00,1,0,1,True,2026-08-08,00:40:00,Low
63,2026-08-08 00:40:00+10:00,0,8,8,True,2026-08-08,00:40:00,Low
79,2026-08-08 00:40:00+10:00,2,3,5,True,2026-08-08,00:40:00,Low
117,2026-08-08 00:40:00+10:00,0,5,5,True,2026-08-08,00:40:00,Low
141,2026-08-08 00:40:00+10:00,3,1,4,True,2026-08-08,00:40:00,Low
131,2026-08-08 00:40:00+10:00,7,1,8,True,2026-08-08,00:40:00,Low
185,2026-08-08 00:40:00+10:00,4,17,21,True,2026-08-08,00:40:00,Low
209,2026-08-08 00:40:00+10:00,5,0,5,True,2026-08-08,00:40:00,Low
2,2026-08-08 00:40:00+10:00,5,0,5,True,2026-08-08,00:40:00,Low
19,2026-08-08 00:40:00+10:00,4,12,16,True,2026-08-08,00:40:00,Low
23,2026-08-08 00:40:00+10:00,1,6,7,True,2026-08-08,00:40:00,Low
30,2026-08-08 00:40:00+10:00,9,18,27,True,2026-08-08,00:40:00,Low
49,2026-08-08 00:40:00+10:00,2,11,13,True,2026-08-08,00:40:00,Low
52,2026-08-08 00:40:00+10:00,1,2,3,True,2026-08-08,00:40:00,Low
53,2026-08-08 00:40:00+10:00,1,0,1,True,2026-08-08,00:40:00,Low
58,2026-08-08 00:40:00+10:00,7,12,19,True,2026-08-08,00:40:00,Low
139,2026-08-08 00:40:00+10:00,0,5,5,True,2026-08-08,00:40:00,Low
4,2026-08-08 00:40:00+10:00,1,6,7,True,2026-08-08,00:40:00,Low
47,2026-08-08 00:40:00+10:00,1,4,5,True,2026-08-08,00:40:00,Low
59,2026-08-08 00:40:00+10:00,15,5,20,True,2026-08-08,00:40:00,Low
84,2026-08-08 00:40:00+10:00,18,22,40,True,2026-08-08,00:40:00,Low
209,2026-08-08 00:39:00+10:00,0,5,5,True,2026-08-08,00:39:00,Low
19,2026-08-08 00:39:00+10:00,10,3,13,True,2026-08-08,00:39:00,Low
20,2026-08-08 00:39:00+10:00,0,1,1,True,2026-08-08,00:39:00,Low
52,2026-08-08 00:39:00+10:00,0,4,4,True,2026-08-08,00:39:00,Low
56,2026-08-08 00:39:00+10:00,0,2,2,True,2026-08-08,00:39:00,Low
40,2026-08-08 00:39:00+10:00,1,0,1,True,2026-08-08,00:39:00,Low
61,2026-08-08 00:39:00+10:00,9,1,10,True,2026-08-08,00:39:00,Low
181,2026-08-08 00:39:00+10:00,0,4,4,True,2026-08-08,00:39:00,Low
2,2026-08-08 00:39:00+10:00,1,0,1,True,2026-08-08,00:39:00,Low
62,2026-08-08 00:39:00+10:00,2,0,2,True,2026-08-08,00:39:00,Low
63,2026-08-08 00:39:00+10:00,9,2,11,True,2026-08-08,00:39:00,Low
79,2026-08-08 00:39:00+10:00,2,0,2,True,2026-08-08,00:39:00,Low
187,2026-08-08 00:39:00+10:00,1,1,2,True,2026-08-08,00:39:00,Low
4,2026-08-08 00:39:00+10:00,1,0,1,True,2026-08-08,00:39:00,Low
66,2026-08-08 00:39:00+10:00,3,5,8,True,2026-08-08,00:39:00,Low
35,2026-08-08 00:39:00+10:00,3,2,5,True,2026-08-08,00:39:00,Low
76,2026-08-08 00:39:00+10:00,2,0,2,True,2026-08-08,00:39:00,Low
3,2026-08-08 00:39:00+10:00,1,0,1,True,2026-08-08,00:39:00,Low
31,2026-08-08 00:39:00+10:00,1,0,1,True,2026-08-08,00:39:00,Low
36,2026-08-08 00:39:00+10:00,0,3,3,True,2026-08-08,00:39:00,Low
41,2026-08-08 00:39:00+10:00,2,7,9,True,2026-08-08,00:39:00,Low
42,2026-08-08 00:39:00+10:00,1,0,1,True,2026-08-08,00:39:00,Low
181,2026-08-08 00:38:00+10:00,1,2,3,True,2026-08-08,00:38:00,Low
17,2026-08-08 00:38:00+10:00,1,0,1,True,2026-08-08,00:38:00,Low
19,2026-08-08 00:38:00+10:00,1,6,7,True,2026-08-08,00:38:00,Low
24,2026-08-08 00:38:00+10:00,2,4,6,True,2026-08-08,00:38:00,Low
52,2026-08-08 00:38:00+10:00,0,5,5,True,2026-08-08,00:38:00,Low
53,2026-08-08 00:38:00+10:00,5,0,5,True,2026-08-08,00:38:00,Low
56,2026-08-08 00:38:00+10:00,0,9,9,True,2026-08-08,00:38:00,Low
29,2026-08-08 00:38:00+10:00,0,1,1,True,2026-08-08,00:38:00,Low
39,2026-08-08 00:38:00+10:00,0,2,2,True,2026-08-08,00:38:00,Low
40,2026-08-08 00:38:00+10:00,1,0,1,True,2026-08-08,00:38:00,Low
41,2026-08-08 00:38:00+10:00,5,4,9,True,2026-08-08,00:38:00,Low
209,2026-08-08 00:38:00+10:00,4,1,5,True,2026-08-08,00:38:00,Low
1,2026-08-08 00:38:00+10:00,0,5,5,True,2026-08-08,00:38:00,Low
20,2026-08-08 00:38:00+10:00,0,3,3,True,2026-08-08,00:38:00,Low
35,2026-08-08 00:38:00+10:00,0,1,1,True,2026-08-08,00:38:00,Low
63,2026-08-08 00:38:00+10:00,2,0,2,True,2026-08-08,00:38:00,Low
67,2026-08-08 00:38:00+10:00,2,0,2,True,2026-08-08,00:38:00,Low
4,2026-08-08 00:38:00+10:00,7,5,12,True,2026-08-08,00:38:00,Low
36,2026-08-08 00:38:00+10:00,0,5,5,True,2026-08-08,00:38:00,Low
2,2026-08-08 00:38:00+10:00,0,10,10,True,2026-08-08,00:38:00,Low
79,2026-08-08 00:38:00+10:00,1,0,1,True,2026-08-08,00:38:00,Low
3,2026-08-08 00:38:00+10:00,10,10,20,True,2026-08-08,00:38:00,Low
6,2026-08-08 00:38:00+10:00,5,0,5,True,2026-08-08,00:38:00,Low
31,2026-08-08 00:38:00+10:00,0,1,1,True,2026-08-08,00:38:00,Low
61,2026-08-08 00:38:00+10:00,0,2,2,True,2026-08-08,00:38:00,Low
17,2026-08-08 00:37:00+10:00,0,1,1,True,2026-08-08,00:37:00,Low
35,2026-08-08 00:37:00+10:00,1,2,3,True,2026-08-08,00:37:00,Low
52,2026-08-08 00:37:00+10:00,4,2,6,True,2026-08-08,00:37:00,Low
6,2026-08-08 00:37:00+10:00,3,0,3,True,2026-08-08,00:37:00,Low
14,2026-08-08 00:37:00+10:00,1,0,1,True,2026-08-08,00:37:00,Low
36,2026-08-08 00:37:00+10:00,1,5,6,True,2026-08-08,00:37:00,Low
1,2026-08-08 00:37:00+10:00,1,0,1,True,2026-08-08,00:37:00,Low
2,2026-08-08 00:37:00+10:00,3,0,3,True,2026-08-08,00:37:00,Low
10,2026-08-08 00:37:00+10:00,0,1,1,True,2026-08-08,00:37:00,Low
19,2026-08-08 00:37:00+10:00,0,4,4,True,2026-08-08,00:37:00,Low
53,2026-08-08 00:37:00+10:00,0,2,2,True,2026-08-08,00:37:00,Low
63,2026-08-08 00:37:00+10:00,5,0,5,True,2026-08-08,00:37:00,Low
67,2026-08-08 00:37:00+10:00,4,0,4,True,2026-08-08,00:37:00,Low
79,2026-08-08 00:37:00+10:00,0,1,1,True,2026-08-08,00:37:00,Low
3,2026-08-08 00:37:00+10:00,8,2,10,True,2026-08-08,00:37:00,Low
4,2026-08-08 00:37:00+10:00,2,8,10,True,2026-08-08,00:37:00,Low
31,2026-08-08 00:37:00+10:00,0,1,1,True,2026-08-08,00:37:00,Low
41,2026-08-08 00:37:00+10:00,2,4,6,True,2026-08-08,00:37:00,Low
66,2026-08-08 00:37:00+10:00,0,7,7,True,2026-08-08,00:37:00,Low
181,2026-08-08 00:37:00+10:00,3,0,3,True,2026-08-08,00:37:00,Low
11,2026-08-08 00:37:00+10:00,1,0,1,True,2026-08-08,00:37:00,Low
20,2026-08-08 00:37:00+10:00,11,7,18,True,2026-08-08,00:37:00,Low
24,2026-08-08 00:37:00+10:00,1,2,3,True,2026-08-08,00:37:00,Low
62,2026-08-08 00:37:00+10:00,6,0,6,True,2026-08-08,00:37:00,Low
72,2026-08-08 00:37:00+10:00,2,0,2,True,2026-08-08,00:37:00,Low
61,2026-08-08 00:37:00+10:00,5,0,5,True,2026-08-08,00:37:00,Low
181,2026-08-08 00:36:00+10:00,8,8,16,True,2026-08-08,00:36:00,Low
1,2026-08-08 00:36:00+10:00,0,1,1,True,2026-08-08,00:36:00,Low
56,2026-08-08 00:36:00+10:00,4,1,5,True,2026-08-08,00:36:00,Low
4,2026-08-08 00:36:00+10:00,7,7,14,True,2026-08-08,00:36:00,Low
40,2026-08-08 00:36:00+10:00,1,0,1,True,2026-08-08,00:36:00,Low
41,2026-08-08 00:36:00+10:00,1,7,8,True,2026-08-08,00:36:00,Low
66,2026-08-08 00:36:00+10:00,1,1,2,True,2026-08-08,00:36:00,Low
75,2026-08-08 00:36:00+10:00,2,0,2,True,2026-08-08,00:36:00,Low
209,2026-08-08 00:36:00+10:00,0,3,3,True,2026-08-08,00:36:00,Low
9,2026-08-08 00:36:00+10:00,0,1,1,True,2026-08-08,00:36:00,Low
3,2026-08-08 00:36:00+10:00,3,7,10,True,2026-08-08,00:36:00,Low
6,2026-08-08 00:36:00+10:00,4,0,4,True,2026-08-08,00:36:00,Low
36,2026-08-08 00:36:00+10:00,0,4,4,True,2026-08-08,00:36:00,Low
42,2026-08-08 00:36:00+10:00,0,2,2,True,2026-08-08,00:36:00,Low
19,2026-08-08 00:36:00+10:00,0,1,1,True,2026-08-08,00:36:00,Low
20,2026-08-08 00:36:00+10:00,1,3,4,True,2026-08-08,00:36:00,Low
24,2026-08-08 00:36:00+10:00,0,3,3,True,2026-08-08,00:36:00,Low
53,2026-08-08 00:36:00+10:00,1,2,3,True,2026-08-08,00:36:00,Low
62,2026-08-08 00:36:00+10:00,2,0,2,True,2026-08-08,00:36:00,Low
63,2026-08-08 00:36:00+10:00,3,7,10,True,2026-08-08,00:36:00,Low
79,2026-08-08 00:36:00+10:00,3,0,3,True,2026-08-08,00:36:00,Low
31,2026-08-08 00:36:00+10:00,1,2,3,True,2026-08-08,00:36:00,Low
61,2026-08-08 00:36:00+10:00,4,0,4,True,2026-08-08,00:36:00,Low
77,2026-08-08 00:35:00+10:00,1,0,1,True,2026-08-08,00:35:00,Low
118,2026-08-08 00:35:00+10:00,1,2,3,True,2026-08-08,00:35:00,Low
131,2026-08-08 00:35:00+10:00,10,2,12,True,2026-08-08,00:35:00,Low
133,2026-08-08 00:35:00+10:00,6,4,10,True,2026-08-08,00:35:00,Low
179,2026-08-08 00:35:00+10:00,1,1,2,True,2026-08-08,00:35:00,Low
24,2026-08-08 00:35:00+10:00,0,2,2,True,2026-08-08,00:35:00,Low
25,2026-08-08 00:35:00+10:00,3,8,11,True,2026-08-08,00:35:00,Low
35,2026-08-08 00:35:00+10:00,3,2,5,True,2026-08-08,00:35:00,Low
46,2026-08-08 00:35:00+10:00,1,0,1,True,2026-08-08,00:35:00,Low
48,2026-08-08 00:35:00+10:00,1,0,1,True,2026-08-08,00:35:00,Low
56,2026-08-08 00:35:00+10:00,9,0,9,True,2026-08-08,00:35:00,Low
58,2026-08-08 00:35:00+10:00,3,12,15,True,2026-08-08,00:35:00,Low
72,2026-08-08 00:35:00+10:00,0,1,1,True,2026-08-08,00:35:00,Low
117,2026-08-08 00:35:00+10:00,5,2,7,True,2026-08-08,00:35:00,Low
141,2026-08-08 00:35:00+10:00,13,2,15,True,2026-08-08,00:35:00,Low
187,2026-08-08 00:35:00+10:00,2,0,2,True,2026-08-08,00:35:00,Low
5,2026-08-08 00:35:00+10:00,12,12,24,True,2026-08-08,00:35:00,Low
6,2026-08-08 00:35:00+10:00,0,1,1,True,2026-08-08,00:35:00,Low
42,2026-08-08 00:35:00+10:00,0,1,1,True,2026-08-08,00:35:00,Low
47,2026-08-08 00:35:00+10:00,6,9,15,True,2026-08-08,00:35:00,Low
54,2026-08-08 00:35:00+10:00,1,2,3,True,2026-08-08,00:35:00,Low
66,2026-08-08 00:35:00+10:00,2,5,7,True,2026-08-08,00:35:00,Low
70,2026-08-08 00:35:00+10:00,0,2,2,True,2026-08-08,00:35:00,Low
143,2026-08-08 00:35:00+10:00,9,2,11,True,2026-08-08,00:35:00,Low
162,2026-08-08 00:35:00+10:00,5,2,7,True,2026-08-08,00:35:00,Low
167,2026-08-08 00:35:00+10:00,0,1,1,True,2026-08-08,00:35:00,Low
11,2026-08-08 00:35:00+10:00,1,0,1,True,2026-08-08,00:35:00,Low
30,2026-08-08 00:35:00+10:00,9,16,25,True,2026-08-08,00:35:00,Low
49,2026-08-08 00:35:00+10:00,6,13,19,True,2026-08-08,00:35:00,Low
63,2026-08-08 00:35:00+10:00,0,7,7,True,2026-08-08,00:35:00,Low
67,2026-08-08 00:35:00+10:00,1,0,1,True,2026-08-08,00:35:00,Low
79,2026-08-08 00:35:00+10:00,2,0,2,True,2026-08-08,00:35:00,Low
109,2026-08-08 00:35:00+10:00,0,5,5,True,2026-08-08,00:35:00,Low
139,2026-08-08 00:35:00+10:00,0,6,6,True,2026-08-08,00:35:00,Low
161,2026-08-08 00:35:00+10:00,0,1,1,True,2026-08-08,00:35:00,Low
164,2026-08-08 00:35:00+10:00,2,5,7,True,2026-08-08,00:35:00,Low
3,2026-08-08 00:35:00+10:00,5,2,7,True,2026-08-08,00:35:00,Low
36,2026-08-08 00:35:00+10:00,3,2,5,True,2026-08-08,00:35:00,Low
40,2026-08-08 00:35:00+10:00,1,0,1,True,2026-08-08,00:35:00,Low
43,2026-08-08 00:35:00+10:00,1,4,5,True,2026-08-08,00:35:00,Low
59,2026-08-08 00:35:00+10:00,10,20,30,True,2026-08-08,00:35:00,Low
69,2026-08-08 00:35:00+10:00,1,0,1,True,2026-08-08,00:35:00,Low
84,2026-08-08 00:35:00+10:00,1,15,16,True,2026-08-08,00:35:00,Low
87,2026-08-08 00:35:00+10:00,0,2,2,True,2026-08-08,00:35:00,Low
107,2026-08-08 00:35:00+10:00,5,0,5,True,2026-08-08,00:35:00,Low
132,2026-08-08 00:35:00+10:00,3,12,15,True,2026-08-08,00:35:00,Low
134,2026-08-08 00:35:00+10:00,3,6,9,True,2026-08-08,00:35:00,Low
135,2026-08-08 00:35:00+10:00,3,2,5,True,2026-08-08,00:35:00,Low
181,2026-08-08 00:35:00+10:00,5,5,10,True,2026-08-08,00:35:00,Low
182,2026-08-08 00:35:00+10:00,14,13,27,True,2026-08-08,00:35:00,Low
184,2026-08-08 00:35:00+10:00,6,14,20,True,2026-08-08,00:35:00,Low
185,2026-08-08 00:35:00+10:00,9,8,17,True,2026-08-08,00:35:00,Low
1,2026-08-08 00:35:00+10:00,4,0,4,True,2026-08-08,00:35:00,Low
19,2026-08-08 00:35:00+10:00,0,5,5,True,2026-08-08,00:35:00,Low
20,2026-08-08 00:35:00+10:00,0,5,5,True,2026-08-08,00:35:00,Low
23,2026-08-08 00:35:00+10:00,1,6,7,True,2026-08-08,00:35:00,Low
52,2026-08-08 00:35:00+10:00,1,0,1,True,2026-08-08,00:35:00,Low
53,2026-08-08 00:35:00+10:00,4,4,8,True,2026-08-08,00:35:00,Low
62,2026-08-08 00:35:00+10:00,1,0,1,True,2026-08-08,00:35:00,Low
142,2026-08-08 00:35:00+10:00,2,1,3,True,2026-08-08,00:35:00,Low
4,2026-08-08 00:35:00+10:00,10,8,18,True,2026-08-08,00:35:00,Low
21,2026-08-08 00:35:00+10:00,6,12,18,True,2026-08-08,00:35:00,Low
41,2026-08-08 00:35:00+10:00,6,5,11,True,2026-08-08,00:35:00,Low
44,2026-08-08 00:35:00+10:00,1,0,1,True,2026-08-08,00:35:00,Low
45,2026-08-08 00:35:00+10:00,0,47,47,True,2026-08-08,00:35:00,Low
2,2026-08-08 00:34:00+10:00,0,1,1,True,2026-08-08,00:34:00,Low
24,2026-08-08 00:34:00+10:00,4,0,4,True,2026-08-08,00:34:00,Low
52,2026-08-08 00:34:00+10:00,1,0,1,True,2026-08-08,00:34:00,Low
56,2026-08-08 00:34:00+10:00,0,4,4,True,2026-08-08,00:34:00,Low
72,2026-08-08 00:34:00+10:00,0,1,1,True,2026-08-08,00:34:00,Low
3,2026-08-08 00:34:00+10:00,0,13,13,True,2026-08-08,00:34:00,Low
6,2026-08-08 00:34:00+10:00,1,0,1,True,2026-08-08,00:34:00,Low
36,2026-08-08 00:34:00+10:00,0,16,16,True,2026-08-08,00:34:00,Low
41,2026-08-08 00:34:00+10:00,0,7,7,True,2026-08-08,00:34:00,Low
66,2026-08-08 00:34:00+10:00,5,4,9,True,2026-08-08,00:34:00,Low
181,2026-08-08 00:34:00+10:00,1,4,5,True,2026-08-08,00:34:00,Low
62,2026-08-08 00:34:00+10:00,1,3,4,True,2026-08-08,00:34:00,Low
63,2026-08-08 00:34:00+10:00,0,5,5,True,2026-08-08,00:34:00,Low
67,2026-08-08 00:34:00+10:00,1,0,1,True,2026-08-08,00:34:00,Low
4,2026-08-08 00:34:00+10:00,6,8,14,True,2026-08-08,00:34:00,Low
1,2026-08-08 00:34:00+10:00,2,0,2,True,2026-08-08,00:34:00,Low
17,2026-08-08 00:34:00+10:00,1,1,2,True,2026-08-08,00:34:00,Low
19,2026-08-08 00:34:00+10:00,0,3,3,True,2026-08-08,00:34:00,Low
20,2026-08-08 00:34:00+10:00,1,3,4,True,2026-08-08,00:34:00,Low
42,2026-08-08 00:34:00+10:00,1,0,1,True,2026-08-08,00:34:00,Low
66,2026-08-08 00:33:00+10:00,13,2,15,True,2026-08-08,00:33:00,Low
20,2026-08-08 00:33:00+10:00,0,3,3,True,2026-08-08,00:33:00,Low
24,2026-08-08 00:33:00+10:00,4,0,4,True,2026-08-08,00:33:00,Low
35,2026-08-08 00:33:00+10:00,5,0,5,True,2026-08-08,00:33:00,Low
52,2026-08-08 00:33:00+10:00,2,3,5,True,2026-08-08,00:33:00,Low
3,2026-08-08 00:33:00+10:00,5,19,24,True,2026-08-08,00:33:00,Low
4,2026-08-08 00:33:00+10:00,4,1,5,True,2026-08-08,00:33:00,Low
6,2026-08-08 00:33:00+10:00,1,0,1,True,2026-08-08,00:33:00,Low
209,2026-08-08 00:33:00+10:00,0,2,2,True,2026-08-08,00:33:00,Low
12,2026-08-08 00:33:00+10:00,1,1,2,True,2026-08-08,00:33:00,Low
72,2026-08-08 00:33:00+10:00,0,1,1,True,2026-08-08,00:33:00,Low
79,2026-08-08 00:33:00+10:00,0,3,3,True,2026-08-08,00:33:00,Low
36,2026-08-08 00:33:00+10:00,1,5,6,True,2026-08-08,00:33:00,Low
50,2026-08-08 00:33:00+10:00,1,0,1,True,2026-08-08,00:33:00,Low
61,2026-08-08 00:33:00+10:00,1,0,1,True,2026-08-08,00:33:00,Low
1,2026-08-08 00:33:00+10:00,0,1,1,True,2026-08-08,00:33:00,Low
18,2026-08-08 00:33:00+10:00,0,1,1,True,2026-08-08,00:33:00,Low
19,2026-08-08 00:33:00+10:00,0,4,4,True,2026-08-08,00:33:00,Low
53,2026-08-08 00:33:00+10:00,3,0,3,True,2026-08-08,00:33:00,Low
56,2026-08-08 00:33:00+10:00,0,1,1,True,2026-08-08,00:33:00,Low
62,2026-08-08 00:33:00+10:00,0,1,1,True,2026-08-08,00:33:00,Low
63,2026-08-08 00:33:00+10:00,2,4,6,True,2026-08-08,00:33:00,Low
67,2026-08-08 00:33:00+10:00,1,0,1,True,2026-08-08,00:33:00,Low
180,2026-08-08 00:33:00+10:00,0,1,1,True,2026-08-08,00:33:00,Low
31,2026-08-08 00:33:00+10:00,2,2,4,True,2026-08-08,00:33:00,Low
41,2026-08-08 00:33:00+10:00,12,10,22,True,2026-08-08,00:33:00,Low
66,2026-08-08 00:32:00+10:00,15,6,21,True,2026-08-08,00:32:00,Low
181,2026-08-08 00:32:00+10:00,5,2,7,True,2026-08-08,00:32:00,Low
19,2026-08-08 00:32:00+10:00,14,2,16,True,2026-08-08,00:32:00,Low
24,2026-08-08 00:32:00+10:00,3,2,5,True,2026-08-08,00:32:00,Low
62,2026-08-08 00:32:00+10:00,1,0,1,True,2026-08-08,00:32:00,Low
79,2026-08-08 00:32:00+10:00,5,1,6,True,2026-08-08,00:32:00,Low
40,2026-08-08 00:32:00+10:00,0,2,2,True,2026-08-08,00:32:00,Low
35,2026-08-08 00:32:00+10:00,7,0,7,True,2026-08-08,00:32:00,Low
3,2026-08-08 00:32:00+10:00,10,6,16,True,2026-08-08,00:32:00,Low
209,2026-08-08 00:32:00+10:00,4,0,4,True,2026-08-08,00:32:00,Low
2,2026-08-08 00:32:00+10:00,1,0,1,True,2026-08-08,00:32:00,Low
11,2026-08-08 00:32:00+10:00,0,2,2,True,2026-08-08,00:32:00,Low
52,2026-08-08 00:32:00+10:00,2,2,4,True,2026-08-08,00:32:00,Low
56,2026-08-08 00:32:00+10:00,0,4,4,True,2026-08-08,00:32:00,Low
63,2026-08-08 00:32:00+10:00,1,0,1,True,2026-08-08,00:32:00,Low
4,2026-08-08 00:32:00+10:00,11,2,13,True,2026-08-08,00:32:00,Low
6,2026-08-08 00:32:00+10:00,3,1,4,True,2026-08-08,00:32:00,Low
36,2026-08-08 00:32:00+10:00,4,10,14,True,2026-08-08,00:32:00,Low
41,2026-08-08 00:32:00+10:00,8,2,10,True,2026-08-08,00:32:00,Low
24,2026-08-08 00:31:00+10:00,3,0,3,True,2026-08-08,00:31:00,Low
52,2026-08-08 00:31:00+10:00,0,1,1,True,2026-08-08,00:31:00,Low
56,2026-08-08 00:31:00+10:00,1,6,7,True,2026-08-08,00:31:00,Low
63,2026-08-08 00:31:00+10:00,3,0,3,True,2026-08-08,00:31:00,Low
187,2026-08-08 00:31:00+10:00,1,5,6,True,2026-08-08,00:31:00,Low
3,2026-08-08 00:31:00+10:00,12,14,26,True,2026-08-08,00:31:00,Low
6,2026-08-08 00:31:00+10:00,1,0,1,True,2026-08-08,00:31:00,Low
66,2026-08-08 00:31:00+10:00,0,3,3,True,2026-08-08,00:31:00,Low
181,2026-08-08 00:31:00+10:00,14,2,16,True,2026-08-08,00:31:00,Low
1,2026-08-08 00:31:00+10:00,1,6,7,True,2026-08-08,00:31:00,Low
53,2026-08-08 00:31:00+10:00,0,2,2,True,2026-08-08,00:31:00,Low
72,2026-08-08 00:31:00+10:00,0,4,4,True,2026-08-08,00:31:00,Low
36,2026-08-08 00:31:00+10:00,5,13,18,True,2026-08-08,00:31:00,Low
41,2026-08-08 00:31:00+10:00,5,10,15,True,2026-08-08,00:31:00,Low
87,2026-08-08 00:31:00+10:00,0,1,1,True,2026-08-08,00:31:00,Low
209,2026-08-08 00:31:00+10:00,0,2,2,True,2026-08-08,00:31:00,Low
2,2026-08-08 00:31:00+10:00,0,5,5,True,2026-08-08,00:31:00,Low
19,2026-08-08 00:31:00+10:00,4,7,11,True,2026-08-08,00:31:00,Low
35,2026-08-08 00:31:00+10:00,0,1,1,True,2026-08-08,00:31:00,Low
62,2026-08-08 00:31:00+10:00,2,2,4,True,2026-08-08,00:31:00,Low
79,2026-08-08 00:31:00+10:00,4,0,4,True,2026-08-08,00:31:00,Low
4,2026-08-08 00:31:00+10:00,6,4,10,True,2026-08-08,00:31:00,Low
29,2026-08-08 00:31:00+10:00,0,1,1,True,2026-08-08,00:31:00,Low
61,2026-08-08 00:31:00+10:00,2,0,2,True,2026-08-08,00:31:00,Low
135,2026-08-08 00:30:00+10:00,9,4,13,True,2026-08-08,00:30:00,Low
162,2026-08-08 00:30:00+10:00,9,5,14,True,2026-08-08,00:30:00,Low
166,2026-08-08 00:30:00+10:00,1,0,1,True,2026-08-08,00:30:00,Low
167,2026-08-08 00:30:00+10:00,1,0,1,True,2026-08-08,00:30:00,Low
181,2026-08-08 00:30:00+10:00,3,3,6,True,2026-08-08,00:30:00,Low
184,2026-08-08 00:30:00+10:00,5,11,16,True,2026-08-08,00:30:00,Low
12,2026-08-08 00:30:00+10:00,1,0,1,True,2026-08-08,00:30:00,Low
20,2026-08-08 00:30:00+10:00,0,3,3,True,2026-08-08,00:30:00,Low
30,2026-08-08 00:30:00+10:00,16,13,29,True,2026-08-08,00:30:00,Low
46,2026-08-08 00:30:00+10:00,1,0,1,True,2026-08-08,00:30:00,Low
58,2026-08-08 00:30:00+10:00,4,2,6,True,2026-08-08,00:30:00,Low
109,2026-08-08 00:30:00+10:00,1,6,7,True,2026-08-08,00:30:00,Low
141,2026-08-08 00:30:00+10:00,7,5,12,True,2026-08-08,00:30:00,Low
161,2026-08-08 00:30:00+10:00,0,2,2,True,2026-08-08,00:30:00,Low
5,2026-08-08 00:30:00+10:00,9,8,17,True,2026-08-08,00:30:00,Low
37,2026-08-08 00:30:00+10:00,1,0,1,True,2026-08-08,00:30:00,Low
44,2026-08-08 00:30:00+10:00,0,1,1,True,2026-08-08,00:30:00,Low
54,2026-08-08 00:30:00+10:00,0,5,5,True,2026-08-08,00:30:00,Low
61,2026-08-08 00:30:00+10:00,4,0,4,True,2026-08-08,00:30:00,Low
66,2026-08-08 00:30:00+10:00,1,13,14,True,2026-08-08,00:30:00,Low
84,2026-08-08 00:30:00+10:00,12,15,27,True,2026-08-08,00:30:00,Low
87,2026-08-08 00:30:00+10:00,0,3,3,True,2026-08-08,00:30:00,Low
107,2026-08-08 00:30:00+10:00,0,7,7,True,2026-08-08,00:30:00,Low
118,2026-08-08 00:30:00+10:00,0,3,3,True,2026-08-08,00:30:00,Low
132,2026-08-08 00:30:00+10:00,3,6,9,True,2026-08-08,00:30:00,Low
134,2026-08-08 00:30:00+10:00,9,3,12,True,2026-08-08,00:30:00,Low
165,2026-08-08 00:30:00+10:00,1,0,1,True,2026-08-08,00:30:00,Low
179,2026-08-08 00:30:00+10:00,1,1,2,True,2026-08-08,00:30:00,Low
11,2026-08-08 00:30:00+10:00,0,1,1,True,2026-08-08,00:30:00,Low
19,2026-08-08 00:30:00+10:00,0,4,4,True,2026-08-08,00:30:00,Low
24,2026-08-08 00:30:00+10:00,0,4,4,True,2026-08-08,00:30:00,Low
48,2026-08-08 00:30:00+10:00,1,0,1,True,2026-08-08,00:30:00,Low
52,2026-08-08 00:30:00+10:00,3,0,3,True,2026-08-08,00:30:00,Low
79,2026-08-08 00:30:00+10:00,2,6,8,True,2026-08-08,00:30:00,Low
117,2026-08-08 00:30:00+10:00,9,2,11,True,2026-08-08,00:30:00,Low
164,2026-08-08 00:30:00+10:00,3,5,8,True,2026-08-08,00:30:00,Low
36,2026-08-08 00:30:00+10:00,1,1,2,True,2026-08-08,00:30:00,Low
41,2026-08-08 00:30:00+10:00,1,10,11,True,2026-08-08,00:30:00,Low
59,2026-08-08 00:30:00+10:00,9,3,12,True,2026-08-08,00:30:00,Low
77,2026-08-08 00:30:00+10:00,3,8,11,True,2026-08-08,00:30:00,Low
131,2026-08-08 00:30:00+10:00,11,6,17,True,2026-08-08,00:30:00,Low
133,2026-08-08 00:30:00+10:00,1,0,1,True,2026-08-08,00:30:00,Low
143,2026-08-08 00:30:00+10:00,6,8,14,True,2026-08-08,00:30:00,Low
182,2026-08-08 00:30:00+10:00,15,7,22,True,2026-08-08,00:30:00,Low
185,2026-08-08 00:30:00+10:00,15,11,26,True,2026-08-08,00:30:00,Low
2,2026-08-08 00:30:00+10:00,0,2,2,True,2026-08-08,00:30:00,Low
23,2026-08-08 00:30:00+10:00,2,1,3,True,2026-08-08,00:30:00,Low
27,2026-08-08 00:30:00+10:00,1,0,1,True,2026-08-08,00:30:00,Low
35,2026-08-08 00:30:00+10:00,4,0,4,True,2026-08-08,00:30:00,Low
49,2026-08-08 00:30:00+10:00,3,7,10,True,2026-08-08,00:30:00,Low
56,2026-08-08 00:30:00+10:00,1,3,4,True,2026-08-08,00:30:00,Low
62,2026-08-08 00:30:00+10:00,0,1,1,True,2026-08-08,00:30:00,Low
63,2026-08-08 00:30:00+10:00,0,2,2,True,2026-08-08,00:30:00,Low
67,2026-08-08 00:30:00+10:00,0,2,2,True,2026-08-08,00:30:00,Low
3,2026-08-08 00:30:00+10:00,1,11,12,True,2026-08-08,00:30:00,Low
4,2026-08-08 00:30:00+10:00,2,6,8,True,2026-08-08,00:30:00,Low
21,2026-08-08 00:30:00+10:00,12,14,26,True,2026-08-08,00:30:00,Low
45,2026-08-08 00:30:00+10:00,9,20,29,True,2026-08-08,00:30:00,Low
47,2026-08-08 00:30:00+10:00,21,12,33,True,2026-08-08,00:30:00,Low
209,2026-08-08 00:29:00+10:00,6,0,6,True,2026-08-08,00:29:00,Low
1,2026-08-08 00:29:00+10:00,0,3,3,True,2026-08-08,00:29:00,Low
35,2026-08-08 00:29:00+10:00,2,1,3,True,2026-08-08,00:29:00,Low
52,2026-08-08 00:29:00+10:00,1,4,5,True,2026-08-08,00:29:00,Low
56,2026-08-08 00:29:00+10:00,2,0,2,True,2026-08-08,00:29:00,Low
62,2026-08-08 00:29:00+10:00,1,0,1,True,2026-08-08,00:29:00,Low
67,2026-08-08 00:29:00+10:00,0,2,2,True,2026-08-08,00:29:00,Low
4,2026-08-08 00:29:00+10:00,6,6,12,True,2026-08-08,00:29:00,Low
36,2026-08-08 00:29:00+10:00,0,7,7,True,2026-08-08,00:29:00,Low
40,2026-08-08 00:29:00+10:00,2,0,2,True,2026-08-08,00:29:00,Low
41,2026-08-08 00:29:00+10:00,1,6,7,True,2026-08-08,00:29:00,Low
181,2026-08-08 00:29:00+10:00,3,1,4,True,2026-08-08,00:29:00,Low
19,2026-08-08 00:29:00+10:00,6,11,17,True,2026-08-08,00:29:00,Low
20,2026-08-08 00:29:00+10:00,3,2,5,True,2026-08-08,00:29:00,Low
3,2026-08-08 00:29:00+10:00,2,8,10,True,2026-08-08,00:29:00,Low
61,2026-08-08 00:29:00+10:00,0,2,2,True,2026-08-08,00:29:00,Low
66,2026-08-08 00:29:00+10:00,7,7,14,True,2026-08-08,00:29:00,Low
12,2026-08-08 00:29:00+10:00,1,1,2,True,2026-08-08,00:29:00,Low
24,2026-08-08 00:29:00+10:00,3,0,3,True,2026-08-08,00:29:00,Low
53,2026-08-08 00:29:00+10:00,1,2,3,True,2026-08-08,00:29:00,Low
63,2026-08-08 00:29:00+10:00,6,1,7,True,2026-08-08,00:29:00,Low
72,2026-08-08 00:29:00+10:00,1,0,1,True,2026-08-08,00:29:00,Low
187,2026-08-08 00:29:00+10:00,0,2,2,True,2026-08-08,00:29:00,Low
14,2026-08-08 00:29:00+10:00,3,1,4,True,2026-08-08,00:29:00,Low
87,2026-08-08 00:28:00+10:00,0,2,2,True,2026-08-08,00:28:00,Low
181,2026-08-08 00:28:00+10:00,6,3,9,True,2026-08-08,00:28:00,Low
19,2026-08-08 00:28:00+10:00,16,4,20,True,2026-08-08,00:28:00,Low
35,2026-08-08 00:28:00+10:00,0,7,7,True,2026-08-08,00:28:00,Low
51,2026-08-08 00:28:00+10:00,1,3,4,True,2026-08-08,00:28:00,Low
52,2026-08-08 00:28:00+10:00,0,2,2,True,2026-08-08,00:28:00,Low
3,2026-08-08 00:28:00+10:00,7,3,10,True,2026-08-08,00:28:00,Low
4,2026-08-08 00:28:00+10:00,4,10,14,True,2026-08-08,00:28:00,Low
39,2026-08-08 00:28:00+10:00,1,0,1,True,2026-08-08,00:28:00,Low
61,2026-08-08 00:28:00+10:00,1,0,1,True,2026-08-08,00:28:00,Low
66,2026-08-08 00:28:00+10:00,1,0,1,True,2026-08-08,00:28:00,Low
209,2026-08-08 00:28:00+10:00,1,2,3,True,2026-08-08,00:28:00,Low
11,2026-08-08 00:28:00+10:00,0,2,2,True,2026-08-08,00:28:00,Low
20,2026-08-08 00:28:00+10:00,2,8,10,True,2026-08-08,00:28:00,Low
24,2026-08-08 00:28:00+10:00,1,0,1,True,2026-08-08,00:28:00,Low
53,2026-08-08 00:28:00+10:00,0,2,2,True,2026-08-08,00:28:00,Low
31,2026-08-08 00:28:00+10:00,1,0,1,True,2026-08-08,00:28:00,Low
41,2026-08-08 00:28:00+10:00,4,6,10,True,2026-08-08,00:28:00,Low
2,2026-08-08 00:28:00+10:00,3,0,3,True,2026-08-08,00:28:00,Low
56,2026-08-08 00:28:00+10:00,1,2,3,True,2026-08-08,00:28:00,Low
62,2026-08-08 00:28:00+10:00,4,3,7,True,2026-08-08,00:28:00,Low
63,2026-08-08 00:28:00+10:00,1,7,8,True,2026-08-08,00:28:00,Low
67,2026-08-08 00:28:00+10:00,1,0,1,True,2026-08-08,00:28:00,Low
68,2026-08-08 00:28:00+10:00,2,1,3,True,2026-08-08,00:28:00,Low
79,2026-08-08 00:28:00+10:00,0,1,1,True,2026-08-08,00:28:00,Low
187,2026-08-08 00:28:00+10:00,0,2,2,True,2026-08-08,00:28:00,Low
6,2026-08-08 00:28:00+10:00,1,0,1,True,2026-08-08,00:28:00,Low
14,2026-08-08 00:28:00+10:00,1,0,1,True,2026-08-08,00:28:00,Low
36,2026-08-08 00:28:00+10:00,0,7,7,True,2026-08-08,00:28:00,Low
40,2026-08-08 00:28:00+10:00,7,0,7,True,2026-08-08,00:28:00,Low
69,2026-08-08 00:27:00+10:00,0,2,2,True,2026-08-08,00:27:00,Low
209,2026-08-08 00:27:00+10:00,5,4,9,True,2026-08-08,00:27:00,Low
2,2026-08-08 00:27:00+10:00,1,0,1,True,2026-08-08,00:27:00,Low
19,2026-08-08 00:27:00+10:00,4,3,7,True,2026-08-08,00:27:00,Low
51,2026-08-08 00:27:00+10:00,1,0,1,True,2026-08-08,00:27:00,Low
63,2026-08-08 00:27:00+10:00,2,0,2,True,2026-08-08,00:27:00,Low
68,2026-08-08 00:27:00+10:00,3,3,6,True,2026-08-08,00:27:00,Low
3,2026-08-08 00:27:00+10:00,0,8,8,True,2026-08-08,00:27:00,Low
4,2026-08-08 00:27:00+10:00,3,13,16,True,2026-08-08,00:27:00,Low
36,2026-08-08 00:27:00+10:00,0,1,1,True,2026-08-08,00:27:00,Low
66,2026-08-08 00:27:00+10:00,10,9,19,True,2026-08-08,00:27:00,Low
9,2026-08-08 00:27:00+10:00,0,2,2,True,2026-08-08,00:27:00,Low
17,2026-08-08 00:27:00+10:00,1,0,1,True,2026-08-08,00:27:00,Low
20,2026-08-08 00:27:00+10:00,0,9,9,True,2026-08-08,00:27:00,Low
24,2026-08-08 00:27:00+10:00,0,9,9,True,2026-08-08,00:27:00,Low
35,2026-08-08 00:27:00+10:00,0,1,1,True,2026-08-08,00:27:00,Low
56,2026-08-08 00:27:00+10:00,1,3,4,True,2026-08-08,00:27:00,Low
62,2026-08-08 00:27:00+10:00,0,2,2,True,2026-08-08,00:27:00,Low
181,2026-08-08 00:27:00+10:00,1,1,2,True,2026-08-08,00:27:00,Low
52,2026-08-08 00:27:00+10:00,2,2,4,True,2026-08-08,00:27:00,Low
67,2026-08-08 00:27:00+10:00,1,2,3,True,2026-08-08,00:27:00,Low
72,2026-08-08 00:27:00+10:00,1,0,1,True,2026-08-08,00:27:00,Low
187,2026-08-08 00:27:00+10:00,0,4,4,True,2026-08-08,00:27:00,Low
39,2026-08-08 00:27:00+10:00,0,1,1,True,2026-08-08,00:27:00,Low
41,2026-08-08 00:27:00+10:00,2,8,10,True,2026-08-08,00:27:00,Low
50,2026-08-08 00:27:00+10:00,0,2,2,True,2026-08-08,00:27:00,Low
61,2026-08-08 00:27:00+10:00,2,1,3,True,2026-08-08,00:27:00,Low
12,2026-08-08 00:26:00+10:00,0,2,2,True,2026-08-08,00:26:00,Low
19,2026-08-08 00:26:00+10:00,0,2,2,True,2026-08-08,00:26:00,Low
62,2026-08-08 00:26:00+10:00,1,4,5,True,2026-08-08,00:26:00,Low
3,2026-08-08 00:26:00+10:00,1,10,11,True,2026-08-08,00:26:00,Low
4,2026-08-08 00:26:00+10:00,11,8,19,True,2026-08-08,00:26:00,Low
36,2026-08-08 00:26:00+10:00,0,3,3,True,2026-08-08,00:26:00,Low
209,2026-08-08 00:26:00+10:00,1,1,2,True,2026-08-08,00:26:00,Low
35,2026-08-08 00:26:00+10:00,1,0,1,True,2026-08-08,00:26:00,Low
56,2026-08-08 00:26:00+10:00,0,2,2,True,2026-08-08,00:26:00,Low
63,2026-08-08 00:26:00+10:00,0,1,1,True,2026-08-08,00:26:00,Low
66,2026-08-08 00:26:00+10:00,12,7,19,True,2026-08-08,00:26:00,Low
181,2026-08-08 00:26:00+10:00,13,9,22,True,2026-08-08,00:26:00,Low
20,2026-08-08 00:26:00+10:00,2,3,5,True,2026-08-08,00:26:00,Low
24,2026-08-08 00:26:00+10:00,3,1,4,True,2026-08-08,00:26:00,Low
52,2026-08-08 00:26:00+10:00,1,0,1,True,2026-08-08,00:26:00,Low
67,2026-08-08 00:26:00+10:00,0,1,1,True,2026-08-08,00:26:00,Low
68,2026-08-08 00:26:00+10:00,0,1,1,True,2026-08-08,00:26:00,Low
79,2026-08-08 00:26:00+10:00,2,1,3,True,2026-08-08,00:26:00,Low
187,2026-08-08 00:26:00+10:00,1,0,1,True,2026-08-08,00:26:00,Low
41,2026-08-08 00:26:00+10:00,4,4,8,True,2026-08-08,00:26:00,Low
61,2026-08-08 00:26:00+10:00,1,0,1,True,2026-08-08,00:26:00,Low
66,2026-08-08 00:25:00+10:00,4,9,13,True,2026-08-08,00:25:00,Low
77,2026-08-08 00:25:00+10:00,3,0,3,True,2026-08-08,00:25:00,Low
84,2026-08-08 00:25:00+10:00,13,17,30,True,2026-08-08,00:25:00,Low
87,2026-08-08 00:25:00+10:00,0,2,2,True,2026-08-08,00:25:00,Low
131,2026-08-08 00:25:00+10:00,6,2,8,True,2026-08-08,00:25:00,Low
133,2026-08-08 00:25:00+10:00,4,1,5,True,2026-08-08,00:25:00,Low
185,2026-08-08 00:25:00+10:00,21,23,44,True,2026-08-08,00:25:00,Low
1,2026-08-08 00:25:00+10:00,0,2,2,True,2026-08-08,00:25:00,Low
23,2026-08-08 00:25:00+10:00,1,4,5,True,2026-08-08,00:25:00,Low
24,2026-08-08 00:25:00+10:00,1,7,8,True,2026-08-08,00:25:00,Low
56,2026-08-08 00:25:00+10:00,1,4,5,True,2026-08-08,00:25:00,Low
139,2026-08-08 00:25:00+10:00,1,0,1,True,2026-08-08,00:25:00,Low
164,2026-08-08 00:25:00+10:00,3,0,3,True,2026-08-08,00:25:00,Low
4,2026-08-08 00:25:00+10:00,6,1,7,True,2026-08-08,00:25:00,Low
5,2026-08-08 00:25:00+10:00,23,2,25,True,2026-08-08,00:25:00,Low
21,2026-08-08 00:25:00+10:00,12,16,28,True,2026-08-08,00:25:00,Low
41,2026-08-08 00:25:00+10:00,13,6,19,True,2026-08-08,00:25:00,Low
43,2026-08-08 00:25:00+10:00,5,0,5,True,2026-08-08,00:25:00,Low
54,2026-08-08 00:25:00+10:00,0,3,3,True,2026-08-08,00:25:00,Low
59,2026-08-08 00:25:00+10:00,21,11,32,True,2026-08-08,00:25:00,Low
107,2026-08-08 00:25:00+10:00,2,4,6,True,2026-08-08,00:25:00,Low
135,2026-08-08 00:25:00+10:00,3,10,13,True,2026-08-08,00:25:00,Low
179,2026-08-08 00:25:00+10:00,0,2,2,True,2026-08-08,00:25:00,Low
181,2026-08-08 00:25:00+10:00,1,5,6,True,2026-08-08,00:25:00,Low
182,2026-08-08 00:25:00+10:00,6,16,22,True,2026-08-08,00:25:00,Low
30,2026-08-08 00:25:00+10:00,17,7,24,True,2026-08-08,00:25:00,Low
48,2026-08-08 00:25:00+10:00,0,4,4,True,2026-08-08,00:25:00,Low
49,2026-08-08 00:25:00+10:00,1,7,8,True,2026-08-08,00:25:00,Low
52,2026-08-08 00:25:00+10:00,0,6,6,True,2026-08-08,00:25:00,Low
53,2026-08-08 00:25:00+10:00,0,3,3,True,2026-08-08,00:25:00,Low
62,2026-08-08 00:25:00+10:00,7,2,9,True,2026-08-08,00:25:00,Low
31,2026-08-08 00:25:00+10:00,0,1,1,True,2026-08-08,00:25:00,Low
37,2026-08-08 00:25:00+10:00,9,4,13,True,2026-08-08,00:25:00,Low
45,2026-08-08 00:25:00+10:00,10,27,37,True,2026-08-08,00:25:00,Low
47,2026-08-08 00:25:00+10:00,8,8,16,True,2026-08-08,00:25:00,Low
61,2026-08-08 00:25:00+10:00,2,0,2,True,2026-08-08,00:25:00,Low
69,2026-08-08 00:25:00+10:00,1,0,1,True,2026-08-08,00:25:00,Low
70,2026-08-08 00:25:00+10:00,2,0,2,True,2026-08-08,00:25:00,Low
132,2026-08-08 00:25:00+10:00,5,1,6,True,2026-08-08,00:25:00,Low
134,2026-08-08 00:25:00+10:00,8,10,18,True,2026-08-08,00:25:00,Low
143,2026-08-08 00:25:00+10:00,8,1,9,True,2026-08-08,00:25:00,Low
162,2026-08-08 00:25:00+10:00,7,3,10,True,2026-08-08,00:25:00,Low
184,2026-08-08 00:25:00+10:00,12,14,26,True,2026-08-08,00:25:00,Low
209,2026-08-08 00:25:00+10:00,3,0,3,True,2026-08-08,00:25:00,Low
19,2026-08-08 00:25:00+10:00,2,15,17,True,2026-08-08,00:25:00,Low
25,2026-08-08 00:25:00+10:00,3,10,13,True,2026-08-08,00:25:00,Low
35,2026-08-08 00:25:00+10:00,0,2,2,True,2026-08-08,00:25:00,Low
58,2026-08-08 00:25:00+10:00,16,12,28,True,2026-08-08,00:25:00,Low
63,2026-08-08 00:25:00+10:00,0,2,2,True,2026-08-08,00:25:00,Low
79,2026-08-08 00:25:00+10:00,0,2,2,True,2026-08-08,00:25:00,Low
109,2026-08-08 00:25:00+10:00,3,2,5,True,2026-08-08,00:25:00,Low
141,2026-08-08 00:25:00+10:00,4,0,4,True,2026-08-08,00:25:00,Low
142,2026-08-08 00:25:00+10:00,1,0,1,True,2026-08-08,00:25:00,Low
3,2026-08-08 00:25:00+10:00,6,14,20,True,2026-08-08,00:25:00,Low
36,2026-08-08 00:25:00+10:00,0,2,2,True,2026-08-08,00:25:00,Low
40,2026-08-08 00:25:00+10:00,0,1,1,True,2026-08-08,00:25:00,Low
44,2026-08-08 00:25:00+10:00,4,0,4,True,2026-08-08,00:25:00,Low
50,2026-08-08 00:25:00+10:00,4,0,4,True,2026-08-08,00:25:00,Low
3,2026-08-08 00:24:00+10:00,9,6,15,True,2026-08-08,00:24:00,Low
181,2026-08-08 00:24:00+10:00,5,1,6,True,2026-08-08,00:24:00,Low
1,2026-08-08 00:24:00+10:00,0,2,2,True,2026-08-08,00:24:00,Low
20,2026-08-08 00:24:00+10:00,12,2,14,True,2026-08-08,00:24:00,Low
53,2026-08-08 00:24:00+10:00,3,0,3,True,2026-08-08,00:24:00,Low
63,2026-08-08 00:24:00+10:00,1,2,3,True,2026-08-08,00:24:00,Low
79,2026-08-08 00:24:00+10:00,0,3,3,True,2026-08-08,00:24:00,Low
31,2026-08-08 00:24:00+10:00,0,1,1,True,2026-08-08,00:24:00,Low
41,2026-08-08 00:24:00+10:00,3,3,6,True,2026-08-08,00:24:00,Low
50,2026-08-08 00:24:00+10:00,1,0,1,True,2026-08-08,00:24:00,Low
24,2026-08-08 00:24:00+10:00,3,0,3,True,2026-08-08,00:24:00,Low
52,2026-08-08 00:24:00+10:00,0,2,2,True,2026-08-08,00:24:00,Low
56,2026-08-08 00:24:00+10:00,2,3,5,True,2026-08-08,00:24:00,Low
187,2026-08-08 00:24:00+10:00,0,5,5,True,2026-08-08,00:24:00,Low
4,2026-08-08 00:24:00+10:00,3,11,14,True,2026-08-08,00:24:00,Low
6,2026-08-08 00:24:00+10:00,1,1,2,True,2026-08-08,00:24:00,Low
66,2026-08-08 00:24:00+10:00,6,5,11,True,2026-08-08,00:24:00,Low
209,2026-08-08 00:24:00+10:00,2,2,4,True,2026-08-08,00:24:00,Low
9,2026-08-08 00:24:00+10:00,0,1,1,True,2026-08-08,00:24:00,Low
19,2026-08-08 00:24:00+10:00,7,2,9,True,2026-08-08,00:24:00,Low
35,2026-08-08 00:24:00+10:00,2,1,3,True,2026-08-08,00:24:00,Low
62,2026-08-08 00:24:00+10:00,2,1,3,True,2026-08-08,00:24:00,Low
85,2026-08-08 00:24:00+10:00,0,1,1,True,2026-08-08,00:24:00,Low
36,2026-08-08 00:24:00+10:00,6,3,9,True,2026-08-08,00:24:00,Low
61,2026-08-08 00:24:00+10:00,1,0,1,True,2026-08-08,00:24:00,Low
3,2026-08-08 00:23:00+10:00,8,6,14,True,2026-08-08,00:23:00,Low
36,2026-08-08 00:23:00+10:00,1,2,3,True,2026-08-08,00:23:00,Low
39,2026-08-08 00:23:00+10:00,0,1,1,True,2026-08-08,00:23:00,Low
41,2026-08-08 00:23:00+10:00,9,3,12,True,2026-08-08,00:23:00,Low
66,2026-08-08 00:23:00+10:00,3,5,8,True,2026-08-08,00:23:00,Low
17,2026-08-08 00:23:00+10:00,1,1,2,True,2026-08-08,00:23:00,Low
20,2026-08-08 00:23:00+10:00,0,3,3,True,2026-08-08,00:23:00,Low
35,2026-08-08 00:23:00+10:00,3,4,7,True,2026-08-08,00:23:00,Low
53,2026-08-08 00:23:00+10:00,6,0,6,True,2026-08-08,00:23:00,Low
62,2026-08-08 00:23:00+10:00,2,0,2,True,2026-08-08,00:23:00,Low
63,2026-08-08 00:23:00+10:00,0,1,1,True,2026-08-08,00:23:00,Low
31,2026-08-08 00:23:00+10:00,0,1,1,True,2026-08-08,00:23:00,Low
50,2026-08-08 00:23:00+10:00,0,1,1,True,2026-08-08,00:23:00,Low
69,2026-08-08 00:23:00+10:00,1,0,1,True,2026-08-08,00:23:00,Low
181,2026-08-08 00:23:00+10:00,5,5,10,True,2026-08-08,00:23:00,Low
209,2026-08-08 00:23:00+10:00,1,0,1,True,2026-08-08,00:23:00,Low
12,2026-08-08 00:23:00+10:00,1,0,1,True,2026-08-08,00:23:00,Low
19,2026-08-08 00:23:00+10:00,0,7,7,True,2026-08-08,00:23:00,Low
52,2026-08-08 00:23:00+10:00,0,1,1,True,2026-08-08,00:23:00,Low
67,2026-08-08 00:23:00+10:00,0,2,2,True,2026-08-08,00:23:00,Low
6,2026-08-08 00:23:00+10:00,0,3,3,True,2026-08-08,00:23:00,Low
4,2026-08-08 00:23:00+10:00,4,8,12,True,2026-08-08,00:23:00,Low
2,2026-08-08 00:23:00+10:00,0,1,1,True,2026-08-08,00:23:00,Low
56,2026-08-08 00:23:00+10:00,2,0,2,True,2026-08-08,00:23:00,Low
79,2026-08-08 00:23:00+10:00,2,0,2,True,2026-08-08,00:23:00,Low
3,2026-08-08 00:22:00+10:00,7,3,10,True,2026-08-08,00:22:00,Low
36,2026-08-08 00:22:00+10:00,3,0,3,True,2026-08-08,00:22:00,Low
52,2026-08-08 00:22:00+10:00,1,1,2,True,2026-08-08,00:22:00,Low
63,2026-08-08 00:22:00+10:00,2,3,5,True,2026-08-08,00:22:00,Low
67,2026-08-08 00:22:00+10:00,2,0,2,True,2026-08-08,00:22:00,Low
79,2026-08-08 00:22:00+10:00,0,2,2,True,2026-08-08,00:22:00,Low
187,2026-08-08 00:22:00+10:00,1,0,1,True,2026-08-08,00:22:00,Low
4,2026-08-08 00:22:00+10:00,6,4,10,True,2026-08-08,00:22:00,Low
6,2026-08-08 00:22:00+10:00,4,0,4,True,2026-08-08,00:22:00,Low
41,2026-08-08 00:22:00+10:00,2,8,10,True,2026-08-08,00:22:00,Low
61,2026-08-08 00:22:00+10:00,1,1,2,True,2026-08-08,00:22:00,Low
66,2026-08-08 00:22:00+10:00,4,0,4,True,2026-08-08,00:22:00,Low
181,2026-08-08 00:22:00+10:00,1,3,4,True,2026-08-08,00:22:00,Low
20,2026-08-08 00:22:00+10:00,1,0,1,True,2026-08-08,00:22:00,Low
24,2026-08-08 00:22:00+10:00,5,6,11,True,2026-08-08,00:22:00,Low
35,2026-08-08 00:22:00+10:00,1,4,5,True,2026-08-08,00:22:00,Low
72,2026-08-08 00:22:00+10:00,0,2,2,True,2026-08-08,00:22:00,Low
29,2026-08-08 00:22:00+10:00,2,0,2,True,2026-08-08,00:22:00,Low
2,2026-08-08 00:22:00+10:00,1,4,5,True,2026-08-08,00:22:00,Low
9,2026-08-08 00:22:00+10:00,4,0,4,True,2026-08-08,00:22:00,Low
19,2026-08-08 00:22:00+10:00,9,9,18,True,2026-08-08,00:22:00,Low
62,2026-08-08 00:22:00+10:00,4,0,4,True,2026-08-08,00:22:00,Low
6,2026-08-08 00:21:00+10:00,3,0,3,True,2026-08-08,00:21:00,Low
36,2026-08-08 00:21:00+10:00,5,1,6,True,2026-08-08,00:21:00,Low
1,2026-08-08 00:21:00+10:00,0,2,2,True,2026-08-08,00:21:00,Low
35,2026-08-08 00:21:00+10:00,3,0,3,True,2026-08-08,00:21:00,Low
51,2026-08-08 00:21:00+10:00,2,0,2,True,2026-08-08,00:21:00,Low
52,2026-08-08 00:21:00+10:00,5,0,5,True,2026-08-08,00:21:00,Low
53,2026-08-08 00:21:00+10:00,0,5,5,True,2026-08-08,00:21:00,Low
187,2026-08-08 00:21:00+10:00,1,0,1,True,2026-08-08,00:21:00,Low
14,2026-08-08 00:21:00+10:00,1,0,1,True,2026-08-08,00:21:00,Low
66,2026-08-08 00:21:00+10:00,0,4,4,True,2026-08-08,00:21:00,Low
181,2026-08-08 00:21:00+10:00,2,1,3,True,2026-08-08,00:21:00,Low
209,2026-08-08 00:21:00+10:00,7,2,9,True,2026-08-08,00:21:00,Low
12,2026-08-08 00:21:00+10:00,1,0,1,True,2026-08-08,00:21:00,Low
62,2026-08-08 00:21:00+10:00,3,0,3,True,2026-08-08,00:21:00,Low
63,2026-08-08 00:21:00+10:00,0,2,2,True,2026-08-08,00:21:00,Low
3,2026-08-08 00:21:00+10:00,18,19,37,True,2026-08-08,00:21:00,Low
4,2026-08-08 00:21:00+10:00,2,1,3,True,2026-08-08,00:21:00,Low
31,2026-08-08 00:21:00+10:00,0,3,3,True,2026-08-08,00:21:00,Low
41,2026-08-08 00:21:00+10:00,2,1,3,True,2026-08-08,00:21:00,Low
2,2026-08-08 00:21:00+10:00,0,2,2,True,2026-08-08,00:21:00,Low
19,2026-08-08 00:21:00+10:00,4,5,9,True,2026-08-08,00:21:00,Low
20,2026-08-08 00:21:00+10:00,2,3,5,True,2026-08-08,00:21:00,Low
24,2026-08-08 00:21:00+10:00,2,4,6,True,2026-08-08,00:21:00,Low
56,2026-08-08 00:21:00+10:00,0,1,1,True,2026-08-08,00:21:00,Low
67,2026-08-08 00:21:00+10:00,0,1,1,True,2026-08-08,00:21:00,Low
79,2026-08-08 00:21:00+10:00,0,2,2,True,2026-08-08,00:21:00,Low
3,2026-08-08 00:20:00+10:00,2,6,8,True,2026-08-08,00:20:00,Low
4,2026-08-08 00:20:00+10:00,6,5,11,True,2026-08-08,00:20:00,Low
6,2026-08-08 00:20:00+10:00,0,2,2,True,2026-08-08,00:20:00,Low
29,2026-08-08 00:20:00+10:00,0,2,2,True,2026-08-08,00:20:00,Low
36,2026-08-08 00:20:00+10:00,0,4,4,True,2026-08-08,00:20:00,Low
37,2026-08-08 00:20:00+10:00,3,6,9,True,2026-08-08,00:20:00,Low
41,2026-08-08 00:20:00+10:00,6,0,6,True,2026-08-08,00:20:00,Low
54,2026-08-08 00:20:00+10:00,2,0,2,True,2026-08-08,00:20:00,Low
165,2026-08-08 00:20:00+10:00,2,0,2,True,2026-08-08,00:20:00,Low
2,2026-08-08 00:20:00+10:00,7,1,8,True,2026-08-08,00:20:00,Low
23,2026-08-08 00:20:00+10:00,1,2,3,True,2026-08-08,00:20:00,Low
35,2026-08-08 00:20:00+10:00,1,2,3,True,2026-08-08,00:20:00,Low
49,2026-08-08 00:20:00+10:00,1,3,4,True,2026-08-08,00:20:00,Low
52,2026-08-08 00:20:00+10:00,1,0,1,True,2026-08-08,00:20:00,Low
56,2026-08-08 00:20:00+10:00,0,2,2,True,2026-08-08,00:20:00,Low
109,2026-08-08 00:20:00+10:00,8,0,8,True,2026-08-08,00:20:00,Low
161,2026-08-08 00:20:00+10:00,0,2,2,True,2026-08-08,00:20:00,Low
187,2026-08-08 00:20:00+10:00,2,0,2,True,2026-08-08,00:20:00,Low
31,2026-08-08 00:20:00+10:00,1,0,1,True,2026-08-08,00:20:00,Low
5,2026-08-08 00:20:00+10:00,17,12,29,True,2026-08-08,00:20:00,Low
21,2026-08-08 00:20:00+10:00,18,14,32,True,2026-08-08,00:20:00,Low
43,2026-08-08 00:20:00+10:00,2,0,2,True,2026-08-08,00:20:00,Low
45,2026-08-08 00:20:00+10:00,7,26,33,True,2026-08-08,00:20:00,Low
47,2026-08-08 00:20:00+10:00,9,7,16,True,2026-08-08,00:20:00,Low
66,2026-08-08 00:20:00+10:00,0,2,2,True,2026-08-08,00:20:00,Low
77,2026-08-08 00:20:00+10:00,13,1,14,True,2026-08-08,00:20:00,Low
131,2026-08-08 00:20:00+10:00,4,4,8,True,2026-08-08,00:20:00,Low
132,2026-08-08 00:20:00+10:00,3,0,3,True,2026-08-08,00:20:00,Low
143,2026-08-08 00:20:00+10:00,9,12,21,True,2026-08-08,00:20:00,Low
181,2026-08-08 00:20:00+10:00,3,4,7,True,2026-08-08,00:20:00,Low
182,2026-08-08 00:20:00+10:00,17,8,25,True,2026-08-08,00:20:00,Low
184,2026-08-08 00:20:00+10:00,5,22,27,True,2026-08-08,00:20:00,Low
185,2026-08-08 00:20:00+10:00,18,19,37,True,2026-08-08,00:20:00,Low
209,2026-08-08 00:20:00+10:00,5,1,6,True,2026-08-08,00:20:00,Low
11,2026-08-08 00:20:00+10:00,1,0,1,True,2026-08-08,00:20:00,Low
17,2026-08-08 00:20:00+10:00,4,0,4,True,2026-08-08,00:20:00,Low
63,2026-08-08 00:20:00+10:00,0,5,5,True,2026-08-08,00:20:00,Low
117,2026-08-08 00:20:00+10:00,4,0,4,True,2026-08-08,00:20:00,Low
136,2026-08-08 00:20:00+10:00,0,1,1,True,2026-08-08,00:20:00,Low
141,2026-08-08 00:20:00+10:00,6,6,12,True,2026-08-08,00:20:00,Low
42,2026-08-08 00:20:00+10:00,3,0,3,True,2026-08-08,00:20:00,Low
59,2026-08-08 00:20:00+10:00,25,20,45,True,2026-08-08,00:20:00,Low
84,2026-08-08 00:20:00+10:00,19,25,44,True,2026-08-08,00:20:00,Low
107,2026-08-08 00:20:00+10:00,0,1,1,True,2026-08-08,00:20:00,Low
133,2026-08-08 00:20:00+10:00,5,3,8,True,2026-08-08,00:20:00,Low
134,2026-08-08 00:20:00+10:00,8,3,11,True,2026-08-08,00:20:00,Low
135,2026-08-08 00:20:00+10:00,6,0,6,True,2026-08-08,00:20:00,Low
162,2026-08-08 00:20:00+10:00,11,7,18,True,2026-08-08,00:20:00,Low
166,2026-08-08 00:20:00+10:00,0,1,1,True,2026-08-08,00:20:00,Low
19,2026-08-08 00:20:00+10:00,6,6,12,True,2026-08-08,00:20:00,Low
20,2026-08-08 00:20:00+10:00,2,5,7,True,2026-08-08,00:20:00,Low
25,2026-08-08 00:20:00+10:00,4,1,5,True,2026-08-08,00:20:00,Low
27,2026-08-08 00:20:00+10:00,0,3,3,True,2026-08-08,00:20:00,Low
30,2026-08-08 00:20:00+10:00,10,12,22,True,2026-08-08,00:20:00,Low
48,2026-08-08 00:20:00+10:00,4,3,7,True,2026-08-08,00:20:00,Low
51,2026-08-08 00:20:00+10:00,0,1,1,True,2026-08-08,00:20:00,Low
58,2026-08-08 00:20:00+10:00,4,3,7,True,2026-08-08,00:20:00,Low
62,2026-08-08 00:20:00+10:00,2,4,6,True,2026-08-08,00:20:00,Low
67,2026-08-08 00:20:00+10:00,6,2,8,True,2026-08-08,00:20:00,Low
142,2026-08-08 00:20:00+10:00,14,5,19,True,2026-08-08,00:20:00,Low
44,2026-08-08 00:20:00+10:00,1,0,1,True,2026-08-08,00:20:00,Low
6,2026-08-08 00:19:00+10:00,1,0,1,True,2026-08-08,00:19:00,Low
29,2026-08-08 00:19:00+10:00,0,2,2,True,2026-08-08,00:19:00,Low
40,2026-08-08 00:19:00+10:00,0,1,1,True,2026-08-08,00:19:00,Low
41,2026-08-08 00:19:00+10:00,3,5,8,True,2026-08-08,00:19:00,Low
181,2026-08-08 00:19:00+10:00,5,1,6,True,2026-08-08,00:19:00,Low
20,2026-08-08 00:19:00+10:00,0,10,10,True,2026-08-08,00:19:00,Low
35,2026-08-08 00:19:00+10:00,0,1,1,True,2026-08-08,00:19:00,Low
52,2026-08-08 00:19:00+10:00,1,1,2,True,2026-08-08,00:19:00,Low
3,2026-08-08 00:19:00+10:00,2,8,10,True,2026-08-08,00:19:00,Low
14,2026-08-08 00:19:00+10:00,1,0,1,True,2026-08-08,00:19:00,Low
61,2026-08-08 00:19:00+10:00,2,0,2,True,2026-08-08,00:19:00,Low
70,2026-08-08 00:19:00+10:00,1,0,1,True,2026-08-08,00:19:00,Low
209,2026-08-08 00:19:00+10:00,4,4,8,True,2026-08-08,00:19:00,Low
1,2026-08-08 00:19:00+10:00,1,2,3,True,2026-08-08,00:19:00,Low
2,2026-08-08 00:19:00+10:00,0,1,1,True,2026-08-08,00:19:00,Low
24,2026-08-08 00:19:00+10:00,1,4,5,True,2026-08-08,00:19:00,Low
56,2026-08-08 00:19:00+10:00,2,1,3,True,2026-08-08,00:19:00,Low
187,2026-08-08 00:19:00+10:00,1,2,3,True,2026-08-08,00:19:00,Low
4,2026-08-08 00:19:00+10:00,2,7,9,True,2026-08-08,00:19:00,Low
31,2026-08-08 00:19:00+10:00,1,2,3,True,2026-08-08,00:19:00,Low
66,2026-08-08 00:19:00+10:00,8,3,11,True,2026-08-08,00:19:00,Low
19,2026-08-08 00:19:00+10:00,15,2,17,True,2026-08-08,00:19:00,Low
53,2026-08-08 00:19:00+10:00,3,0,3,True,2026-08-08,00:19:00,Low
62,2026-08-08 00:19:00+10:00,0,4,4,True,2026-08-08,00:19:00,Low
63,2026-08-08 00:19:00+10:00,1,2,3,True,2026-08-08,00:19:00,Low
67,2026-08-08 00:19:00+10:00,2,0,2,True,2026-08-08,00:19:00,Low
36,2026-08-08 00:19:00+10:00,1,1,2,True,2026-08-08,00:19:00,Low
3,2026-08-08 00:18:00+10:00,3,12,15,True,2026-08-08,00:18:00,Low
66,2026-08-08 00:18:00+10:00,0,4,4,True,2026-08-08,00:18:00,Low
181,2026-08-08 00:18:00+10:00,2,1,3,True,2026-08-08,00:18:00,Low
11,2026-08-08 00:18:00+10:00,2,0,2,True,2026-08-08,00:18:00,Low
19,2026-08-08 00:18:00+10:00,2,3,5,True,2026-08-08,00:18:00,Low
35,2026-08-08 00:18:00+10:00,3,4,7,True,2026-08-08,00:18:00,Low
52,2026-08-08 00:18:00+10:00,2,0,2,True,2026-08-08,00:18:00,Low
56,2026-08-08 00:18:00+10:00,1,5,6,True,2026-08-08,00:18:00,Low
63,2026-08-08 00:18:00+10:00,0,5,5,True,2026-08-08,00:18:00,Low
67,2026-08-08 00:18:00+10:00,5,1,6,True,2026-08-08,00:18:00,Low
79,2026-08-08 00:18:00+10:00,2,2,4,True,2026-08-08,00:18:00,Low
61,2026-08-08 00:18:00+10:00,0,1,1,True,2026-08-08,00:18:00,Low
4,2026-08-08 00:18:00+10:00,9,7,16,True,2026-08-08,00:18:00,Low
209,2026-08-08 00:18:00+10:00,1,0,1,True,2026-08-08,00:18:00,Low
1,2026-08-08 00:18:00+10:00,2,6,8,True,2026-08-08,00:18:00,Low
2,2026-08-08 00:18:00+10:00,3,0,3,True,2026-08-08,00:18:00,Low
24,2026-08-08 00:18:00+10:00,2,0,2,True,2026-08-08,00:18:00,Low
53,2026-08-08 00:18:00+10:00,1,0,1,True,2026-08-08,00:18:00,Low
31,2026-08-08 00:18:00+10:00,4,0,4,True,2026-08-08,00:18:00,Low
41,2026-08-08 00:18:00+10:00,6,16,22,True,2026-08-08,00:18:00,Low
6,2026-08-08 00:18:00+10:00,3,0,3,True,2026-08-08,00:18:00,Low
50,2026-08-08 00:18:00+10:00,0,6,6,True,2026-08-08,00:18:00,Low
20,2026-08-08 00:18:00+10:00,0,6,6,True,2026-08-08,00:18:00,Low
62,2026-08-08 00:18:00+10:00,0,1,1,True,2026-08-08,00:18:00,Low
187,2026-08-08 00:18:00+10:00,2,0,2,True,2026-08-08,00:18:00,Low
36,2026-08-08 00:18:00+10:00,1,3,4,True,2026-08-08,00:18:00,Low
4,2026-08-08 00:17:00+10:00,5,2,7,True,2026-08-08,00:17:00,Low
66,2026-08-08 00:17:00+10:00,1,1,2,True,2026-08-08,00:17:00,Low
181,2026-08-08 00:17:00+10:00,4,0,4,True,2026-08-08,00:17:00,Low
2,2026-08-08 00:17:00+10:00,1,0,1,True,2026-08-08,00:17:00,Low
17,2026-08-08 00:17:00+10:00,1,0,1,True,2026-08-08,00:17:00,Low
35,2026-08-08 00:17:00+10:00,4,1,5,True,2026-08-08,00:17:00,Low
51,2026-08-08 00:17:00+10:00,0,1,1,True,2026-08-08,00:17:00,Low
52,2026-08-08 00:17:00+10:00,2,0,2,True,2026-08-08,00:17:00,Low
56,2026-08-08 00:17:00+10:00,3,6,9,True,2026-08-08,00:17:00,Low
79,2026-08-08 00:17:00+10:00,1,2,3,True,2026-08-08,00:17:00,Low
31,2026-08-08 00:17:00+10:00,0,3,3,True,2026-08-08,00:17:00,Low
3,2026-08-08 00:17:00+10:00,2,3,5,True,2026-08-08,00:17:00,Low
40,2026-08-08 00:17:00+10:00,3,0,3,True,2026-08-08,00:17:00,Low
41,2026-08-08 00:17:00+10:00,6,4,10,True,2026-08-08,00:17:00,Low
42,2026-08-08 00:17:00+10:00,0,1,1,True,2026-08-08,00:17:00,Low
209,2026-08-08 00:17:00+10:00,0,4,4,True,2026-08-08,00:17:00,Low
67,2026-08-08 00:17:00+10:00,0,2,2,True,2026-08-08,00:17:00,Low
72,2026-08-08 00:17:00+10:00,3,0,3,True,2026-08-08,00:17:00,Low
29,2026-08-08 00:17:00+10:00,1,0,1,True,2026-08-08,00:17:00,Low
1,2026-08-08 00:17:00+10:00,1,3,4,True,2026-08-08,00:17:00,Low
19,2026-08-08 00:17:00+10:00,1,3,4,True,2026-08-08,00:17:00,Low
20,2026-08-08 00:17:00+10:00,6,16,22,True,2026-08-08,00:17:00,Low
63,2026-08-08 00:17:00+10:00,1,4,5,True,2026-08-08,00:17:00,Low
36,2026-08-08 00:17:00+10:00,3,2,5,True,2026-08-08,00:17:00,Low
61,2026-08-08 00:17:00+10:00,3,0,3,True,2026-08-08,00:17:00,Low
3,2026-08-08 00:16:00+10:00,3,4,7,True,2026-08-08,00:16:00,Low
4,2026-08-08 00:16:00+10:00,2,3,5,True,2026-08-08,00:16:00,Low
39,2026-08-08 00:16:00+10:00,2,0,2,True,2026-08-08,00:16:00,Low
41,2026-08-08 00:16:00+10:00,3,6,9,True,2026-08-08,00:16:00,Low
75,2026-08-08 00:16:00+10:00,0,1,1,True,2026-08-08,00:16:00,Low
1,2026-08-08 00:16:00+10:00,1,0,1,True,2026-08-08,00:16:00,Low
35,2026-08-08 00:16:00+10:00,5,2,7,True,2026-08-08,00:16:00,Low
6,2026-08-08 00:16:00+10:00,5,0,5,True,2026-08-08,00:16:00,Low
36,2026-08-08 00:16:00+10:00,0,4,4,True,2026-08-08,00:16:00,Low
40,2026-08-08 00:16:00+10:00,1,0,1,True,2026-08-08,00:16:00,Low
19,2026-08-08 00:16:00+10:00,5,14,19,True,2026-08-08,00:16:00,Low
24,2026-08-08 00:16:00+10:00,5,1,6,True,2026-08-08,00:16:00,Low
53,2026-08-08 00:16:00+10:00,1,0,1,True,2026-08-08,00:16:00,Low
67,2026-08-08 00:16:00+10:00,1,0,1,True,2026-08-08,00:16:00,Low
68,2026-08-08 00:16:00+10:00,1,0,1,True,2026-08-08,00:16:00,Low
187,2026-08-08 00:16:00+10:00,1,1,2,True,2026-08-08,00:16:00,Low
31,2026-08-08 00:16:00+10:00,3,6,9,True,2026-08-08,00:16:00,Low
66,2026-08-08 00:16:00+10:00,2,1,3,True,2026-08-08,00:16:00,Low
181,2026-08-08 00:16:00+10:00,6,4,10,True,2026-08-08,00:16:00,Low
2,2026-08-08 00:16:00+10:00,0,5,5,True,2026-08-08,00:16:00,Low
63,2026-08-08 00:16:00+10:00,2,0,2,True,2026-08-08,00:16:00,Low
61,2026-08-08 00:16:00+10:00,3,0,3,True,2026-08-08,00:16:00,Low
3,2026-08-08 00:15:00+10:00,12,14,26,True,2026-08-08,00:15:00,Low
5,2026-08-08 00:15:00+10:00,33,25,58,True,2026-08-08,00:15:00,Medium
21,2026-08-08 00:15:00+10:00,8,17,25,True,2026-08-08,00:15:00,Low
40,2026-08-08 00:15:00+10:00,3,0,3,True,2026-08-08,00:15:00,Low
54,2026-08-08 00:15:00+10:00,6,2,8,True,2026-08-08,00:15:00,Low
182,2026-08-08 00:15:00+10:00,15,11,26,True,2026-08-08,00:15:00,Low
184,2026-08-08 00:15:00+10:00,5,20,25,True,2026-08-08,00:15:00,Low
1,2026-08-08 00:15:00+10:00,0,5,5,True,2026-08-08,00:15:00,Low
11,2026-08-08 00:15:00+10:00,1,0,1,True,2026-08-08,00:15:00,Low
24,2026-08-08 00:15:00+10:00,0,2,2,True,2026-08-08,00:15:00,Low
48,2026-08-08 00:15:00+10:00,1,6,7,True,2026-08-08,00:15:00,Low
49,2026-08-08 00:15:00+10:00,8,6,14,True,2026-08-08,00:15:00,Low
53,2026-08-08 00:15:00+10:00,2,4,6,True,2026-08-08,00:15:00,Low
56,2026-08-08 00:15:00+10:00,3,0,3,True,2026-08-08,00:15:00,Low
72,2026-08-08 00:15:00+10:00,0,2,2,True,2026-08-08,00:15:00,Low
139,2026-08-08 00:15:00+10:00,0,1,1,True,2026-08-08,00:15:00,Low
187,2026-08-08 00:15:00+10:00,0,1,1,True,2026-08-08,00:15:00,Low
29,2026-08-08 00:15:00+10:00,0,1,1,True,2026-08-08,00:15:00,Low
61,2026-08-08 00:15:00+10:00,1,0,1,True,2026-08-08,00:15:00,Low
4,2026-08-08 00:15:00+10:00,5,5,10,True,2026-08-08,00:15:00,Low
36,2026-08-08 00:15:00+10:00,6,5,11,True,2026-08-08,00:15:00,Low
45,2026-08-08 00:15:00+10:00,16,17,33,True,2026-08-08,00:15:00,Low
59,2026-08-08 00:15:00+10:00,23,4,27,True,2026-08-08,00:15:00,Low
77,2026-08-08 00:15:00+10:00,2,0,2,True,2026-08-08,00:15:00,Low
131,2026-08-08 00:15:00+10:00,7,14,21,True,2026-08-08,00:15:00,Low
132,2026-08-08 00:15:00+10:00,11,4,15,True,2026-08-08,00:15:00,Low
134,2026-08-08 00:15:00+10:00,6,10,16,True,2026-08-08,00:15:00,Low
135,2026-08-08 00:15:00+10:00,2,6,8,True,2026-08-08,00:15:00,Low
185,2026-08-08 00:15:00+10:00,20,18,38,True,2026-08-08,00:15:00,Low
2,2026-08-08 00:15:00+10:00,1,0,1,True,2026-08-08,00:15:00,Low
12,2026-08-08 00:15:00+10:00,3,1,4,True,2026-08-08,00:15:00,Low
19,2026-08-08 00:15:00+10:00,2,7,9,True,2026-08-08,00:15:00,Low
35,2026-08-08 00:15:00+10:00,0,4,4,True,2026-08-08,00:15:00,Low
58,2026-08-08 00:15:00+10:00,10,2,12,True,2026-08-08,00:15:00,Low
62,2026-08-08 00:15:00+10:00,5,1,6,True,2026-08-08,00:15:00,Low
68,2026-08-08 00:15:00+10:00,0,1,1,True,2026-08-08,00:15:00,Low
109,2026-08-08 00:15:00+10:00,1,9,10,True,2026-08-08,00:15:00,Low
117,2026-08-08 00:15:00+10:00,1,2,3,True,2026-08-08,00:15:00,Low
136,2026-08-08 00:15:00+10:00,1,0,1,True,2026-08-08,00:15:00,Low
43,2026-08-08 00:15:00+10:00,1,1,2,True,2026-08-08,00:15:00,Low
66,2026-08-08 00:15:00+10:00,10,5,15,True,2026-08-08,00:15:00,Low
84,2026-08-08 00:15:00+10:00,16,13,29,True,2026-08-08,00:15:00,Low
107,2026-08-08 00:15:00+10:00,3,0,3,True,2026-08-08,00:15:00,Low
133,2026-08-08 00:15:00+10:00,9,0,9,True,2026-08-08,00:15:00,Low
143,2026-08-08 00:15:00+10:00,15,6,21,True,2026-08-08,00:15:00,Low
162,2026-08-08 00:15:00+10:00,13,8,21,True,2026-08-08,00:15:00,Low
179,2026-08-08 00:15:00+10:00,2,0,2,True,2026-08-08,00:15:00,Low
181,2026-08-08 00:15:00+10:00,4,4,8,True,2026-08-08,00:15:00,Low
209,2026-08-08 00:15:00+10:00,4,2,6,True,2026-08-08,00:15:00,Low
20,2026-08-08 00:15:00+10:00,2,2,4,True,2026-08-08,00:15:00,Low
23,2026-08-08 00:15:00+10:00,1,6,7,True,2026-08-08,00:15:00,Low
25,2026-08-08 00:15:00+10:00,3,6,9,True,2026-08-08,00:15:00,Low
30,2026-08-08 00:15:00+10:00,22,11,33,True,2026-08-08,00:15:00,Low
51,2026-08-08 00:15:00+10:00,0,1,1,True,2026-08-08,00:15:00,Low
63,2026-08-08 00:15:00+10:00,2,1,3,True,2026-08-08,00:15:00,Low
79,2026-08-08 00:15:00+10:00,2,0,2,True,2026-08-08,00:15:00,Low
141,2026-08-08 00:15:00+10:00,8,5,13,True,2026-08-08,00:15:00,Low
142,2026-08-08 00:15:00+10:00,4,0,4,True,2026-08-08,00:15:00,Low
14,2026-08-08 00:15:00+10:00,1,0,1,True,2026-08-08,00:15:00,Low
37,2026-08-08 00:15:00+10:00,1,8,9,True,2026-08-08,00:15:00,Low
41,2026-08-08 00:15:00+10:00,1,4,5,True,2026-08-08,00:15:00,Low
44,2026-08-08 00:15:00+10:00,1,0,1,True,2026-08-08,00:15:00,Low
47,2026-08-08 00:15:00+10:00,10,23,33,True,2026-08-08,00:15:00,Low
3,2026-08-08 00:14:00+10:00,2,5,7,True,2026-08-08,00:14:00,Low
4,2026-08-08 00:14:00+10:00,0,7,7,True,2026-08-08,00:14:00,Low
41,2026-08-08 00:14:00+10:00,9,3,12,True,2026-08-08,00:14:00,Low
209,2026-08-08 00:14:00+10:00,6,0,6,True,2026-08-08,00:14:00,Low
1,2026-08-08 00:14:00+10:00,1,0,1,True,2026-08-08,00:14:00,Low
19,2026-08-08 00:14:00+10:00,2,3,5,True,2026-08-08,00:14:00,Low
24,2026-08-08 00:14:00+10:00,0,3,3,True,2026-08-08,00:14:00,Low
35,2026-08-08 00:14:00+10:00,4,2,6,True,2026-08-08,00:14:00,Low
63,2026-08-08 00:14:00+10:00,0,4,4,True,2026-08-08,00:14:00,Low
67,2026-08-08 00:14:00+10:00,0,2,2,True,2026-08-08,00:14:00,Low
79,2026-08-08 00:14:00+10:00,2,1,3,True,2026-08-08,00:14:00,Low
61,2026-08-08 00:14:00+10:00,1,0,1,True,2026-08-08,00:14:00,Low
6,2026-08-08 00:14:00+10:00,4,0,4,True,2026-08-08,00:14:00,Low
39,2026-08-08 00:14:00+10:00,0,1,1,True,2026-08-08,00:14:00,Low
40,2026-08-08 00:14:00+10:00,2,0,2,True,2026-08-08,00:14:00,Low
75,2026-08-08 00:14:00+10:00,0,1,1,True,2026-08-08,00:14:00,Low
2,2026-08-08 00:14:00+10:00,2,2,4,True,2026-08-08,00:14:00,Low
20,2026-08-08 00:14:00+10:00,0,3,3,True,2026-08-08,00:14:00,Low
53,2026-08-08 00:14:00+10:00,2,0,2,True,2026-08-08,00:14:00,Low
29,2026-08-08 00:14:00+10:00,0,1,1,True,2026-08-08,00:14:00,Low
31,2026-08-08 00:14:00+10:00,0,3,3,True,2026-08-08,00:14:00,Low
66,2026-08-08 00:14:00+10:00,6,3,9,True,2026-08-08,00:14:00,Low
71,2026-08-08 00:14:00+10:00,1,0,1,True,2026-08-08,00:14:00,Low
181,2026-08-08 00:14:00+10:00,7,6,13,True,2026-08-08,00:14:00,Low
52,2026-08-08 00:14:00+10:00,1,1,2,True,2026-08-08,00:14:00,Low
56,2026-08-08 00:14:00+10:00,0,3,3,True,2026-08-08,00:14:00,Low
62,2026-08-08 00:14:00+10:00,3,1,4,True,2026-08-08,00:14:00,Low
187,2026-08-08 00:14:00+10:00,2,1,3,True,2026-08-08,00:14:00,Low
6,2026-08-08 00:13:00+10:00,2,2,4,True,2026-08-08,00:13:00,Low
42,2026-08-08 00:13:00+10:00,1,0,1,True,2026-08-08,00:13:00,Low
66,2026-08-08 00:13:00+10:00,10,4,14,True,2026-08-08,00:13:00,Low
181,2026-08-08 00:13:00+10:00,6,2,8,True,2026-08-08,00:13:00,Low
209,2026-08-08 00:13:00+10:00,2,2,4,True,2026-08-08,00:13:00,Low
1,2026-08-08 00:13:00+10:00,0,3,3,True,2026-08-08,00:13:00,Low
20,2026-08-08 00:13:00+10:00,6,2,8,True,2026-08-08,00:13:00,Low
35,2026-08-08 00:13:00+10:00,0,2,2,True,2026-08-08,00:13:00,Low
52,2026-08-08 00:13:00+10:00,2,3,5,True,2026-08-08,00:13:00,Low
62,2026-08-08 00:13:00+10:00,0,1,1,True,2026-08-08,00:13:00,Low
67,2026-08-08 00:13:00+10:00,0,2,2,True,2026-08-08,00:13:00,Low
31,2026-08-08 00:13:00+10:00,0,6,6,True,2026-08-08,00:13:00,Low
61,2026-08-08 00:13:00+10:00,0,1,1,True,2026-08-08,00:13:00,Low
2,2026-08-08 00:13:00+10:00,0,3,3,True,2026-08-08,00:13:00,Low
12,2026-08-08 00:13:00+10:00,1,0,1,True,2026-08-08,00:13:00,Low
72,2026-08-08 00:13:00+10:00,2,0,2,True,2026-08-08,00:13:00,Low
79,2026-08-08 00:13:00+10:00,4,5,9,True,2026-08-08,00:13:00,Low
3,2026-08-08 00:13:00+10:00,3,10,13,True,2026-08-08,00:13:00,Low
4,2026-08-08 00:13:00+10:00,0,4,4,True,2026-08-08,00:13:00,Low
19,2026-08-08 00:13:00+10:00,1,9,10,True,2026-08-08,00:13:00,Low
24,2026-08-08 00:13:00+10:00,3,8,11,True,2026-08-08,00:13:00,Low
53,2026-08-08 00:13:00+10:00,3,0,3,True,2026-08-08,00:13:00,Low
56,2026-08-08 00:13:00+10:00,2,0,2,True,2026-08-08,00:13:00,Low
63,2026-08-08 00:13:00+10:00,1,2,3,True,2026-08-08,00:13:00,Low
36,2026-08-08 00:13:00+10:00,3,1,4,True,2026-08-08,00:13:00,Low
41,2026-08-08 00:13:00+10:00,1,5,6,True,2026-08-08,00:13:00,Low
4,2026-08-08 00:12:00+10:00,15,6,21,True,2026-08-08,00:12:00,Low
41,2026-08-08 00:12:00+10:00,4,7,11,True,2026-08-08,00:12:00,Low
42,2026-08-08 00:12:00+10:00,0,1,1,True,2026-08-08,00:12:00,Low
52,2026-08-08 00:12:00+10:00,2,0,2,True,2026-08-08,00:12:00,Low
187,2026-08-08 00:12:00+10:00,1,0,1,True,2026-08-08,00:12:00,Low
31,2026-08-08 00:12:00+10:00,0,21,21,True,2026-08-08,00:12:00,Low
36,2026-08-08 00:12:00+10:00,2,6,8,True,2026-08-08,00:12:00,Low
3,2026-08-08 00:12:00+10:00,8,7,15,True,2026-08-08,00:12:00,Low
6,2026-08-08 00:12:00+10:00,3,0,3,True,2026-08-08,00:12:00,Low
40,2026-08-08 00:12:00+10:00,2,0,2,True,2026-08-08,00:12:00,Low
181,2026-08-08 00:12:00+10:00,4,9,13,True,2026-08-08,00:12:00,Low
24,2026-08-08 00:12:00+10:00,2,9,11,True,2026-08-08,00:12:00,Low
35,2026-08-08 00:12:00+10:00,3,3,6,True,2026-08-08,00:12:00,Low
53,2026-08-08 00:12:00+10:00,0,1,1,True,2026-08-08,00:12:00,Low
56,2026-08-08 00:12:00+10:00,2,2,4,True,2026-08-08,00:12:00,Low
86,2026-08-08 00:12:00+10:00,0,3,3,True,2026-08-08,00:12:00,Low
29,2026-08-08 00:12:00+10:00,1,1,2,True,2026-08-08,00:12:00,Low
66,2026-08-08 00:12:00+10:00,0,6,6,True,2026-08-08,00:12:00,Low
70,2026-08-08 00:12:00+10:00,0,1,1,True,2026-08-08,00:12:00,Low
209,2026-08-08 00:12:00+10:00,4,1,5,True,2026-08-08,00:12:00,Low
1,2026-08-08 00:12:00+10:00,0,4,4,True,2026-08-08,00:12:00,Low
2,2026-08-08 00:12:00+10:00,0,2,2,True,2026-08-08,00:12:00,Low
19,2026-08-08 00:12:00+10:00,0,4,4,True,2026-08-08,00:12:00,Low
20,2026-08-08 00:12:00+10:00,0,6,6,True,2026-08-08,00:12:00,Low
62,2026-08-08 00:12:00+10:00,1,3,4,True,2026-08-08,00:12:00,Low
63,2026-08-08 00:12:00+10:00,1,7,8,True,2026-08-08,00:12:00,Low
79,2026-08-08 00:12:00+10:00,3,1,4,True,2026-08-08,00:12:00,Low
14,2026-08-08 00:12:00+10:00,1,0,1,True,2026-08-08,00:12:00,Low
4,2026-08-08 00:11:00+10:00,2,1,3,True,2026-08-08,00:11:00,Low
40,2026-08-08 00:11:00+10:00,2,0,2,True,2026-08-08,00:11:00,Low
181,2026-08-08 00:11:00+10:00,3,5,8,True,2026-08-08,00:11:00,Low
20,2026-08-08 00:11:00+10:00,6,4,10,True,2026-08-08,00:11:00,Low
35,2026-08-08 00:11:00+10:00,5,4,9,True,2026-08-08,00:11:00,Low
52,2026-08-08 00:11:00+10:00,0,1,1,True,2026-08-08,00:11:00,Low
63,2026-08-08 00:11:00+10:00,0,8,8,True,2026-08-08,00:11:00,Low
68,2026-08-08 00:11:00+10:00,3,0,3,True,2026-08-08,00:11:00,Low
85,2026-08-08 00:11:00+10:00,2,0,2,True,2026-08-08,00:11:00,Low
61,2026-08-08 00:11:00+10:00,0,1,1,True,2026-08-08,00:11:00,Low
66,2026-08-08 00:11:00+10:00,2,0,2,True,2026-08-08,00:11:00,Low
209,2026-08-08 00:11:00+10:00,6,1,7,True,2026-08-08,00:11:00,Low
11,2026-08-08 00:11:00+10:00,2,0,2,True,2026-08-08,00:11:00,Low
18,2026-08-08 00:11:00+10:00,0,1,1,True,2026-08-08,00:11:00,Low
19,2026-08-08 00:11:00+10:00,2,17,19,True,2026-08-08,00:11:00,Low
53,2026-08-08 00:11:00+10:00,4,0,4,True,2026-08-08,00:11:00,Low
31,2026-08-08 00:11:00+10:00,0,7,7,True,2026-08-08,00:11:00,Low
3,2026-08-08 00:11:00+10:00,5,21,26,True,2026-08-08,00:11:00,Low
6,2026-08-08 00:11:00+10:00,5,0,5,True,2026-08-08,00:11:00,Low
1,2026-08-08 00:11:00+10:00,3,0,3,True,2026-08-08,00:11:00,Low
24,2026-08-08 00:11:00+10:00,1,3,4,True,2026-08-08,00:11:00,Low
62,2026-08-08 00:11:00+10:00,0,1,1,True,2026-08-08,00:11:00,Low
67,2026-08-08 00:11:00+10:00,0,2,2,True,2026-08-08,00:11:00,Low
79,2026-08-08 00:11:00+10:00,1,0,1,True,2026-08-08,00:11:00,Low
41,2026-08-08 00:11:00+10:00,0,5,5,True,2026-08-08,00:11:00,Low
5,2026-08-08 00:10:00+10:00,19,20,39,True,2026-08-08,00:10:00,Low
37,2026-08-08 00:10:00+10:00,3,9,12,True,2026-08-08,00:10:00,Low
47,2026-08-08 00:10:00+10:00,8,7,15,True,2026-08-08,00:10:00,Low
54,2026-08-08 00:10:00+10:00,1,1,2,True,2026-08-08,00:10:00,Low
61,2026-08-08 00:10:00+10:00,2,0,2,True,2026-08-08,00:10:00,Low
77,2026-08-08 00:10:00+10:00,3,0,3,True,2026-08-08,00:10:00,Low
87,2026-08-08 00:10:00+10:00,0,3,3,True,2026-08-08,00:10:00,Low
131,2026-08-08 00:10:00+10:00,2,9,11,True,2026-08-08,00:10:00,Low
134,2026-08-08 00:10:00+10:00,8,11,19,True,2026-08-08,00:10:00,Low
135,2026-08-08 00:10:00+10:00,6,11,17,True,2026-08-08,00:10:00,Low
181,2026-08-08 00:10:00+10:00,12,6,18,True,2026-08-08,00:10:00,Low
184,2026-08-08 00:10:00+10:00,10,8,18,True,2026-08-08,00:10:00,Low
185,2026-08-08 00:10:00+10:00,12,34,46,True,2026-08-08,00:10:00,Low
209,2026-08-08 00:10:00+10:00,0,3,3,True,2026-08-08,00:10:00,Low
23,2026-08-08 00:10:00+10:00,0,10,10,True,2026-08-08,00:10:00,Low
25,2026-08-08 00:10:00+10:00,1,5,6,True,2026-08-08,00:10:00,Low
27,2026-08-08 00:10:00+10:00,10,0,10,True,2026-08-08,00:10:00,Low
35,2026-08-08 00:10:00+10:00,2,2,4,True,2026-08-08,00:10:00,Low
46,2026-08-08 00:10:00+10:00,1,0,1,True,2026-08-08,00:10:00,Low
58,2026-08-08 00:10:00+10:00,9,9,18,True,2026-08-08,00:10:00,Low
63,2026-08-08 00:10:00+10:00,2,3,5,True,2026-08-08,00:10:00,Low
141,2026-08-08 00:10:00+10:00,12,4,16,True,2026-08-08,00:10:00,Low
142,2026-08-08 00:10:00+10:00,7,0,7,True,2026-08-08,00:10:00,Low
161,2026-08-08 00:10:00+10:00,0,2,2,True,2026-08-08,00:10:00,Low
44,2026-08-08 00:10:00+10:00,0,1,1,True,2026-08-08,00:10:00,Low
4,2026-08-08 00:10:00+10:00,5,2,7,True,2026-08-08,00:10:00,Low
6,2026-08-08 00:10:00+10:00,2,0,2,True,2026-08-08,00:10:00,Low
31,2026-08-08 00:10:00+10:00,0,7,7,True,2026-08-08,00:10:00,Low
40,2026-08-08 00:10:00+10:00,0,3,3,True,2026-08-08,00:10:00,Low
84,2026-08-08 00:10:00+10:00,9,20,29,True,2026-08-08,00:10:00,Low
133,2026-08-08 00:10:00+10:00,9,7,16,True,2026-08-08,00:10:00,Low
165,2026-08-08 00:10:00+10:00,1,0,1,True,2026-08-08,00:10:00,Low
179,2026-08-08 00:10:00+10:00,2,0,2,True,2026-08-08,00:10:00,Low
182,2026-08-08 00:10:00+10:00,17,8,25,True,2026-08-08,00:10:00,Low
2,2026-08-08 00:10:00+10:00,3,1,4,True,2026-08-08,00:10:00,Low
9,2026-08-08 00:10:00+10:00,0,1,1,True,2026-08-08,00:10:00,Low
48,2026-08-08 00:10:00+10:00,6,4,10,True,2026-08-08,00:10:00,Low
52,2026-08-08 00:10:00+10:00,2,0,2,True,2026-08-08,00:10:00,Low
53,2026-08-08 00:10:00+10:00,1,0,1,True,2026-08-08,00:10:00,Low
62,2026-08-08 00:10:00+10:00,1,0,1,True,2026-08-08,00:10:00,Low
79,2026-08-08 00:10:00+10:00,2,0,2,True,2026-08-08,00:10:00,Low
164,2026-08-08 00:10:00+10:00,1,7,8,True,2026-08-08,00:10:00,Low
187,2026-08-08 00:10:00+10:00,1,2,3,True,2026-08-08,00:10:00,Low
3,2026-08-08 00:10:00+10:00,3,6,9,True,2026-08-08,00:10:00,Low
21,2026-08-08 00:10:00+10:00,8,26,34,True,2026-08-08,00:10:00,Low
59,2026-08-08 00:10:00+10:00,5,16,21,True,2026-08-08,00:10:00,Low
66,2026-08-08 00:10:00+10:00,14,3,17,True,2026-08-08,00:10:00,Low
107,2026-08-08 00:10:00+10:00,2,0,2,True,2026-08-08,00:10:00,Low
132,2026-08-08 00:10:00+10:00,4,3,7,True,2026-08-08,00:10:00,Low
143,2026-08-08 00:10:00+10:00,9,6,15,True,2026-08-08,00:10:00,Low
162,2026-08-08 00:10:00+10:00,16,4,20,True,2026-08-08,00:10:00,Low
167,2026-08-08 00:10:00+10:00,1,0,1,True,2026-08-08,00:10:00,Low
11,2026-08-08 00:10:00+10:00,1,0,1,True,2026-08-08,00:10:00,Low
19,2026-08-08 00:10:00+10:00,4,3,7,True,2026-08-08,00:10:00,Low
20,2026-08-08 00:10:00+10:00,0,3,3,True,2026-08-08,00:10:00,Low
30,2026-08-08 00:10:00+10:00,14,13,27,True,2026-08-08,00:10:00,Low
49,2026-08-08 00:10:00+10:00,5,8,13,True,2026-08-08,00:10:00,Low
51,2026-08-08 00:10:00+10:00,0,1,1,True,2026-08-08,00:10:00,Low
56,2026-08-08 00:10:00+10:00,2,0,2,True,2026-08-08,00:10:00,Low
109,2026-08-08 00:10:00+10:00,2,4,6,True,2026-08-08,00:10:00,Low
139,2026-08-08 00:10:00+10:00,1,0,1,True,2026-08-08,00:10:00,Low
41,2026-08-08 00:10:00+10:00,12,4,16,True,2026-08-08,00:10:00,Low
45,2026-08-08 00:10:00+10:00,12,23,35,True,2026-08-08,00:10:00,Low
3,2026-08-08 00:09:00+10:00,12,14,26,True,2026-08-08,00:09:00,Low
40,2026-08-08 00:09:00+10:00,0,3,3,True,2026-08-08,00:09:00,Low
209,2026-08-08 00:09:00+10:00,4,2,6,True,2026-08-08,00:09:00,Low
1,2026-08-08 00:09:00+10:00,0,5,5,True,2026-08-08,00:09:00,Low
17,2026-08-08 00:09:00+10:00,0,2,2,True,2026-08-08,00:09:00,Low
35,2026-08-08 00:09:00+10:00,0,4,4,True,2026-08-08,00:09:00,Low
4,2026-08-08 00:09:00+10:00,8,6,14,True,2026-08-08,00:09:00,Low
36,2026-08-08 00:09:00+10:00,1,2,3,True,2026-08-08,00:09:00,Low
61,2026-08-08 00:09:00+10:00,2,0,2,True,2026-08-08,00:09:00,Low
70,2026-08-08 00:09:00+10:00,2,0,2,True,2026-08-08,00:09:00,Low
75,2026-08-08 00:09:00+10:00,0,1,1,True,2026-08-08,00:09:00,Low
181,2026-08-08 00:09:00+10:00,11,1,12,True,2026-08-08,00:09:00,Low
12,2026-08-08 00:09:00+10:00,2,0,2,True,2026-08-08,00:09:00,Low
20,2026-08-08 00:09:00+10:00,0,1,1,True,2026-08-08,00:09:00,Low
85,2026-08-08 00:09:00+10:00,0,1,1,True,2026-08-08,00:09:00,Low
62,2026-08-08 00:09:00+10:00,5,3,8,True,2026-08-08,00:09:00,Low
79,2026-08-08 00:09:00+10:00,5,1,6,True,2026-08-08,00:09:00,Low
6,2026-08-08 00:09:00+10:00,11,0,11,True,2026-08-08,00:09:00,Low
29,2026-08-08 00:09:00+10:00,4,0,4,True,2026-08-08,00:09:00,Low
41,2026-08-08 00:09:00+10:00,3,9,12,True,2026-08-08,00:09:00,Low
66,2026-08-08 00:09:00+10:00,4,0,4,True,2026-08-08,00:09:00,Low
2,2026-08-08 00:09:00+10:00,3,5,8,True,2026-08-08,00:09:00,Low
19,2026-08-08 00:09:00+10:00,1,9,10,True,2026-08-08,00:09:00,Low
24,2026-08-08 00:09:00+10:00,3,4,7,True,2026-08-08,00:09:00,Low
52,2026-08-08 00:09:00+10:00,3,3,6,True,2026-08-08,00:09:00,Low
53,2026-08-08 00:09:00+10:00,3,0,3,True,2026-08-08,00:09:00,Low
56,2026-08-08 00:09:00+10:00,5,0,5,True,2026-08-08,00:09:00,Low
72,2026-08-08 00:09:00+10:00,0,1,1,True,2026-08-08,00:09:00,Low
187,2026-08-08 00:09:00+10:00,2,0,2,True,2026-08-08,00:09:00,Low
3,2026-08-08 00:08:00+10:00,7,10,17,True,2026-08-08,00:08:00,Low
209,2026-08-08 00:08:00+10:00,2,2,4,True,2026-08-08,00:08:00,Low
4,2026-08-08 00:08:00+10:00,1,3,4,True,2026-08-08,00:08:00,Low
6,2026-08-08 00:08:00+10:00,3,3,6,True,2026-08-08,00:08:00,Low
36,2026-08-08 00:08:00+10:00,2,10,12,True,2026-08-08,00:08:00,Low
1,2026-08-08 00:08:00+10:00,2,1,3,True,2026-08-08,00:08:00,Low
17,2026-08-08 00:08:00+10:00,0,3,3,True,2026-08-08,00:08:00,Low
24,2026-08-08 00:08:00+10:00,3,3,6,True,2026-08-08,00:08:00,Low
35,2026-08-08 00:08:00+10:00,4,3,7,True,2026-08-08,00:08:00,Low
52,2026-08-08 00:08:00+10:00,1,13,14,True,2026-08-08,00:08:00,Low
63,2026-08-08 00:08:00+10:00,0,1,1,True,2026-08-08,00:08:00,Low
67,2026-08-08 00:08:00+10:00,0,2,2,True,2026-08-08,00:08:00,Low
85,2026-08-08 00:08:00+10:00,0,2,2,True,2026-08-08,00:08:00,Low
62,2026-08-08 00:08:00+10:00,1,0,1,True,2026-08-08,00:08:00,Low
79,2026-08-08 00:08:00+10:00,2,0,2,True,2026-08-08,00:08:00,Low
14,2026-08-08 00:08:00+10:00,0,1,1,True,2026-08-08,00:08:00,Low
31,2026-08-08 00:08:00+10:00,2,0,2,True,2026-08-08,00:08:00,Low
40,2026-08-08 00:08:00+10:00,1,0,1,True,2026-08-08,00:08:00,Low
41,2026-08-08 00:08:00+10:00,5,4,9,True,2026-08-08,00:08:00,Low
66,2026-08-08 00:08:00+10:00,4,1,5,True,2026-08-08,00:08:00,Low
181,2026-08-08 00:08:00+10:00,7,5,12,True,2026-08-08,00:08:00,Low
10,2026-08-08 00:08:00+10:00,4,0,4,True,2026-08-08,00:08:00,Low
19,2026-08-08 00:08:00+10:00,2,0,2,True,2026-08-08,00:08:00,Low
20,2026-08-08 00:08:00+10:00,5,9,14,True,2026-08-08,00:08:00,Low
53,2026-08-08 00:08:00+10:00,1,0,1,True,2026-08-08,00:08:00,Low
56,2026-08-08 00:08:00+10:00,0,6,6,True,2026-08-08,00:08:00,Low
3,2026-08-08 00:07:00+10:00,4,6,10,True,2026-08-08,00:07:00,Low
6,2026-08-08 00:07:00+10:00,6,0,6,True,2026-08-08,00:07:00,Low
41,2026-08-08 00:07:00+10:00,4,5,9,True,2026-08-08,00:07:00,Low
61,2026-08-08 00:07:00+10:00,2,0,2,True,2026-08-08,00:07:00,Low
66,2026-08-08 00:07:00+10:00,4,4,8,True,2026-08-08,00:07:00,Low
75,2026-08-08 00:07:00+10:00,0,2,2,True,2026-08-08,00:07:00,Low
209,2026-08-08 00:07:00+10:00,3,1,4,True,2026-08-08,00:07:00,Low
52,2026-08-08 00:07:00+10:00,0,3,3,True,2026-08-08,00:07:00,Low
62,2026-08-08 00:07:00+10:00,0,3,3,True,2026-08-08,00:07:00,Low
4,2026-08-08 00:07:00+10:00,4,4,8,True,2026-08-08,00:07:00,Low
31,2026-08-08 00:07:00+10:00,0,4,4,True,2026-08-08,00:07:00,Low
36,2026-08-08 00:07:00+10:00,1,1,2,True,2026-08-08,00:07:00,Low
40,2026-08-08 00:07:00+10:00,0,2,2,True,2026-08-08,00:07:00,Low
50,2026-08-08 00:07:00+10:00,1,0,1,True,2026-08-08,00:07:00,Low
181,2026-08-08 00:07:00+10:00,3,6,9,True,2026-08-08,00:07:00,Low
10,2026-08-08 00:07:00+10:00,2,0,2,True,2026-08-08,00:07:00,Low
17,2026-08-08 00:07:00+10:00,0,1,1,True,2026-08-08,00:07:00,Low
20,2026-08-08 00:07:00+10:00,6,7,13,True,2026-08-08,00:07:00,Low
24,2026-08-08 00:07:00+10:00,0,1,1,True,2026-08-08,00:07:00,Low
35,2026-08-08 00:07:00+10:00,2,3,5,True,2026-08-08,00:07:00,Low
67,2026-08-08 00:07:00+10:00,0,1,1,True,2026-08-08,00:07:00,Low
1,2026-08-08 00:07:00+10:00,1,2,3,True,2026-08-08,00:07:00,Low
9,2026-08-08 00:07:00+10:00,0,3,3,True,2026-08-08,00:07:00,Low
19,2026-08-08 00:07:00+10:00,1,13,14,True,2026-08-08,00:07:00,Low
53,2026-08-08 00:07:00+10:00,0,2,2,True,2026-08-08,00:07:00,Low
56,2026-08-08 00:07:00+10:00,9,7,16,True,2026-08-08,00:07:00,Low
63,2026-08-08 00:07:00+10:00,1,4,5,True,2026-08-08,00:07:00,Low
79,2026-08-08 00:07:00+10:00,3,0,3,True,2026-08-08,00:07:00,Low
31,2026-08-08 00:06:00+10:00,0,2,2,True,2026-08-08,00:06:00,Low
41,2026-08-08 00:06:00+10:00,4,2,6,True,2026-08-08,00:06:00,Low
20,2026-08-08 00:06:00+10:00,0,10,10,True,2026-08-08,00:06:00,Low
62,2026-08-08 00:06:00+10:00,5,0,5,True,2026-08-08,00:06:00,Low
67,2026-08-08 00:06:00+10:00,0,6,6,True,2026-08-08,00:06:00,Low
4,2026-08-08 00:06:00+10:00,2,16,18,True,2026-08-08,00:06:00,Low
36,2026-08-08 00:06:00+10:00,2,1,3,True,2026-08-08,00:06:00,Low
66,2026-08-08 00:06:00+10:00,8,1,9,True,2026-08-08,00:06:00,Low
87,2026-08-08 00:06:00+10:00,2,0,2,True,2026-08-08,00:06:00,Low
181,2026-08-08 00:06:00+10:00,5,3,8,True,2026-08-08,00:06:00,Low
1,2026-08-08 00:06:00+10:00,4,0,4,True,2026-08-08,00:06:00,Low
2,2026-08-08 00:06:00+10:00,0,1,1,True,2026-08-08,00:06:00,Low
12,2026-08-08 00:06:00+10:00,0,1,1,True,2026-08-08,00:06:00,Low
19,2026-08-08 00:06:00+10:00,2,9,11,True,2026-08-08,00:06:00,Low
56,2026-08-08 00:06:00+10:00,1,2,3,True,2026-08-08,00:06:00,Low
79,2026-08-08 00:06:00+10:00,0,4,4,True,2026-08-08,00:06:00,Low
187,2026-08-08 00:06:00+10:00,1,1,2,True,2026-08-08,00:06:00,Low
3,2026-08-08 00:06:00+10:00,0,2,2,True,2026-08-08,00:06:00,Low
6,2026-08-08 00:06:00+10:00,2,0,2,True,2026-08-08,00:06:00,Low
40,2026-08-08 00:06:00+10:00,1,0,1,True,2026-08-08,00:06:00,Low
75,2026-08-08 00:06:00+10:00,0,1,1,True,2026-08-08,00:06:00,Low
209,2026-08-08 00:06:00+10:00,1,1,2,True,2026-08-08,00:06:00,Low
10,2026-08-08 00:06:00+10:00,0,2,2,True,2026-08-08,00:06:00,Low
24,2026-08-08 00:06:00+10:00,2,3,5,True,2026-08-08,00:06:00,Low
35,2026-08-08 00:06:00+10:00,0,4,4,True,2026-08-08,00:06:00,Low
53,2026-08-08 00:06:00+10:00,1,0,1,True,2026-08-08,00:06:00,Low
63,2026-08-08 00:06:00+10:00,0,6,6,True,2026-08-08,00:06:00,Low
14,2026-08-08 00:05:00+10:00,1,0,1,True,2026-08-08,00:05:00,Low
21,2026-08-08 00:05:00+10:00,5,14,19,True,2026-08-08,00:05:00,Low
47,2026-08-08 00:05:00+10:00,29,15,44,True,2026-08-08,00:05:00,Low
50,2026-08-08 00:05:00+10:00,0,1,1,True,2026-08-08,00:05:00,Low
66,2026-08-08 00:05:00+10:00,5,3,8,True,2026-08-08,00:05:00,Low
70,2026-08-08 00:05:00+10:00,2,0,2,True,2026-08-08,00:05:00,Low
77,2026-08-08 00:05:00+10:00,4,2,6,True,2026-08-08,00:05:00,Low
84,2026-08-08 00:05:00+10:00,17,21,38,True,2026-08-08,00:05:00,Low
131,2026-08-08 00:05:00+10:00,9,2,11,True,2026-08-08,00:05:00,Low
132,2026-08-08 00:05:00+10:00,7,2,9,True,2026-08-08,00:05:00,Low
133,2026-08-08 00:05:00+10:00,7,4,11,True,2026-08-08,00:05:00,Low
167,2026-08-08 00:05:00+10:00,0,2,2,True,2026-08-08,00:05:00,Low
185,2026-08-08 00:05:00+10:00,13,18,31,True,2026-08-08,00:05:00,Low
20,2026-08-08 00:05:00+10:00,0,2,2,True,2026-08-08,00:05:00,Low
27,2026-08-08 00:05:00+10:00,2,2,4,True,2026-08-08,00:05:00,Low
63,2026-08-08 00:05:00+10:00,0,4,4,True,2026-08-08,00:05:00,Low
79,2026-08-08 00:05:00+10:00,0,5,5,True,2026-08-08,00:05:00,Low
141,2026-08-08 00:05:00+10:00,2,2,4,True,2026-08-08,00:05:00,Low
72,2026-08-08 00:05:00+10:00,0,3,3,True,2026-08-08,00:05:00,Low
161,2026-08-08 00:05:00+10:00,0,1,1,True,2026-08-08,00:05:00,Low
5,2026-08-08 00:05:00+10:00,12,12,24,True,2026-08-08,00:05:00,Low
36,2026-08-08 00:05:00+10:00,4,3,7,True,2026-08-08,00:05:00,Low
44,2026-08-08 00:05:00+10:00,3,0,3,True,2026-08-08,00:05:00,Low
54,2026-08-08 00:05:00+10:00,0,3,3,True,2026-08-08,00:05:00,Low
59,2026-08-08 00:05:00+10:00,14,18,32,True,2026-08-08,00:05:00,Low
61,2026-08-08 00:05:00+10:00,6,1,7,True,2026-08-08,00:05:00,Low
143,2026-08-08 00:05:00+10:00,5,11,16,True,2026-08-08,00:05:00,Low
162,2026-08-08 00:05:00+10:00,8,8,16,True,2026-08-08,00:05:00,Low
19,2026-08-08 00:05:00+10:00,0,3,3,True,2026-08-08,00:05:00,Low
35,2026-08-08 00:05:00+10:00,6,2,8,True,2026-08-08,00:05:00,Low
53,2026-08-08 00:05:00+10:00,0,2,2,True,2026-08-08,00:05:00,Low
58,2026-08-08 00:05:00+10:00,6,4,10,True,2026-08-08,00:05:00,Low
67,2026-08-08 00:05:00+10:00,1,0,1,True,2026-08-08,00:05:00,Low
109,2026-08-08 00:05:00+10:00,0,2,2,True,2026-08-08,00:05:00,Low
137,2026-08-08 00:05:00+10:00,1,0,1,True,2026-08-08,00:05:00,Low
117,2026-08-08 00:05:00+10:00,5,0,5,True,2026-08-08,00:05:00,Low
3,2026-08-08 00:05:00+10:00,18,1,19,True,2026-08-08,00:05:00,Low
4,2026-08-08 00:05:00+10:00,2,3,5,True,2026-08-08,00:05:00,Low
6,2026-08-08 00:05:00+10:00,6,0,6,True,2026-08-08,00:05:00,Low
31,2026-08-08 00:05:00+10:00,0,1,1,True,2026-08-08,00:05:00,Low
37,2026-08-08 00:05:00+10:00,1,1,2,True,2026-08-08,00:05:00,Low
41,2026-08-08 00:05:00+10:00,6,6,12,True,2026-08-08,00:05:00,Low
42,2026-08-08 00:05:00+10:00,0,2,2,True,2026-08-08,00:05:00,Low
43,2026-08-08 00:05:00+10:00,1,0,1,True,2026-08-08,00:05:00,Low
45,2026-08-08 00:05:00+10:00,8,31,39,True,2026-08-08,00:05:00,Low
107,2026-08-08 00:05:00+10:00,5,3,8,True,2026-08-08,00:05:00,Low
134,2026-08-08 00:05:00+10:00,6,6,12,True,2026-08-08,00:05:00,Low
135,2026-08-08 00:05:00+10:00,3,8,11,True,2026-08-08,00:05:00,Low
179,2026-08-08 00:05:00+10:00,1,0,1,True,2026-08-08,00:05:00,Low
181,2026-08-08 00:05:00+10:00,7,2,9,True,2026-08-08,00:05:00,Low
182,2026-08-08 00:05:00+10:00,11,6,17,True,2026-08-08,00:05:00,Low
184,2026-08-08 00:05:00+10:00,7,8,15,True,2026-08-08,00:05:00,Low
9,2026-08-08 00:05:00+10:00,0,2,2,True,2026-08-08,00:05:00,Low
11,2026-08-08 00:05:00+10:00,1,1,2,True,2026-08-08,00:05:00,Low
23,2026-08-08 00:05:00+10:00,3,0,3,True,2026-08-08,00:05:00,Low
24,2026-08-08 00:05:00+10:00,0,5,5,True,2026-08-08,00:05:00,Low
25,2026-08-08 00:05:00+10:00,1,4,5,True,2026-08-08,00:05:00,Low
30,2026-08-08 00:05:00+10:00,26,10,36,True,2026-08-08,00:05:00,Low
48,2026-08-08 00:05:00+10:00,0,1,1,True,2026-08-08,00:05:00,Low
49,2026-08-08 00:05:00+10:00,2,14,16,True,2026-08-08,00:05:00,Low
56,2026-08-08 00:05:00+10:00,1,2,3,True,2026-08-08,00:05:00,Low
62,2026-08-08 00:05:00+10:00,2,3,5,True,2026-08-08,00:05:00,Low
142,2026-08-08 00:05:00+10:00,6,2,8,True,2026-08-08,00:05:00,Low
164,2026-08-08 00:05:00+10:00,0,4,4,True,2026-08-08,00:05:00,Low
6,2026-08-08 00:04:00+10:00,0,3,3,True,2026-08-08,00:04:00,Low
41,2026-08-08 00:04:00+10:00,9,4,13,True,2026-08-08,00:04:00,Low
209,2026-08-08 00:04:00+10:00,0,2,2,True,2026-08-08,00:04:00,Low
9,2026-08-08 00:04:00+10:00,0,1,1,True,2026-08-08,00:04:00,Low
53,2026-08-08 00:04:00+10:00,0,6,6,True,2026-08-08,00:04:00,Low
62,2026-08-08 00:04:00+10:00,1,1,2,True,2026-08-08,00:04:00,Low
79,2026-08-08 00:04:00+10:00,0,4,4,True,2026-08-08,00:04:00,Low
36,2026-08-08 00:04:00+10:00,4,3,7,True,2026-08-08,00:04:00,Low
66,2026-08-08 00:04:00+10:00,20,5,25,True,2026-08-08,00:04:00,Low
69,2026-08-08 00:04:00+10:00,0,1,1,True,2026-08-08,00:04:00,Low
1,2026-08-08 00:04:00+10:00,1,2,3,True,2026-08-08,00:04:00,Low
35,2026-08-08 00:04:00+10:00,4,1,5,True,2026-08-08,00:04:00,Low
63,2026-08-08 00:04:00+10:00,0,1,1,True,2026-08-08,00:04:00,Low
3,2026-08-08 00:04:00+10:00,4,4,8,True,2026-08-08,00:04:00,Low
4,2026-08-08 00:04:00+10:00,9,8,17,True,2026-08-08,00:04:00,Low
40,2026-08-08 00:04:00+10:00,1,0,1,True,2026-08-08,00:04:00,Low
181,2026-08-08 00:04:00+10:00,9,5,14,True,2026-08-08,00:04:00,Low
19,2026-08-08 00:04:00+10:00,1,6,7,True,2026-08-08,00:04:00,Low
20,2026-08-08 00:04:00+10:00,3,0,3,True,2026-08-08,00:04:00,Low
24,2026-08-08 00:04:00+10:00,2,0,2,True,2026-08-08,00:04:00,Low
3,2026-08-08 00:03:00+10:00,1,17,18,True,2026-08-08,00:03:00,Low
36,2026-08-08 00:03:00+10:00,3,7,10,True,2026-08-08,00:03:00,Low
181,2026-08-08 00:03:00+10:00,0,6,6,True,2026-08-08,00:03:00,Low
20,2026-08-08 00:03:00+10:00,7,7,14,True,2026-08-08,00:03:00,Low
4,2026-08-08 00:03:00+10:00,2,6,8,True,2026-08-08,00:03:00,Low
6,2026-08-08 00:03:00+10:00,0,3,3,True,2026-08-08,00:03:00,Low
66,2026-08-08 00:03:00+10:00,1,2,3,True,2026-08-08,00:03:00,Low
209,2026-08-08 00:03:00+10:00,3,0,3,True,2026-08-08,00:03:00,Low
11,2026-08-08 00:03:00+10:00,2,0,2,True,2026-08-08,00:03:00,Low
35,2026-08-08 00:03:00+10:00,5,3,8,True,2026-08-08,00:03:00,Low
62,2026-08-08 00:03:00+10:00,0,2,2,True,2026-08-08,00:03:00,Low
63,2026-08-08 00:03:00+10:00,0,7,7,True,2026-08-08,00:03:00,Low
29,2026-08-08 00:03:00+10:00,0,2,2,True,2026-08-08,00:03:00,Low
40,2026-08-08 00:03:00+10:00,1,0,1,True,2026-08-08,00:03:00,Low
41,2026-08-08 00:03:00+10:00,2,5,7,True,2026-08-08,00:03:00,Low
61,2026-08-08 00:03:00+10:00,0,2,2,True,2026-08-08,00:03:00,Low
9,2026-08-08 00:03:00+10:00,0,4,4,True,2026-08-08,00:03:00,Low
19,2026-08-08 00:03:00+10:00,3,4,7,True,2026-08-08,00:03:00,Low
24,2026-08-08 00:03:00+10:00,2,0,2,True,2026-08-08,00:03:00,Low
53,2026-08-08 00:03:00+10:00,0,8,8,True,2026-08-08,00:03:00,Low
67,2026-08-08 00:03:00+10:00,3,0,3,True,2026-08-08,00:03:00,Low
79,2026-08-08 00:03:00+10:00,2,0,2,True,2026-08-08,00:03:00,Low
3,2026-08-08 00:02:00+10:00,9,8,17,True,2026-08-08,00:02:00,Low
6,2026-08-08 00:02:00+10:00,2,0,2,True,2026-08-08,00:02:00,Low
36,2026-08-08 00:02:00+10:00,0,1,1,True,2026-08-08,00:02:00,Low
40,2026-08-08 00:02:00+10:00,0,1,1,True,2026-08-08,00:02:00,Low
61,2026-08-08 00:02:00+10:00,2,1,3,True,2026-08-08,00:02:00,Low
66,2026-08-08 00:02:00+10:00,8,3,11,True,2026-08-08,00:02:00,Low
181,2026-08-08 00:02:00+10:00,5,9,14,True,2026-08-08,00:02:00,Low
209,2026-08-08 00:02:00+10:00,1,0,1,True,2026-08-08,00:02:00,Low
2,2026-08-08 00:02:00+10:00,0,4,4,True,2026-08-08,00:02:00,Low
11,2026-08-08 00:02:00+10:00,1,0,1,True,2026-08-08,00:02:00,Low
24,2026-08-08 00:02:00+10:00,0,1,1,True,2026-08-08,00:02:00,Low
53,2026-08-08 00:02:00+10:00,0,3,3,True,2026-08-08,00:02:00,Low
63,2026-08-08 00:02:00+10:00,1,1,2,True,2026-08-08,00:02:00,Low
29,2026-08-08 00:02:00+10:00,0,1,1,True,2026-08-08,00:02:00,Low
41,2026-08-08 00:02:00+10:00,1,10,11,True,2026-08-08,00:02:00,Low
19,2026-08-08 00:02:00+10:00,12,1,13,True,2026-08-08,00:02:00,Low
62,2026-08-08 00:02:00+10:00,5,2,7,True,2026-08-08,00:02:00,Low
67,2026-08-08 00:02:00+10:00,1,1,2,True,2026-08-08,00:02:00,Low
72,2026-08-08 00:02:00+10:00,5,0,5,True,2026-08-08,00:02:00,Low
4,2026-08-08 00:02:00+10:00,1,7,8,True,2026-08-08,00:02:00,Low
1,2026-08-08 00:02:00+10:00,3,0,3,True,2026-08-08,00:02:00,Low
9,2026-08-08 00:02:00+10:00,1,0,1,True,2026-08-08,00:02:00,Low
20,2026-08-08 00:02:00+10:00,0,5,5,True,2026-08-08,00:02:00,Low
35,2026-08-08 00:02:00+10:00,0,4,4,True,2026-08-08,00:02:00,Low
68,2026-08-08 00:02:00+10:00,1,0,1,True,2026-08-08,00:02:00,Low
79,2026-08-08 00:02:00+10:00,3,2,5,True,2026-08-08,00:02:00,Low
4,2026-08-08 00:01:00+10:00,5,6,11,True,2026-08-08,00:01:00,Low
36,2026-08-08 00:01:00+10:00,1,0,1,True,2026-08-08,00:01:00,Low
61,2026-08-08 00:01:00+10:00,0,10,10,True,2026-08-08,00:01:00,Low
19,2026-08-08 00:01:00+10:00,1,12,13,True,2026-08-08,00:01:00,Low
20,2026-08-08 00:01:00+10:00,3,2,5,True,2026-08-08,00:01:00,Low
79,2026-08-08 00:01:00+10:00,1,1,2,True,2026-08-08,00:01:00,Low
3,2026-08-08 00:01:00+10:00,6,8,14,True,2026-08-08,00:01:00,Low
6,2026-08-08 00:01:00+10:00,1,0,1,True,2026-08-08,00:01:00,Low
40,2026-08-08 00:01:00+10:00,2,3,5,True,2026-08-08,00:01:00,Low
2,2026-08-08 00:01:00+10:00,0,6,6,True,2026-08-08,00:01:00,Low
17,2026-08-08 00:01:00+10:00,0,1,1,True,2026-08-08,00:01:00,Low
24,2026-08-08 00:01:00+10:00,0,1,1,True,2026-08-08,00:01:00,Low
53,2026-08-08 00:01:00+10:00,11,0,11,True,2026-08-08,00:01:00,Low
62,2026-08-08 00:01:00+10:00,9,3,12,True,2026-08-08,00:01:00,Low
63,2026-08-08 00:01:00+10:00,12,2,14,True,2026-08-08,00:01:00,Low
68,2026-08-08 00:01:00+10:00,1,0,1,True,2026-08-08,00:01:00,Low
41,2026-08-08 00:01:00+10:00,6,9,15,True,2026-08-08,00:01:00,Low
66,2026-08-08 00:01:00+10:00,6,5,11,True,2026-08-08,00:01:00,Low
181,2026-08-08 00:01:00+10:00,5,3,8,True,2026-08-08,00:01:00,Low
1,2026-08-08 00:01:00+10:00,4,2,6,True,2026-08-08,00:01:00,Low
10,2026-08-08 00:01:00+10:00,2,0,2,True,2026-08-08,00:01:00,Low
35,2026-08-08 00:01:00+10:00,2,4,6,True,2026-08-08,00:01:00,Low
72,2026-08-08 00:01:00+10:00,0,2,2,True,2026-08-08,00:01:00,Low
4,2026-08-08 00:00:00+10:00,4,3,7,True,2026-08-08,00:00:00,Low
36,2026-08-08 00:00:00+10:00,1,2,3,True,2026-08-08,00:00:00,Low
37,2026-08-08 00:00:00+10:00,9,3,12,True,2026-08-08,00:00:00,Low
41,2026-08-08 00:00:00+10:00,5,3,8,True,2026-08-08,00:00:00,Low
47,2026-08-08 00:00:00+10:00,4,11,15,True,2026-08-08,00:00:00,Low
54,2026-08-08 00:00:00+10:00,7,2,9,True,2026-08-08,00:00:00,Low
59,2026-08-08 00:00:00+10:00,21,15,36,True,2026-08-08,00:00:00,Low
84,2026-08-08 00:00:00+10:00,18,19,37,True,2026-08-08,00:00:00,Low
131,2026-08-08 00:00:00+10:00,3,7,10,True,2026-08-08,00:00:00,Low
134,2026-08-08 00:00:00+10:00,11,16,27,True,2026-08-08,00:00:00,Low
166,2026-08-08 00:00:00+10:00,0,8,8,True,2026-08-08,00:00:00,Low
181,2026-08-08 00:00:00+10:00,0,2,2,True,2026-08-08,00:00:00,Low
209,2026-08-08 00:00:00+10:00,8,6,14,True,2026-08-08,00:00:00,Low
1,2026-08-08 00:00:00+10:00,1,1,2,True,2026-08-08,00:00:00,Low
2,2026-08-08 00:00:00+10:00,0,2,2,True,2026-08-08,00:00:00,Low
19,2026-08-08 00:00:00+10:00,7,2,9,True,2026-08-08,00:00:00,Low
30,2026-08-08 00:00:00+10:00,27,21,48,True,2026-08-08,00:00:00,Low
48,2026-08-08 00:00:00+10:00,1,0,1,True,2026-08-08,00:00:00,Low
62,2026-08-08 00:00:00+10:00,1,2,3,True,2026-08-08,00:00:00,Low
63,2026-08-08 00:00:00+10:00,2,8,10,True,2026-08-08,00:00:00,Low
109,2026-08-08 00:00:00+10:00,3,2,5,True,2026-08-08,00:00:00,Low
139,2026-08-08 00:00:00+10:00,1,0,1,True,2026-08-08,00:00:00,Low
117,2026-08-08 00:00:00+10:00,2,2,4,True,2026-08-08,00:00:00,Low
142,2026-08-08 00:00:00+10:00,4,2,6,True,2026-08-08,00:00:00,Low
5,2026-08-08 00:00:00+10:00,15,9,24,True,2026-08-08,00:00:00,Low
21,2026-08-08 00:00:00+10:00,20,6,26,True,2026-08-08,00:00:00,Low
40,2026-08-08 00:00:00+10:00,1,0,1,True,2026-08-08,00:00:00,Low
45,2026-08-08 00:00:00+10:00,6,31,37,True,2026-08-08,00:00:00,Low
66,2026-08-08 00:00:00+10:00,2,2,4,True,2026-08-08,00:00:00,Low
77,2026-08-08 00:00:00+10:00,2,1,3,True,2026-08-08,00:00:00,Low
118,2026-08-08 00:00:00+10:00,0,1,1,True,2026-08-08,00:00:00,Low
132,2026-08-08 00:00:00+10:00,10,4,14,True,2026-08-08,00:00:00,Low
133,2026-08-08 00:00:00+10:00,15,3,18,True,2026-08-08,00:00:00,Low
143,2026-08-08 00:00:00+10:00,10,1,11,True,2026-08-08,00:00:00,Low
184,2026-08-08 00:00:00+10:00,11,21,32,True,2026-08-08,00:00:00,Low
11,2026-08-08 00:00:00+10:00,1,1,2,True,2026-08-08,00:00:00,Low
20,2026-08-08 00:00:00+10:00,4,7,11,True,2026-08-08,00:00:00,Low
27,2026-08-08 00:00:00+10:00,2,3,5,True,2026-08-08,00:00:00,Low
58,2026-08-08 00:00:00+10:00,21,23,44,True,2026-08-08,00:00:00,Low
164,2026-08-08 00:00:00+10:00,2,1,3,True,2026-08-08,00:00:00,Low
3,2026-08-08 00:00:00+10:00,4,9,13,True,2026-08-08,00:00:00,Low
6,2026-08-08 00:00:00+10:00,1,1,2,True,2026-08-08,00:00:00,Low
29,2026-08-08 00:00:00+10:00,0,2,2,True,2026-08-08,00:00:00,Low
43,2026-08-08 00:00:00+10:00,3,5,8,True,2026-08-08,00:00:00,Low
44,2026-08-08 00:00:00+10:00,1,3,4,True,2026-08-08,00:00:00,Low
61,2026-08-08 00:00:00+10:00,0,1,1,True,2026-08-08,00:00:00,Low
107,2026-08-08 00:00:00+10:00,0,1,1,True,2026-08-08,00:00:00,Low
135,2026-08-08 00:00:00+10:00,7,14,21,True,2026-08-08,00:00:00,Low
162,2026-08-08 00:00:00+10:00,4,10,14,True,2026-08-08,00:00:00,Low
182,2026-08-08 00:00:00+10:00,17,11,28,True,2026-08-08,00:00:00,Low
23,2026-08-08 00:00:00+10:00,1,1,2,True,2026-08-08,00:00:00,Low
24,2026-08-08 00:00:00+10:00,2,0,2,True,2026-08-08,00:00:00,Low
25,2026-08-08 00:00:00+10:00,24,7,31,True,2026-08-08,00:00:00,Low
35,2026-08-08 00:00:00+10:00,0,4,4,True,2026-08-08,00:00:00,Low
46,2026-08-08 00:00:00+10:00,1,3,4,True,2026-08-08,00:00:00,Low
49,2026-08-08 00:00:00+10:00,7,11,18,True,2026-08-08,00:00:00,Low
51,2026-08-08 00:00:00+10:00,1,2,3,True,2026-08-08,00:00:00,Low
53,2026-08-08 00:00:00+10:00,4,0,4,True,2026-08-08,00:00:00,Low
67,2026-08-08 00:00:00+10:00,1,0,1,True,2026-08-08,00:00:00,Low
79,2026-08-08 00:00:00+10:00,1,2,3,True,2026-08-08,00:00:00,Low
141,2026-08-08 00:00:00+10:00,8,4,12,True,2026-08-08,00:00:00,Low
41,2026-08-07 23:59:00+10:00,2,8,10,True,2026-08-07,23:59:00,Low
87,2026-08-07 23:59:00+10:00,1,0,1,True,2026-08-07,23:59:00,Low
9,2026-08-07 23:59:00+10:00,0,1,1,True,2026-08-07,23:59:00,Low
20,2026-08-07 23:59:00+10:00,2,10,12,True,2026-08-07,23:59:00,Low
63,2026-08-07 23:59:00+10:00,8,4,12,True,2026-08-07,23:59:00,Low
86,2026-08-07 23:59:00+10:00,0,1,1,True,2026-08-07,23:59:00,Low
56,2026-08-07 23:59:00+10:00,0,2,2,True,2026-08-07,23:59:00,Low
3,2026-08-07 23:59:00+10:00,1,20,21,True,2026-08-07,23:59:00,Low
4,2026-08-07 23:59:00+10:00,8,7,15,True,2026-08-07,23:59:00,Low
6,2026-08-07 23:59:00+10:00,3,2,5,True,2026-08-07,23:59:00,Low
36,2026-08-07 23:59:00+10:00,0,2,2,True,2026-08-07,23:59:00,Low
61,2026-08-07 23:59:00+10:00,4,0,4,True,2026-08-07,23:59:00,Low
66,2026-08-07 23:59:00+10:00,2,0,2,True,2026-08-07,23:59:00,Low
181,2026-08-07 23:59:00+10:00,5,6,11,True,2026-08-07,23:59:00,Low
1,2026-08-07 23:59:00+10:00,2,0,2,True,2026-08-07,23:59:00,Low
19,2026-08-07 23:59:00+10:00,12,7,19,True,2026-08-07,23:59:00,Low
24,2026-08-07 23:59:00+10:00,1,20,21,True,2026-08-07,23:59:00,Low
52,2026-08-07 23:59:00+10:00,0,4,4,True,2026-08-07,23:59:00,Low
62,2026-08-07 23:59:00+10:00,8,0,8,True,2026-08-07,23:59:00,Low
67,2026-08-07 23:59:00+10:00,0,1,1,True,2026-08-07,23:59:00,Low
79,2026-08-07 23:59:00+10:00,4,0,4,True,2026-08-07,23:59:00,Low
187,2026-08-07 23:59:00+10:00,2,0,2,True,2026-08-07,23:59:00,Low
31,2026-08-07 23:59:00+10:00,0,1,1,True,2026-08-07,23:59:00,Low
71,2026-08-07 23:59:00+10:00,2,0,2,True,2026-08-07,23:59:00,Low
75,2026-08-07 23:59:00+10:00,0,2,2,True,2026-08-07,23:59:00,Low
209,2026-08-07 23:59:00+10:00,5,1,6,True,2026-08-07,23:59:00,Low
2,2026-08-07 23:59:00+10:00,3,1,4,True,2026-08-07,23:59:00,Low
35,2026-08-07 23:59:00+10:00,1,4,5,True,2026-08-07,23:59:00,Low
72,2026-08-07 23:59:00+10:00,2,0,2,True,2026-08-07,23:59:00,Low
14,2026-08-07 23:58:00+10:00,0,4,4,True,2026-08-07,23:58:00,Low
39,2026-08-07 23:58:00+10:00,3,0,3,True,2026-08-07,23:58:00,Low
61,2026-08-07 23:58:00+10:00,3,2,5,True,2026-08-07,23:58:00,Low
66,2026-08-07 23:58:00+10:00,12,0,12,True,2026-08-07,23:58:00,Low
19,2026-08-07 23:58:00+10:00,3,0,3,True,2026-08-07,23:58:00,Low
20,2026-08-07 23:58:00+10:00,0,5,5,True,2026-08-07,23:58:00,Low
67,2026-08-07 23:58:00+10:00,2,0,2,True,2026-08-07,23:58:00,Low
72,2026-08-07 23:58:00+10:00,1,0,1,True,2026-08-07,23:58:00,Low
4,2026-08-07 23:58:00+10:00,7,2,9,True,2026-08-07,23:58:00,Low
6,2026-08-07 23:58:00+10:00,5,0,5,True,2026-08-07,23:58:00,Low
209,2026-08-07 23:58:00+10:00,2,6,8,True,2026-08-07,23:58:00,Low
1,2026-08-07 23:58:00+10:00,5,0,5,True,2026-08-07,23:58:00,Low
2,2026-08-07 23:58:00+10:00,1,3,4,True,2026-08-07,23:58:00,Low
17,2026-08-07 23:58:00+10:00,3,0,3,True,2026-08-07,23:58:00,Low
56,2026-08-07 23:58:00+10:00,1,0,1,True,2026-08-07,23:58:00,Low
79,2026-08-07 23:58:00+10:00,1,1,2,True,2026-08-07,23:58:00,Low
187,2026-08-07 23:58:00+10:00,0,1,1,True,2026-08-07,23:58:00,Low
3,2026-08-07 23:58:00+10:00,3,6,9,True,2026-08-07,23:58:00,Low
29,2026-08-07 23:58:00+10:00,2,0,2,True,2026-08-07,23:58:00,Low
31,2026-08-07 23:58:00+10:00,5,6,11,True,2026-08-07,23:58:00,Low
36,2026-08-07 23:58:00+10:00,1,0,1,True,2026-08-07,23:58:00,Low
40,2026-08-07 23:58:00+10:00,2,0,2,True,2026-08-07,23:58:00,Low
41,2026-08-07 23:58:00+10:00,0,12,12,True,2026-08-07,23:58:00,Low
181,2026-08-07 23:58:00+10:00,2,11,13,True,2026-08-07,23:58:00,Low
24,2026-08-07 23:58:00+10:00,1,0,1,True,2026-08-07,23:58:00,Low
35,2026-08-07 23:58:00+10:00,5,2,7,True,2026-08-07,23:58:00,Low
52,2026-08-07 23:58:00+10:00,2,6,8,True,2026-08-07,23:58:00,Low
53,2026-08-07 23:58:00+10:00,3,2,5,True,2026-08-07,23:58:00,Low
62,2026-08-07 23:58:00+10:00,4,0,4,True,2026-08-07,23:58:00,Low
63,2026-08-07 23:58:00+10:00,1,8,9,True,2026-08-07,23:58:00,Low
68,2026-08-07 23:58:00+10:00,2,1,3,True,2026-08-07,23:58:00,Low
3,2026-08-07 23:57:00+10:00,6,8,14,True,2026-08-07,23:57:00,Low
41,2026-08-07 23:57:00+10:00,2,8,10,True,2026-08-07,23:57:00,Low
1,2026-08-07 23:57:00+10:00,6,0,6,True,2026-08-07,23:57:00,Low
2,2026-08-07 23:57:00+10:00,1,0,1,True,2026-08-07,23:57:00,Low
18,2026-08-07 23:57:00+10:00,0,1,1,True,2026-08-07,23:57:00,Low
24,2026-08-07 23:57:00+10:00,10,0,10,True,2026-08-07,23:57:00,Low
53,2026-08-07 23:57:00+10:00,8,1,9,True,2026-08-07,23:57:00,Low
67,2026-08-07 23:57:00+10:00,0,3,3,True,2026-08-07,23:57:00,Low
36,2026-08-07 23:57:00+10:00,9,3,12,True,2026-08-07,23:57:00,Low
61,2026-08-07 23:57:00+10:00,2,0,2,True,2026-08-07,23:57:00,Low
66,2026-08-07 23:57:00+10:00,2,0,2,True,2026-08-07,23:57:00,Low
71,2026-08-07 23:57:00+10:00,2,0,2,True,2026-08-07,23:57:00,Low
181,2026-08-07 23:57:00+10:00,4,9,13,True,2026-08-07,23:57:00,Low
17,2026-08-07 23:57:00+10:00,1,1,2,True,2026-08-07,23:57:00,Low
20,2026-08-07 23:57:00+10:00,0,7,7,True,2026-08-07,23:57:00,Low
35,2026-08-07 23:57:00+10:00,2,1,3,True,2026-08-07,23:57:00,Low
63,2026-08-07 23:57:00+10:00,8,1,9,True,2026-08-07,23:57:00,Low
79,2026-08-07 23:57:00+10:00,1,2,3,True,2026-08-07,23:57:00,Low
4,2026-08-07 23:57:00+10:00,3,5,8,True,2026-08-07,23:57:00,Low
209,2026-08-07 23:57:00+10:00,0,5,5,True,2026-08-07,23:57:00,Low
19,2026-08-07 23:57:00+10:00,2,9,11,True,2026-08-07,23:57:00,Low
52,2026-08-07 23:57:00+10:00,1,0,1,True,2026-08-07,23:57:00,Low
56,2026-08-07 23:57:00+10:00,0,4,4,True,2026-08-07,23:57:00,Low
62,2026-08-07 23:57:00+10:00,4,0,4,True,2026-08-07,23:57:00,Low
68,2026-08-07 23:57:00+10:00,0,3,3,True,2026-08-07,23:57:00,Low
4,2026-08-07 23:56:00+10:00,6,7,13,True,2026-08-07,23:56:00,Low
71,2026-08-07 23:56:00+10:00,1,1,2,True,2026-08-07,23:56:00,Low
2,2026-08-07 23:56:00+10:00,0,2,2,True,2026-08-07,23:56:00,Low
19,2026-08-07 23:56:00+10:00,2,2,4,True,2026-08-07,23:56:00,Low
20,2026-08-07 23:56:00+10:00,1,3,4,True,2026-08-07,23:56:00,Low
56,2026-08-07 23:56:00+10:00,0,5,5,True,2026-08-07,23:56:00,Low
63,2026-08-07 23:56:00+10:00,8,2,10,True,2026-08-07,23:56:00,Low
67,2026-08-07 23:56:00+10:00,0,1,1,True,2026-08-07,23:56:00,Low
68,2026-08-07 23:56:00+10:00,0,1,1,True,2026-08-07,23:56:00,Low
79,2026-08-07 23:56:00+10:00,5,3,8,True,2026-08-07,23:56:00,Low
62,2026-08-07 23:56:00+10:00,2,1,3,True,2026-08-07,23:56:00,Low
31,2026-08-07 23:56:00+10:00,1,0,1,True,2026-08-07,23:56:00,Low
41,2026-08-07 23:56:00+10:00,3,8,11,True,2026-08-07,23:56:00,Low
61,2026-08-07 23:56:00+10:00,2,3,5,True,2026-08-07,23:56:00,Low
66,2026-08-07 23:56:00+10:00,7,4,11,True,2026-08-07,23:56:00,Low
69,2026-08-07 23:56:00+10:00,0,1,1,True,2026-08-07,23:56:00,Low
75,2026-08-07 23:56:00+10:00,0,2,2,True,2026-08-07,23:56:00,Low
181,2026-08-07 23:56:00+10:00,8,1,9,True,2026-08-07,23:56:00,Low
11,2026-08-07 23:56:00+10:00,1,0,1,True,2026-08-07,23:56:00,Low
24,2026-08-07 23:56:00+10:00,1,6,7,True,2026-08-07,23:56:00,Low
52,2026-08-07 23:56:00+10:00,2,2,4,True,2026-08-07,23:56:00,Low
187,2026-08-07 23:56:00+10:00,1,0,1,True,2026-08-07,23:56:00,Low
3,2026-08-07 23:56:00+10:00,7,11,18,True,2026-08-07,23:56:00,Low
14,2026-08-07 23:56:00+10:00,1,0,1,True,2026-08-07,23:56:00,Low
50,2026-08-07 23:56:00+10:00,0,1,1,True,2026-08-07,23:56:00,Low
209,2026-08-07 23:56:00+10:00,7,0,7,True,2026-08-07,23:56:00,Low
1,2026-08-07 23:56:00+10:00,0,11,11,True,2026-08-07,23:56:00,Low
35,2026-08-07 23:56:00+10:00,2,7,9,True,2026-08-07,23:56:00,Low
51,2026-08-07 23:56:00+10:00,2,0,2,True,2026-08-07,23:56:00,Low
53,2026-08-07 23:56:00+10:00,1,0,1,True,2026-08-07,23:56:00,Low
5,2026-08-07 23:55:00+10:00,13,15,28,True,2026-08-07,23:55:00,Low
6,2026-08-07 23:55:00+10:00,7,0,7,True,2026-08-07,23:55:00,Low
21,2026-08-07 23:55:00+10:00,8,6,14,True,2026-08-07,23:55:00,Low
37,2026-08-07 23:55:00+10:00,12,4,16,True,2026-08-07,23:55:00,Low
41,2026-08-07 23:55:00+10:00,4,7,11,True,2026-08-07,23:55:00,Low
43,2026-08-07 23:55:00+10:00,1,0,1,True,2026-08-07,23:55:00,Low
47,2026-08-07 23:55:00+10:00,12,12,24,True,2026-08-07,23:55:00,Low
54,2026-08-07 23:55:00+10:00,1,6,7,True,2026-08-07,23:55:00,Low
75,2026-08-07 23:55:00+10:00,0,1,1,True,2026-08-07,23:55:00,Low
107,2026-08-07 23:55:00+10:00,9,2,11,True,2026-08-07,23:55:00,Low
131,2026-08-07 23:55:00+10:00,9,11,20,True,2026-08-07,23:55:00,Low
143,2026-08-07 23:55:00+10:00,3,3,6,True,2026-08-07,23:55:00,Low
167,2026-08-07 23:55:00+10:00,0,3,3,True,2026-08-07,23:55:00,Low
11,2026-08-07 23:55:00+10:00,0,2,2,True,2026-08-07,23:55:00,Low
17,2026-08-07 23:55:00+10:00,0,1,1,True,2026-08-07,23:55:00,Low
24,2026-08-07 23:55:00+10:00,4,2,6,True,2026-08-07,23:55:00,Low
27,2026-08-07 23:55:00+10:00,1,5,6,True,2026-08-07,23:55:00,Low
49,2026-08-07 23:55:00+10:00,7,6,13,True,2026-08-07,23:55:00,Low
52,2026-08-07 23:55:00+10:00,0,8,8,True,2026-08-07,23:55:00,Low
58,2026-08-07 23:55:00+10:00,5,13,18,True,2026-08-07,23:55:00,Low
62,2026-08-07 23:55:00+10:00,3,0,3,True,2026-08-07,23:55:00,Low
72,2026-08-07 23:55:00+10:00,0,2,2,True,2026-08-07,23:55:00,Low
109,2026-08-07 23:55:00+10:00,3,1,4,True,2026-08-07,23:55:00,Low
117,2026-08-07 23:55:00+10:00,2,0,2,True,2026-08-07,23:55:00,Low
141,2026-08-07 23:55:00+10:00,8,0,8,True,2026-08-07,23:55:00,Low
164,2026-08-07 23:55:00+10:00,1,5,6,True,2026-08-07,23:55:00,Low
3,2026-08-07 23:55:00+10:00,11,8,19,True,2026-08-07,23:55:00,Low
4,2026-08-07 23:55:00+10:00,11,6,17,True,2026-08-07,23:55:00,Low
31,2026-08-07 23:55:00+10:00,0,8,8,True,2026-08-07,23:55:00,Low
36,2026-08-07 23:55:00+10:00,0,6,6,True,2026-08-07,23:55:00,Low
59,2026-08-07 23:55:00+10:00,19,23,42,True,2026-08-07,23:55:00,Low
61,2026-08-07 23:55:00+10:00,6,0,6,True,2026-08-07,23:55:00,Low
66,2026-08-07 23:55:00+10:00,3,8,11,True,2026-08-07,23:55:00,Low
77,2026-08-07 23:55:00+10:00,4,3,7,True,2026-08-07,23:55:00,Low
84,2026-08-07 23:55:00+10:00,16,20,36,True,2026-08-07,23:55:00,Low
132,2026-08-07 23:55:00+10:00,4,3,7,True,2026-08-07,23:55:00,Low
133,2026-08-07 23:55:00+10:00,7,2,9,True,2026-08-07,23:55:00,Low
135,2026-08-07 23:55:00+10:00,2,6,8,True,2026-08-07,23:55:00,Low
179,2026-08-07 23:55:00+10:00,4,2,6,True,2026-08-07,23:55:00,Low
182,2026-08-07 23:55:00+10:00,7,11,18,True,2026-08-07,23:55:00,Low
18,2026-08-07 23:55:00+10:00,1,0,1,True,2026-08-07,23:55:00,Low
19,2026-08-07 23:55:00+10:00,1,7,8,True,2026-08-07,23:55:00,Low
20,2026-08-07 23:55:00+10:00,7,4,11,True,2026-08-07,23:55:00,Low
23,2026-08-07 23:55:00+10:00,0,4,4,True,2026-08-07,23:55:00,Low
25,2026-08-07 23:55:00+10:00,10,2,12,True,2026-08-07,23:55:00,Low
30,2026-08-07 23:55:00+10:00,33,19,52,True,2026-08-07,23:55:00,Medium
35,2026-08-07 23:55:00+10:00,1,3,4,True,2026-08-07,23:55:00,Low
63,2026-08-07 23:55:00+10:00,2,7,9,True,2026-08-07,23:55:00,Low
76,2026-08-07 23:55:00+10:00,0,1,1,True,2026-08-07,23:55:00,Low
142,2026-08-07 23:55:00+10:00,2,3,5,True,2026-08-07,23:55:00,Low
187,2026-08-07 23:55:00+10:00,2,1,3,True,2026-08-07,23:55:00,Low
56,2026-08-07 23:55:00+10:00,4,4,8,True,2026-08-07,23:55:00,Low
68,2026-08-07 23:55:00+10:00,1,0,1,True,2026-08-07,23:55:00,Low
79,2026-08-07 23:55:00+10:00,3,6,9,True,2026-08-07,23:55:00,Low
161,2026-08-07 23:55:00+10:00,0,2,2,True,2026-08-07,23:55:00,Low
67,2026-08-07 23:55:00+10:00,0,2,2,True,2026-08-07,23:55:00,Low
14,2026-08-07 23:55:00+10:00,1,0,1,True,2026-08-07,23:55:00,Low
40,2026-08-07 23:55:00+10:00,0,1,1,True,2026-08-07,23:55:00,Low
44,2026-08-07 23:55:00+10:00,1,0,1,True,2026-08-07,23:55:00,Low
45,2026-08-07 23:55:00+10:00,32,36,68,True,2026-08-07,23:55:00,Medium
134,2026-08-07 23:55:00+10:00,9,5,14,True,2026-08-07,23:55:00,Low
162,2026-08-07 23:55:00+10:00,12,6,18,True,2026-08-07,23:55:00,Low
181,2026-08-07 23:55:00+10:00,12,0,12,True,2026-08-07,23:55:00,Low
184,2026-08-07 23:55:00+10:00,2,9,11,True,2026-08-07,23:55:00,Low
185,2026-08-07 23:55:00+10:00,23,38,61,True,2026-08-07,23:55:00,Medium
209,2026-08-07 23:55:00+10:00,0,1,1,True,2026-08-07,23:55:00,Low
2,2026-08-07 23:55:00+10:00,6,1,7,True,2026-08-07,23:55:00,Low
48,2026-08-07 23:55:00+10:00,1,4,5,True,2026-08-07,23:55:00,Low
51,2026-08-07 23:55:00+10:00,2,0,2,True,2026-08-07,23:55:00,Low
53,2026-08-07 23:55:00+10:00,5,4,9,True,2026-08-07,23:55:00,Low
130,2026-08-07 23:55:00+10:00,1,2,3,True,2026-08-07,23:55:00,Low
139,2026-08-07 23:55:00+10:00,2,2,4,True,2026-08-07,23:55:00,Low
